#ID	peptide_length	Fickett_score	pI	ORF_integrity	coding_probability	label
ENST00000378891.9	671	0.37737	7.00872802734	1	1	coding
ENST00000378888.10	696	0.35707	7.69464111328	1	1	coding
ENST00000632445.1	161	0.3927	5.74517822266	1	0.969849	coding
ENST00000634054.1	214	0.40355	9.97918701172	-1	0.263803	noncoding
ENST00000472445.1	198	0.40887	6.70196533203	-1	0.175705	noncoding
ENST00000378733.9	174	0.35535	7.70697021484	1	0.906854	coding
ENST00000624426.1	113	0.36889	9.87884521484	1	0.315396	noncoding
ENST00000378531.8	498	0.41038	6.64483642578	1	1	coding
ENST00000606372.5	464	0.36117	7.32135009766	1	1	coding
ENST00000378529.7	351	0.369	6.05596923828	1	0.999999	coding
ENST00000469374.5	136	0.35025	8.79046630859	1	0.5	coding
ENST00000449373.2	178	0.3023	10.0621948242	1	0.537327	coding
ENST00000378525.2	201	0.34113	8.86480712891	1	0.9332	coding
ENST00000607031.1	117	0.30615	11.1653442383	1	0.137254	noncoding
ENST00000475812.1	106	0.36068	5.63775634766	1	0.40143	noncoding
ENST00000494279.2	70	0.30601	9.35882568359	1	0.0378462	noncoding
ENST00000493183.5	93	0.391	10.6436157227	1	0.209628	noncoding
ENST00000419916.8	229	0.38514	6.22564697266	1	0.999192	coding
ENST00000378427.6	184	0.37894	8.79632568359	1	0.951256	coding
ENST00000481683.5	57	0.36846	8.82843017578	1	0.0310385	noncoding
ENST00000484099.5	89	0.34609	11.3165893555	1	0.0973976	noncoding
ENST00000476686.1	84	0.3008	7.63592529297	1	0.0591292	noncoding
ENST00000471840.5	60	0.41001	9.48602294922	1	0.0623425	noncoding
ENST00000378412.8	780	0.44214	5.63739013672	1	1	coding
ENST00000502556.5	623	0.41568	5.90191650391	1	1	coding
ENST00000504800.5	612	0.44041	5.94610595703	1	1	coding
ENST00000491941.5	86	0.2987	5.75665283203	1	0.113892	noncoding
ENST00000464195.1	86	0.29637	5.75665283203	1	0.114398	noncoding
ENST00000469962.1	81	0.41392	4.53009033203	-1	0.0355722	noncoding
ENST00000509374.1	135	0.45082	4.92767333984	-1	0.111054	noncoding
ENST00000608083.5	339	0.46065	6.80426025391	1	1	coding
ENST00000361521.9	371	0.47753	6.83697509766	1	1	coding
ENST00000377842.7	330	0.45086	7.66522216797	1	0.999999	coding
ENST00000377855.6	381	0.45317	8.85467529297	1	1	coding
ENST00000377022.8	1760	0.45895	6.59478759766	1	1	coding
ENST00000478524.1	2	0.37852	5.27496337891	1	8.26345e-06	noncoding
ENST00000344008.5	1167	0.45893	8.43536376953	1	1	coding
ENST00000490176.1	40	0.40771	10.9161987305	1	0.0305193	noncoding
ENST00000496432.6	1031	0.4482	8.47625732422	1	1	coding
ENST00000472814.1	24	0.28593	9.38775634766	-1	0.181567	noncoding
ENST00000376692.9	212	0.44512	6.04840087891	1	0.999468	coding
ENST00000235310.7	212	0.46208	6.04840087891	1	0.999543	coding
ENST00000456915.2	277	0.43524	5.56744384766	1	0.999994	coding
ENST00000376667.7	212	0.44021	6.04840087891	1	0.999431	coding
ENST00000697274.1	176	0.41794	5.79376220703	-1	0.143671	noncoding
ENST00000375679.9	688	0.45608	8.20391845703	1	1	coding
ENST00000375667.7	518	0.47157	8.36151123047	1	1	coding
ENST00000684624.1	471	0.44784	8.12261962891	1	1	coding
ENST00000431772.1	108	0.44755	5.49688720703	1	0.725556	coding
ENST00000684650.1	30	0.41206	6.01104736328	1	0.00954823	noncoding
ENST00000375225.7	259	0.36558	9.02752685547	1	0.997661	coding
ENST00000375254.8	5184	0.46925	5.70184326172	1	1	coding
ENST00000375224.1	895	0.47183	5.22821044922	1	1	coding
ENST00000486515.1	53	0.43264	3.91998291016	1	0.148546	noncoding
ENST00000494503.1	161	0.47321	9.88079833984	-1	0.252522	noncoding
ENST00000425413.5	954	0.45902	5.17718505859	-1	0.999997	coding
ENST00000437367.5	99	0.34872	10.0459594727	1	0.155205	noncoding
ENST00000454117.2	111	0.31442	4.92376708984	1	0.450983	noncoding
ENST00000689840.1	107	0.36922	9.90557861328	1	0.26247	noncoding
ENST00000690463.2	45	0.35478	5.70880126953	1	0.016699	noncoding
ENST00000671509.2	111	0.33671	4.92376708984	1	0.5	coding
ENST00000703050.1	70	0.39188	4.44061279297	1	0.189539	noncoding
ENST00000518600.3	45	0.42524	5.70880126953	1	0.030244	noncoding
ENST00000335648.3	127	0.29328	9.34930419922	1	0.192282	noncoding
ENST00000427796.6	27	0.35218	8.49798583984	1	0.0063875	noncoding
ENST00000686609.2	27	0.38965	8.49798583984	1	0.00750671	noncoding
ENST00000664563.3	27	0.3292	8.49798583984	1	0.00625691	noncoding
ENST00000703077.1	28	0.32751	6.49066162109	1	0.00527099	noncoding
ENST00000652963.1	28	0.42129	6.49066162109	1	0.00815383	noncoding
ENST00000447961.1	11	0.33098	5.27252197266	1	0.00269655	noncoding
ENST00000687867.1	16	0.42493	3.79937744141	1	0.0139352	noncoding
ENST00000689374.1	16	0.37337	3.79937744141	1	0.00832175	noncoding
ENST00000373921.8	644	0.47064	5.76605224609	1	1	coding
ENST00000373925.5	261	0.45937	5.69464111328	1	0.999986	coding
ENST00000373927.7	124	0.39398	5.32733154297	1	0.81271	coding
ENST00000427466.1	133	0.41644	5.54681396484	-1	0.077541	noncoding
ENST00000442118.5	246	0.4279	8.21234130859	-1	0.320988	noncoding
ENST00000492877.1	164	0.31693	9.41033935547	1	0.566212	coding
ENST00000373857.8	343	0.34185	9.19549560547	1	0.99979	coding
ENST00000539896.1	343	0.34237	9.19549560547	1	0.999796	coding
ENST00000305392.3	343	0.41512	9.19549560547	1	0.999996	coding
ENST00000471683.6	195	0.43888	5.81634521484	1	0.998486	coding
ENST00000373824.9	162	0.39649	7.77838134766	1	0.932445	coding
ENST00000689843.1	162	0.38481	7.77838134766	1	0.912867	coding
ENST00000691050.1	80	0.41707	9.56341552734	1	0.174318	noncoding
ENST00000685312.1	200	0.42495	9.16510009766	1	0.993671	coding
ENST00000263974.4	162	0.35537	7.77838134766	1	0.837342	coding
ENST00000372070.7	326	0.4408	6.32281494141	1	1	coding
ENST00000621846.4	326	0.47361	6.32281494141	1	1	coding
ENST00000434299.5	147	0.44548	5.84283447266	-1	0.10832	noncoding
ENST00000351829.9	326	0.46038	6.32281494141	1	1	coding
ENST00000481885.5	140	0.43334	5.93231201172	-1	0.0907503	noncoding
ENST00000471651.1	120	0.38125	5.70574951172	1	0.679798	coding
ENST00000497973.5	144	0.44233	10.3932495117	1	0.909922	coding
ENST00000473038.5	132	0.39818	10.3970336914	1	0.644585	coding
ENST00000606395.1	79	0.4527	4.74920654297	1	0.367551	noncoding
ENST00000607656.5	75	0.4361	4.77874755859	-1	0.0364086	noncoding
ENST00000429784.2	72	0.41775	5.42645263672	1	0.163801	noncoding
ENST00000635606.3	17	0.45476	5.95831298828	1	0.00509477	noncoding
ENST00000692135.1	72	0.44965	5.42645263672	1	0.196699	noncoding
ENST00000455247.2	17	0.43232	5.95831298828	1	0.00476884	noncoding
ENST00000306052.12	964	0.36683	4.88043212891	1	1	coding
ENST00000661457.1	415	0.3828	5.71221923828	1	1	coding
ENST00000657047.1	144	0.44138	6.32037353516	1	0.945597	coding
ENST00000529670.6	87	0.46023	5.56231689453	1	0.388724	noncoding
ENST00000668071.1	499	0.40186	6.43878173828	1	1	coding
ENST00000653217.1	558	0.39814	6.26190185547	1	1	coding
ENST00000465675.6	558	0.4065	6.26190185547	1	1	coding
ENST00000658404.1	458	0.39071	5.79132080078	1	1	coding
ENST00000354412.7	701	0.39744	4.84356689453	1	1	coding
ENST00000659993.1	889	0.34994	4.94598388672	1	1	coding
ENST00000460214.6	85	0.46027	9.68817138672	-1	0.107507	noncoding
ENST00000678696.1	332	0.42026	8.89837646484	1	0.999995	coding
ENST00000371222.4	332	0.41749	8.89837646484	1	0.999995	coding
ENST00000634495.2	305	0.35879	8.13128662109	1	0.999832	coding
ENST00000454575.6	2130	0.49491	6.36932373047	1	1	coding
ENST00000340370.10	2110	0.50731	6.34124755859	1	1	coding
ENST00000637255.1	1188	0.48146	6.34661865234	1	1	coding
ENST00000635123.1	2099	0.48315	6.36883544922	1	1	coding
ENST00000634652.1	217	0.4666	7.97259521484	-1	0.292741	noncoding
ENST00000404627.3	633	0.49239	5.84027099609	1	1	coding
ENST00000464312.1	166	0.39983	10.2223510742	-1	0.209425	noncoding
ENST00000636635.1	23	0.40182	9.30023193359	1	0.00857986	noncoding
ENST00000371059.7	959	0.43855	8.03570556641	1	1	coding
ENST00000371060.7	897	0.32143	7.44525146484	1	1	coding
ENST00000349533.11	1166	0.36749	6.08526611328	1	1	coding
ENST00000616738.4	897	0.35505	7.44525146484	1	1	coding
ENST00000471762.1	107	0.35044	9.60931396484	1	0.208691	noncoding
ENST00000557284.7	950	0.48018	6.49334716797	1	1	coding
ENST00000370899.7	844	0.50547	6.71160888672	1	1	coding
ENST00000370895.5	698	0.36573	6.80523681641	1	1	coding
ENST00000534632.5	162	0.49812	8.94183349609	-1	0.209416	noncoding
ENST00000533006.1	162	0.48279	7.77105712891	1	0.984655	coding
ENST00000370893.1	152	0.36699	6.75396728516	1	0.858674	coding
ENST00000459831.2	282	0.43903	5.83575439453	1	0.999995	coding
ENST00000370473.5	593	0.48332	5.97003173828	1	1	coding
ENST00000495131.2	469	0.38416	5.94683837891	1	1	coding
ENST00000484970.1	89	0.43718	9.12908935547	1	0.312911	noncoding
ENST00000468959.1	61	0.42339	5.41131591797	-1	0.0251547	noncoding
ENST00000681280.1	297	0.46162	7.00482177734	1	0.999997	coding
ENST00000493139.1	64	0.47365	4.57879638672	1	0.169134	noncoding
ENST00000469194.1	98	0.38398	6.82720947266	1	0.267497	noncoding
ENST00000393300.6	346	0.44413	5.85650634766	1	1	coding
ENST00000369551.5	387	0.4104	6.63128662109	1	1	coding
ENST00000320334.5	407	0.44665	6.16827392578	1	1	coding
ENST00000430394.3	80	0.41214	7.67962646484	1	0.142091	noncoding
ENST00000412169.1	68	0.42098	10.203918457	1	0.117181	noncoding
ENST00000271651.8	330	0.45154	8.71795654297	1	0.999999	coding
ENST00000676824.1	330	0.44016	8.71795654297	1	0.999998	coding
ENST00000678725.1	291	0.38465	8.83697509766	1	0.99981	coding
ENST00000480670.2	256	0.38572	8.65826416016	1	0.999048	coding
ENST00000677330.1	256	0.3693	8.65826416016	1	0.998193	coding
ENST00000462520.5	178	0.47492	6.11883544922	-1	0.188264	noncoding
ENST00000368918.8	449	0.31712	5.14801025391	1	1	coding
ENST00000489549.5	252	0.46393	5.21380615234	-1	0.525324	coding
ENST00000486076.5	223	0.46543	6.49713134766	-1	0.313543	noncoding
ENST00000368916.1	411	0.44056	5.09857177734	1	1	coding
ENST00000467551.1	114	0.46995	4.20758056641	1	0.898409	coding
ENST00000440685.7	99	0.46157	5.90240478516	1	0.555514	coding
ENST00000476133.6	99	0.44039	5.90240478516	1	0.53129	coding
ENST00000339556.8	99	0.45422	5.90240478516	1	0.551355	coding
ENST00000392622.3	99	0.48055	5.90240478516	1	0.540524	coding
ENST00000392623.5	99	0.4502	5.90240478516	1	0.547073	coding
ENST00000491177.1	113	0.3829	6.56927490234	1	0.485297	noncoding
ENST00000368373.8	537	0.39005	7.28656005859	1	1	coding
ENST00000327247.9	537	0.41849	7.28656005859	1	1	coding
ENST00000427500.7	488	0.34825	7.28814697266	1	1	coding
ENST00000428024.3	450	0.4456	6.64984130859	1	1	coding
ENST00000478472.1	91	0.37068	6.38043212891	1	0.18745	noncoding
ENST00000493842.5	227	0.40097	8.20318603516	-1	0.242104	noncoding
ENST00000473570.5	180	0.37339	6.56756591797	-1	0.137001	noncoding
ENST00000458222.5	150	0.44813	9.35003662109	-1	0.178086	noncoding
ENST00000368140.6	493	0.43937	9.82098388672	1	1	coding
ENST00000368138.7	484	0.44639	9.83184814453	1	1	coding
ENST00000392252.7	453	0.44219	9.83721923828	1	1	coding
ENST00000392254.6	462	0.44219	9.82659912109	1	1	coding
ENST00000368135.4	246	0.42068	9.32623291016	1	0.999349	coding
ENST00000485134.1	256	0.41255	9.85919189453	1	0.999288	coding
ENST00000368072.10	300	0.34563	4.25592041016	1	0.999995	coding
ENST00000472750.5	210	0.32253	4.32928466797	1	0.997537	coding
ENST00000532643.5	187	0.48827	5.04254150391	1	0.998263	coding
ENST00000524939.1	149	0.47116	4.44561767578	1	0.987851	coding
ENST00000472996.1	29	0.36153	9.05633544922	1	0.00856172	noncoding
ENST00000368006.8	319	0.40783	9.07269287109	1	0.999981	coding
ENST00000458050.6	319	0.41155	9.07269287109	1	0.999984	coding
ENST00000545495.5	319	0.41087	9.07269287109	1	0.999983	coding
ENST00000490843.6	319	0.42676	9.07269287109	1	0.999992	coding
ENST00000486041.5	236	0.42176	9.34210205078	1	0.998923	coding
ENST00000368005.5	349	0.43262	8.93438720703	1	0.999999	coding
ENST00000464113.1	287	0.43527	9.29620361328	-1	0.469194	noncoding
ENST00000473679.6	237	0.42084	9.37493896484	-1	0.315387	noncoding
ENST00000463227.5	257	0.41033	9.34381103516	-1	0.334394	noncoding
ENST00000496632.1	91	0.39596	10.1215209961	-1	0.138763	noncoding
ENST00000533357.5	259	0.43484	9.63873291016	1	0.999771	coding
ENST00000491222.5	53	0.44024	10.3389282227	1	0.0802644	noncoding
ENST00000526189.3	232	0.46268	9.79168701172	1	0.999595	coding
ENST00000476410.1	43	0.39462	9.39605712891	1	0.0226361	noncoding
ENST00000488271.1	53	0.47336	10.3389282227	1	0.145087	noncoding
ENST00000367972.8	317	0.47472	6.19146728516	1	1	coding
ENST00000699277.1	277	0.33955	5.63873291016	1	0.999864	coding
ENST00000699278.1	232	0.3422	6.64471435547	1	0.996175	coding
ENST00000271450.12	318	0.36189	6.19146728516	1	0.99999	coding
ENST00000699279.1	179	0.36606	8.99261474609	1	0.911686	coding
ENST00000467525.5	87	0.33078	9.62628173828	1	0.0833218	noncoding
ENST00000461298.1	53	0.39071	4.51092529297	1	0.066902	noncoding
ENST00000486608.1	53	0.35908	4.51092529297	1	0.0477987	noncoding
ENST00000491841.1	89	0.39363	9.46441650391	1	0.185384	noncoding
ENST00000367723.8	1406	0.4655	5.29315185547	1	1	coding
ENST00000616058.4	692	0.37305	5.07843017578	1	1	coding
ENST00000263688.4	1255	0.49541	4.93170166016	1	1	coding
ENST00000486569.1	45	0.44014	8.84197998047	1	0.0353444	noncoding
ENST00000609685.1	48	0.40297	5.01263427734	-1	0.0191093	noncoding
ENST00000294868.8	303	0.35168	5.60015869141	1	0.999982	coding
ENST00000287713.7	308	0.35881	6.58953857422	1	0.999969	coding
ENST00000464047.1	91	0.45975	6.37933349609	1	0.387562	noncoding
ENST00000304685.8	804	0.44278	5.60272216797	1	1	coding
ENST00000360851.4	769	0.44278	5.78350830078	1	1	coding
ENST00000695979.1	443	0.47881	7.06390380859	1	1	coding
ENST00000695984.1	568	0.45169	8.11199951172	1	1	coding
ENST00000367429.9	1232	0.48829	6.23065185547	1	1	coding
ENST00000630130.2	450	0.47548	6.80279541016	1	1	coding
ENST00000452560.5	37	0.37513	5.98480224609	1	0.0110749	noncoding
ENST00000413408.5	47	0.48554	5.30267333984	1	0.0369275	noncoding
ENST00000331314.11	620	0.50609	7.18048095703	1	1	coding
ENST00000429498.5	99	0.43845	9.99176025391	1	0.471893	noncoding
ENST00000433235.1	224	0.45961	9.09686279297	-1	0.346754	noncoding
ENST00000453944.1	75	0.32779	7.79644775391	-1	0.0977677	noncoding
ENST00000436897.1	160	0.45694	5.18304443359	-1	0.161527	noncoding
ENST00000359470.6	602	0.34773	8.78411865234	1	1	coding
ENST00000461135.2	356	0.40494	10.1028442383	1	0.999991	coding
ENST00000541565.5	357	0.30544	6.25299072266	1	0.99998	coding
ENST00000413764.6	494	0.36192	6.90411376953	1	1	coding
ENST00000261458.8	494	0.35868	6.90411376953	1	1	coding
ENST00000537898.5	429	0.32778	6.45611572266	1	1	coding
ENST00000545154.5	495	0.35648	8.28912353516	1	1	coding
ENST00000367010.5	494	0.35496	6.90411376953	1	1	coding
ENST00000367009.2	184	0.34599	8.88177490234	1	0.883947	coding
ENST00000361525.7	436	0.36773	6.64324951172	1	1	coding
ENST00000408911.8	459	0.37641	6.04290771484	1	1	coding
ENST00000366940.6	436	0.3503	6.64324951172	1	1	coding
ENST00000366937.5	471	0.33514	6.64373779297	1	1	coding
ENST00000361395.6	436	0.34723	6.64324951172	1	1	coding
ENST00000359162.6	436	0.34382	6.64324951172	1	1	coding
ENST00000493603.5	436	0.33514	6.64324951172	1	1	coding
ENST00000586199.5	48	0.35023	8.65447998047	1	0.0173967	noncoding
ENST00000477799.5	17	0.40384	11.1659545898	1	0.0111121	noncoding
ENST00000488947.5	65	0.44396	5.04254150391	1	0.155932	noncoding
ENST00000459825.1	22	0.41586	9.70025634766	1	0.0105285	noncoding
ENST00000680850.1	8926	0.42076	5.69769287109	1	1	coding
ENST00000284548.16	6621	0.42076	5.52667236328	1	1	coding
ENST00000662438.1	8484	0.42076	5.68035888672	1	1	coding
ENST00000668943.1	128	0.43279	7.54388427734	-1	0.0846919	noncoding
ENST00000483539.3	601	0.37876	5.70904541016	1	1	coding
ENST00000494839.2	64	0.4491	8.69134521484	1	0.106569	noncoding
ENST00000668629.1	89	0.41163	5.06939697266	-1	0.0386873	noncoding
ENST00000602685.1	115	0.3217	8.31146240234	1	0.205465	noncoding
ENST00000602832.1	112	0.43043	5.04510498047	-1	0.063378	noncoding
ENST00000664957.1	1077	0.47306	5.28460693359	1	1	coding
ENST00000664561.1	419	0.42357	4.91094970703	1	1	coding
ENST00000474237.2	283	0.38594	4.47137451172	1	0.999995	coding
ENST00000664353.1	499	0.44308	4.82916259766	1	1	coding
ENST00000669688.1	70	0.39744	8.93780517578	1	0.0791524	noncoding
ENST00000665495.1	336	0.40654	9.10540771484	1	0.999991	coding
ENST00000660585.1	118	0.43161	10.1499633789	-1	0.165119	noncoding
ENST00000664862.1	520	0.40355	8.82086181641	1	1	coding
ENST00000391860.7	525	0.31714	9.02825927734	1	0.999999	coding
ENST00000525115.1	456	0.41872	9.39801025391	1	1	coding
ENST00000649127.1	139	0.30069	9.75396728516	1	0.26791	noncoding
ENST00000400946.3	139	0.41521	9.75396728516	1	0.810558	coding
ENST00000648241.1	139	0.40167	9.75396728516	1	0.756488	coding
ENST00000649681.1	139	0.31307	9.75396728516	1	0.31354	noncoding
ENST00000315273.4	962	0.42262	6.06243896484	1	1	coding
ENST00000281419.8	1007	0.43847	6.23809814453	1	1	coding
ENST00000484590.1	132	0.29268	8.55120849609	1	0.244479	noncoding
ENST00000264709.7	913	0.32218	6.19073486328	1	1	coding
ENST00000321117.10	913	0.34344	6.19073486328	1	1	coding
ENST00000380746.8	724	0.41554	6.41339111328	1	1	coding
ENST00000380756.7	782	0.3932	5.61053466797	1	1	coding
ENST00000683393.1	508	0.39451	6.82525634766	1	1	coding
ENST00000683760.1	761	0.41218	7.16290283203	1	1	coding
ENST00000402667.1	690	0.45114	6.09783935547	1	1	coding
ENST00000474887.6	223	0.41533	8.39593505859	1	0.998224	coding
ENST00000466601.5	140	0.41405	8.78753662109	-1	0.129298	noncoding
ENST00000474807.5	201	0.4206	7.54376220703	-1	0.194291	noncoding
ENST00000484184.1	64	0.39959	6.70989990234	-1	0.0320572	noncoding
ENST00000406659.3	167	0.34063	4.76190185547	1	0.969127	coding
ENST00000260598.10	299	0.41801	5.91070556641	1	0.999997	coding
ENST00000260599.11	299	0.41526	5.63775634766	1	0.999998	coding
ENST00000490823.5	240	0.43489	5.76959228516	1	0.99992	coding
ENST00000429697.2	344	0.43585	5.75823974609	1	1	coding
ENST00000469936.5	57	0.40328	10.8065795898	1	0.0599712	noncoding
ENST00000464371.1	151	0.45828	6.29486083984	1	0.970454	coding
ENST00000455230.5	138	0.4724	7.75604248047	1	0.928109	coding
ENST00000002125.9	442	0.47275	8.46575927734	1	1	coding
ENST00000474154.5	215	0.38274	8.75531005859	1	0.990946	coding
ENST00000336237.10	344	0.43564	8.78692626953	1	0.999999	coding
ENST00000474257.5	100	0.3771	10.5409545898	1	0.223354	noncoding
ENST00000441905.1	59	0.34982	11.4931030273	1	0.0388231	noncoding
ENST00000407351.5	1149	0.47287	5.47808837891	1	1	coding
ENST00000405975.7	1954	0.47381	5.71124267578	1	1	coding
ENST00000405006.8	1954	0.46877	5.71124267578	1	1	coding
ENST00000467668.1	69	0.43274	9.20465087891	1	0.123307	noncoding
ENST00000485018.1	81	0.41367	6.38885498047	1	0.181734	noncoding
ENST00000486735.5	28	0.42079	7.82269287109	1	0.00850846	noncoding
ENST00000473004.5	55	0.4201	9.03472900391	1	0.0498115	noncoding
ENST00000402796.5	507	0.38676	6.91864013672	-1	0.897734	coding
ENST00000485353.5	157	0.41562	6.09869384766	-1	0.107094	noncoding
ENST00000486447.1	81	0.29857	9.44464111328	1	0.0527255	noncoding
ENST00000238892.4	118	0.26785	9.09686279297	1	0.129302	noncoding
ENST00000698499.1	70	0.33207	9.12921142578	1	0.0426701	noncoding
ENST00000698500.1	578	0.40819	5.65765380859	1	1	coding
ENST00000409245.5	825	0.43084	6.17205810547	1	1	coding
ENST00000319190.11	859	0.45997	6.02752685547	1	1	coding
ENST00000461601.5	507	0.4712	7.02239990234	-1	0.978115	coding
ENST00000409825.5	740	0.44689	6.36102294922	1	1	coding
ENST00000491786.5	599	0.46661	5.78045654297	1	1	coding
ENST00000484061.5	308	0.44125	5.81378173828	1	0.999999	coding
ENST00000440051.1	70	0.44226	8.83648681641	1	0.136954	noncoding
ENST00000651101.1	179	0.34969	6.06134033203	1	0.964644	coding
ENST00000652568.1	308	0.46322	5.81378173828	1	0.999999	coding
ENST00000651415.1	407	0.45459	5.77899169922	1	1	coding
ENST00000496991.3	80	0.40239	6.71246337891	1	0.142201	noncoding
ENST00000448713.5	33	0.36749	4.31610107422	-1	0.0138267	noncoding
ENST00000441997.5	77	0.43473	10.6644897461	1	0.216358	noncoding
ENST00000419035.1	72	0.34881	10.0162963867	1	0.0593365	noncoding
ENST00000658129.1	72	0.34881	10.0162963867	1	0.0593365	noncoding
ENST00000450550.5	68	0.38044	8.90789794922	-1	0.0838395	noncoding
ENST00000413185.3	77	0.32579	8.65850830078	1	0.0509915	noncoding
ENST00000405482.5	310	0.48012	5.09002685547	-1	0.795925	coding
ENST00000431489.6	1161	0.45797	5.65460205078	1	1	coding
ENST00000263991.9	1232	0.50301	5.23931884766	1	1	coding
ENST00000405289.5	1197	0.45007	5.30902099609	1	1	coding
ENST00000469591.1	55	0.32948	10.7739868164	1	0.0316133	noncoding
ENST00000422032.1	182	0.44263	4.73455810547	-1	0.228947	noncoding
ENST00000496857.5	315	0.46669	5.70941162109	1	1	coding
ENST00000394019.7	1122	0.41251	7.77581787109	1	1	coding
ENST00000346834.8	1138	0.41251	8.10101318359	1	1	coding
ENST00000423644.5	1122	0.40747	7.77581787109	1	1	coding
ENST00000479776.1	65	0.40174	10.0326538086	1	0.077789	noncoding
ENST00000432728.1	122	0.44266	6.05938720703	-1	0.0710273	noncoding
ENST00000444570.5	144	0.46266	5.38433837891	-1	0.122906	noncoding
ENST00000290536.9	531	0.41818	6.39898681641	1	1	coding
ENST00000421985.2	531	0.42328	6.39898681641	1	1	coding
ENST00000464686.5	283	0.4179	8.48748779297	1	0.999941	coding
ENST00000409585.5	527	0.43027	6.28631591797	1	1	coding
ENST00000536235.5	527	0.42328	6.28631591797	1	1	coding
ENST00000438226.5	121	0.35281	6.25775146484	-1	0.0764936	noncoding
ENST00000422394.5	156	0.38896	8.87982177734	1	0.862461	coding
ENST00000608013.1	111	0.31464	4.75018310547	1	0.482761	noncoding
ENST00000702794.1	73	0.31573	9.91949462891	1	0.0473205	noncoding
ENST00000442128.2	180	0.27251	8.09405517578	1	0.606982	coding
ENST00000470579.5	264	0.42025	9.50421142578	-1	0.37219	noncoding
ENST00000673792.1	328	0.49151	9.22601318359	1	0.999999	coding
ENST00000412735.5	431	0.42029	9.38214111328	1	1	coding
ENST00000357485.8	595	0.45716	9.33770751953	1	1	coding
ENST00000467498.5	160	0.42641	10.0005493164	-1	0.211768	noncoding
ENST00000497920.1	543	0.43602	9.67559814453	1	1	coding
ENST00000264972.10	620	0.45635	7.78338623047	1	1	coding
ENST00000483781.5	326	0.42239	7.16180419922	1	0.999999	coding
ENST00000698508.1	620	0.45635	7.78338623047	1	1	coding
ENST00000698509.1	659	0.45046	8.66961669922	1	1	coding
ENST00000463643.5	510	0.47497	8.51202392578	1	1	coding
ENST00000498836.5	36	0.39471	12.3027954102	1	0.0182443	noncoding
ENST00000487283.5	238	0.33126	8.08465576172	1	0.987616	coding
ENST00000451498.2	313	0.43192	7.52252197266	1	0.999997	coding
ENST00000495754.1	175	0.39124	9.34259033203	1	0.939055	coding
ENST00000489250.1	84	0.44763	8.46685791016	1	0.266239	noncoding
ENST00000410049.1	191	0.47114	9.67974853516	1	0.996923	coding
ENST00000258457.7	233	0.37649	9.75604248047	1	0.991957	coding
ENST00000419296.1	135	0.32385	9.53118896484	1	0.335604	noncoding
ENST00000336905.3	135	0.29551	9.53118896484	1	0.235874	noncoding
ENST00000405953.6	113	0.44535	4.95904541016	1	0.836989	coding
ENST00000308659.12	139	0.32551	8.55267333984	1	0.421994	noncoding
ENST00000393256.8	199	0.28432	8.42608642578	1	0.757792	coding
ENST00000393252.4	293	0.3072	10.2272338867	1	0.97566	coding
ENST00000433098.6	110	0.29156	5.82025146484	1	0.28488	noncoding
ENST00000439718.1	86	0.29452	6.24749755859	1	0.0922652	noncoding
ENST00000346226.7	519	0.47397	5.03790283203	1	1	coding
ENST00000348750.8	410	0.45924	5.33575439453	1	1	coding
ENST00000351659.7	507	0.46322	5.09051513672	1	1	coding
ENST00000393040.7	483	0.47769	5.17523193359	1	1	coding
ENST00000316724.10	594	0.45962	4.97467041016	1	1	coding
ENST00000462958.5	133	0.27849	8.45318603516	1	0.226115	noncoding
ENST00000409400.1	440	0.45924	5.09893798828	1	1	coding
ENST00000484253.1	286	0.44486	4.69891357422	-1	0.68297	coding
ENST00000392929.6	84	0.30497	9.23370361328	1	0.0591928	noncoding
ENST00000668300.1	30	0.37408	7.77667236328	1	0.00684755	noncoding
ENST00000670642.1	78	0.30557	6.86956787109	1	0.0537102	noncoding
ENST00000428857.2	125	0.34787	8.25286865234	1	0.384579	noncoding
ENST00000413962.6	125	0.32551	8.25286865234	1	0.298756	noncoding
ENST00000678291.1	738	0.44333	5.26129150391	1	1	coding
ENST00000435030.6	958	0.44478	5.86016845703	1	1	coding
ENST00000677891.1	958	0.4521	5.86016845703	1	1	coding
ENST00000677843.1	934	0.44478	5.67901611328	1	1	coding
ENST00000464066.6	863	0.44753	5.78179931641	1	1	coding
ENST00000678636.1	594	0.44648	5.48687744141	1	1	coding
ENST00000677474.1	594	0.43448	5.48687744141	1	1	coding
ENST00000678720.1	510	0.44648	6.17291259766	1	1	coding
ENST00000678856.1	545	0.43467	6.31610107422	1	1	coding
ENST00000482151.1	240	0.34307	9.72467041016	1	0.97877	coding
ENST00000677862.1	162	0.32485	10.0449829102	1	0.547475	coding
ENST00000677465.1	144	0.32485	9.94683837891	1	0.396502	noncoding
ENST00000493035.5	128	0.36914	10.4752807617	1	0.444865	noncoding
ENST00000315796.5	336	0.3751	6.34918212891	1	0.999998	coding
ENST00000493742.1	83	0.316	11.5614624023	1	0.061879	noncoding
ENST00000491440.1	62	0.41278	4.70806884766	1	0.129056	noncoding
ENST00000488581.5	69	0.44115	4.04400634766	1	0.331856	noncoding
ENST00000392582.2	147	0.45823	5.90545654297	1	0.967442	coding
ENST00000468537.1	69	0.465	4.04400634766	1	0.316723	noncoding
ENST00000498378.5	171	0.36461	5.73480224609	1	0.969077	coding
ENST00000403148.6	60	0.28993	4.46258544922	-1	0.0558163	noncoding
ENST00000431523.5	299	0.41707	10.4849243164	-1	0.433362	noncoding
ENST00000452101.1	85	0.38157	12.1845092773	1	0.0910301	noncoding
ENST00000464989.5	182	0.32857	9.01629638672	1	0.802011	coding
ENST00000451076.1	31	0.39673	10.7630004883	1	0.0183177	noncoding
ENST00000497065.1	140	0.39202	11.647644043	1	0.570469	coding
ENST00000485813.5	2476	0.4346	8.04901123047	1	1	coding
ENST00000463218.5	176	0.38028	5.69720458984	1	0.984696	coding
ENST00000396688.5	114	0.31798	9.49884033203	1	0.174867	noncoding
ENST00000475921.1	114	0.31819	9.49884033203	1	0.175307	noncoding
ENST00000396689.2	114	0.29911	9.49884033203	1	0.141739	noncoding
ENST00000470375.1	51	0.33533	4.58587646484	1	0.0353162	noncoding
ENST00000452801.1	40	0.4012	9.78204345703	1	0.0230524	noncoding
ENST00000405954.2	177	0.31474	8.61370849609	1	0.728556	coding
ENST00000438823.1	89	0.44609	9.09722900391	1	0.346457	noncoding
ENST00000479788.5	64	0.37853	5.83123779297	1	0.0585429	noncoding
ENST00000649096.1	1691	0.46371	5.85992431641	1	1	coding
ENST00000460788.5	352	0.34255	8.52911376953	1	0.999936	coding
ENST00000498729.9	1792	0.46371	5.38055419922	1	1	coding
ENST00000649190.1	1374	0.45463	5.63543701172	1	1	coding
ENST00000492812.6	418	0.31891	8.54864501953	1	0.999982	coding
ENST00000320389.12	1699	0.46371	5.86041259766	1	1	coding
ENST00000647731.1	1700	0.46976	5.83453369141	1	1	coding
ENST00000650430.1	1365	0.46418	5.60931396484	1	1	coding
ENST00000431776.6	602	0.45673	7.01214599609	1	1	coding
ENST00000465813.2	75	0.4642	11.6344604492	1	0.312229	noncoding
ENST00000649381.1	899	0.44679	5.32940673828	1	1	coding
ENST00000648534.1	87	0.43479	4.91888427734	-1	0.0434748	noncoding
ENST00000402136.5	166	0.47772	6.43768310547	1	0.989062	coding
ENST00000407315.6	578	0.4695	9.38714599609	1	1	coding
ENST00000402545.5	193	0.4729	6.70367431641	1	0.997994	coding
ENST00000429456.1	69	0.29728	10.3334350586	1	0.041022	noncoding
ENST00000416204.1	36	0.3644	11.6990356445	1	0.0189543	noncoding
ENST00000426962.1	57	0.43288	10.7910766602	1	0.0905951	noncoding
ENST00000451070.1	31	0.32943	7.88043212891	1	0.00646822	noncoding
ENST00000567549.2	81	0.40626	6.22235107422	1	0.176685	noncoding
ENST00000357086.10	2711	0.48971	5.81085205078	1	1	coding
ENST00000649015.2	2759	0.49183	5.71014404297	1	1	coding
ENST00000456211.8	2696	0.50065	5.90203857422	1	1	coding
ENST00000648038.1	1991	0.50065	5.52581787109	1	1	coding
ENST00000649414.1	392	0.37843	6.12457275391	1	1	coding
ENST00000649144.1	1030	0.4651	5.57598876953	1	1	coding
ENST00000467545.6	479	0.47569	5.50738525391	1	1	coding
ENST00000648208.1	382	0.48246	5.07305908203	1	1	coding
ENST00000649430.1	219	0.47152	6.10406494141	1	0.999712	coding
ENST00000478515.2	160	0.44122	5.19683837891	-1	0.144629	noncoding
ENST00000649139.1	176	0.45711	5.78143310547	1	0.995557	coding
ENST00000383820.10	344	0.46817	10.2406616211	1	0.999999	coding
ENST00000466141.1	102	0.39746	10.2555541992	1	0.314826	noncoding
ENST00000424438.5	213	0.44034	9.80438232422	1	0.997606	coding
ENST00000418713.6	243	0.40224	10.2350463867	1	0.997437	coding
ENST00000472381.5	142	0.37097	10.4078979492	1	0.601325	coding
ENST00000433972.2	129	0.40704	10.7420043945	1	0.641303	coding
ENST00000684493.1	421	0.3548	4.81231689453	1	1	coding
ENST00000673935.2	393	0.35108	5.02667236328	1	1	coding
ENST00000673737.2	241	0.30628	5.05194091797	1	0.998562	coding
ENST00000684181.1	427	0.32756	5.48077392578	1	1	coding
ENST00000467713.6	364	0.34656	5.20123291016	1	1	coding
ENST00000452070.6	421	0.3548	4.81231689453	1	1	coding
ENST00000683603.1	375	0.35784	4.99749755859	1	1	coding
ENST00000682642.1	375	0.33376	4.99749755859	1	1	coding
ENST00000684659.1	87	0.30129	7.82769775391	1	0.0650707	noncoding
ENST00000465716.2	219	0.27599	5.97003173828	1	0.978222	coding
ENST00000491527.2	87	0.30194	7.82769775391	1	0.0652646	noncoding
ENST00000684629.1	102	0.41315	8.76849365234	1	0.371538	noncoding
ENST00000326434.9	423	0.3717	5.56024169922	1	1	coding
ENST00000682355.1	175	0.45141	5.21502685547	1	0.996623	coding
ENST00000683388.1	168	0.29143	11.7240600586	1	0.241177	noncoding
ENST00000404922.8	1232	0.42625	4.76654052734	1	1	coding
ENST00000295760.11	1185	0.43192	4.72869873047	1	1	coding
ENST00000232974.11	748	0.39435	5.51898193359	1	1	coding
ENST00000680014.1	776	0.39033	5.43145751953	1	1	coding
ENST00000685649.2	63	0.42646	5.86981201172	1	0.0874943	noncoding
ENST00000457331.2	63	0.46754	5.86981201172	1	0.101009	noncoding
ENST00000701041.1	25	0.36174	11.6990356445	1	0.0130499	noncoding
ENST00000231751.9	711	0.35047	8.50360107422	1	1	coding
ENST00000426532.6	667	0.39832	8.19989013672	1	1	coding
ENST00000443496.5	696	0.4171	8.39056396484	-1	0.984388	coding
ENST00000498301.1	55	0.37453	10.3444213867	-1	0.137885	noncoding
ENST00000670818.1	52	0.32399	9.87164306641	1	0.0240637	noncoding
ENST00000689153.2	68	0.34092	4.24652099609	1	0.113355	noncoding
ENST00000701172.1	42	0.35224	8.18975830078	1	0.0121154	noncoding
ENST00000429315.3	126	0.27327	10.762878418	1	0.133395	noncoding
ENST00000635099.1	196	0.48755	8.72991943359	-1	0.28345	noncoding
ENST00000635082.1	132	0.45568	6.86029052734	1	0.889616	coding
ENST00000346691.9	765	0.44772	5.89447021484	1	1	coding
ENST00000639561.1	665	0.46055	5.85882568359	1	1	coding
ENST00000320211.10	792	0.43066	5.89617919922	1	1	coding
ENST00000635464.1	465	0.38137	7.64385986328	1	1	coding
ENST00000412052.4	699	0.45719	5.92962646484	1	1	coding
ENST00000634384.2	594	0.35844	6.02398681641	1	1	coding
ENST00000635084.1	78	0.38706	8.98675537109	1	0.10225	noncoding
ENST00000472301.5	424	0.41651	5.97918701172	1	1	coding
ENST00000484115.5	192	0.31331	10.4301147461	1	0.666591	coding
ENST00000383729.9	503	0.44268	5.67742919922	1	1	coding
ENST00000472796.2	76	0.43568	6.26922607422	1	0.174007	noncoding
ENST00000467506.5	138	0.43173	10.2427368164	1	0.851401	coding
ENST00000305544.9	1799	0.41533	6.07159423828	1	1	coding
ENST00000418109.5	1799	0.41533	6.07159423828	1	1	coding
ENST00000484713.1	85	0.4514	10.2758178711	1	0.363513	noncoding
ENST00000498377.1	274	0.44639	4.89630126953	-1	0.614016	coding
ENST00000469665.1	158	0.35151	5.66082763672	1	0.921696	coding
ENST00000493571.1	134	0.36217	5.14007568359	1	0.835713	coding
ENST00000421735.3	86	0.29469	11.452331543	1	0.0617604	noncoding
ENST00000686401.2	42	0.35703	10.7365112305	1	0.0225296	noncoding
ENST00000266041.9	931	0.47467	6.51275634766	1	1	coding
ENST00000485816.5	936	0.46723	6.43035888672	1	1	coding
ENST00000406595.5	901	0.45288	6.05633544922	1	1	coding
ENST00000464000.1	68	0.38588	9.92401123047	1	0.0726435	noncoding
ENST00000441637.2	677	0.44325	5.10711669922	1	1	coding
ENST00000491663.5	649	0.46723	5.97808837891	1	1	coding
ENST00000461966.5	136	0.45956	6.94183349609	1	0.913944	coding
ENST00000481977.5	136	0.45306	6.94183349609	1	0.908875	coding
ENST00000471505.1	115	0.4631	4.17144775391	1	0.912758	coding
ENST00000484632.1	35	0.44769	12.004699707	1	0.0394419	noncoding
ENST00000485894.1	115	0.44452	4.50445556641	-1	0.0847393	noncoding
ENST00000467462.1	138	0.35071	8.70526123047	-1	0.142406	noncoding
ENST00000338458.8	559	0.40426	6.49835205078	1	1	coding
ENST00000296315.8	527	0.426	6.02520751953	1	1	coding
ENST00000496106.5	533	0.418	6.23504638672	1	1	coding
ENST00000495373.5	417	0.41919	7.58465576172	1	1	coding
ENST00000468727.5	184	0.48027	9.29754638672	-1	0.277817	noncoding
ENST00000477833.5	137	0.43171	11.1195678711	-1	0.233339	noncoding
ENST00000477440.6	95	0.38731	11.4135131836	-1	0.184532	noncoding
ENST00000468466.1	100	0.35334	10.2911987305	-1	0.165106	noncoding
ENST00000295934.8	186	0.3948	9.00726318359	1	0.969755	coding
ENST00000647958.1	186	0.37123	9.00726318359	1	0.940771	coding
ENST00000495160.2	107	0.40697	6.81402587891	-1	0.0565427	noncoding
ENST00000415149.6	912	0.35244	8.73748779297	1	1	coding
ENST00000325805.13	942	0.37554	8.95709228516	1	1	coding
ENST00000454540.5	44	0.33298	5.93218994141	1	0.0135547	noncoding
ENST00000449335.5	144	0.47356	5.35357666016	-1	0.129515	noncoding
ENST00000456419.5	205	0.4998	6.46905517578	-1	0.264973	noncoding
ENST00000443253.1	48	0.44483	11.6143188477	-1	0.16021	noncoding
ENST00000458347.1	104	0.46224	10.919128418	-1	0.20139	noncoding
ENST00000393845.9	1855	0.47074	5.28326416016	1	1	coding
ENST00000489244.1	162	0.33126	9.20904541016	1	0.642957	coding
ENST00000461734.1	402	0.47806	5.55242919922	1	1	coding
ENST00000484923.1	42	0.42767	8.58868408203	1	0.0241437	noncoding
ENST00000465510.1	84	0.49436	9.92645263672	-1	0.121471	noncoding
ENST00000490481.1	105	0.38397	9.69317626953	1	0.297012	noncoding
ENST00000295868.6	1027	0.48237	4.82073974609	1	1	coding
ENST00000479422.1	101	0.44667	4.49005126953	1	0.762228	coding
ENST00000490035.7	339	0.30576	6.54974365234	1	0.999928	coding
ENST00000333617.8	209	0.44622	6.11688232422	1	0.999333	coding
ENST00000498645.1	195	0.47082	5.06488037109	-1	0.298533	noncoding
ENST00000474851.1	205	0.45024	9.20062255859	-1	0.285751	noncoding
ENST00000273691.7	503	0.37611	8.86956787109	1	1	coding
ENST00000344209.10	547	0.37765	9.11676025391	1	1	coding
ENST00000430155.6	516	0.43548	6.47637939453	1	1	coding
ENST00000469902.6	715	0.46755	5.51361083984	1	1	coding
ENST00000473262.5	547	0.32574	7.86639404297	1	1	coding
ENST00000465475.5	344	0.37617	6.74468994141	1	0.999998	coding
ENST00000479352.5	468	0.46159	6.21307373047	1	1	coding
ENST00000483944.5	303	0.46298	5.97711181641	1	0.999999	coding
ENST00000461616.1	88	0.34119	5.37603759766	1	0.174761	noncoding
ENST00000479231.1	185	0.43629	5.46734619141	-1	0.191325	noncoding
ENST00000479826.1	174	0.39185	9.49163818359	1	0.934553	coding
ENST00000481760.2	43	0.3824	6.49810791016	1	0.0149341	noncoding
ENST00000514463.1	242	0.30981	9.49761962891	1	0.938785	coding
ENST00000389709.8	859	0.44983	8.48040771484	1	1	coding
ENST00000515545.5	340	0.39994	6.25787353516	1	0.999999	coding
ENST00000336332.5	711	0.42204	8.45489501953	1	1	coding
ENST00000605830.6	120	0.31917	7.59173583984	1	0.264394	noncoding
ENST00000686063.1	21	0.32882	5.58294677734	1	0.00431366	noncoding
ENST00000690344.1	21	0.39413	5.58294677734	1	0.00540142	noncoding
ENST00000605698.2	120	0.31917	7.59173583984	1	0.264394	noncoding
ENST00000603884.5	66	0.42741	4.52093505859	1	0.203572	noncoding
ENST00000671446.1	120	0.29607	7.59173583984	1	0.215113	noncoding
ENST00000653304.1	256	0.38219	7.68841552734	1	0.999432	coding
ENST00000423778.7	662	0.36007	7.11993408203	1	1	coding
ENST00000508956.5	641	0.45917	7.34112548828	1	1	coding
ENST00000503669.1	332	0.43599	6.82586669922	1	1	coding
ENST00000506319.5	209	0.31702	6.54119873047	1	0.975686	coding
ENST00000508041.1	96	0.42619	5.03570556641	1	0.571696	coding
ENST00000338446.8	214	0.42187	5.67144775391	1	0.999482	coding
ENST00000360570.8	202	0.41176	4.96673583984	1	0.99924	coding
ENST00000393035.6	180	0.42017	5.54974365234	1	0.99552	coding
ENST00000491175.1	125	0.39863	5.92291259766	1	0.776463	coding
ENST00000393034.6	180	0.42812	5.54974365234	1	0.996073	coding
ENST00000296059.7	202	0.32546	7.39703369141	1	0.950435	coding
ENST00000470080.5	202	0.36245	7.39703369141	1	0.983238	coding
ENST00000474754.1	159	0.36137	5.71661376953	-1	0.105141	noncoding
ENST00000491182.1	138	0.31374	8.05804443359	1	0.388894	noncoding
ENST00000490337.6	420	0.38274	9.09564208984	1	1	coding
ENST00000471742.5	409	0.38274	9.22528076172	1	0.999999	coding
ENST00000618897.4	375	0.34554	9.47271728516	1	0.999938	coding
ENST00000302490.12	402	0.36783	9.39495849609	1	0.999996	coding
ENST00000389634.5	373	0.46943	9.47271728516	1	1	coding
ENST00000445224.6	245	0.38664	5.06463623047	1	0.999902	coding
ENST00000495954.5	85	0.42927	4.89471435547	1	0.418827	noncoding
ENST00000472483.5	161	0.44092	5.10565185547	1	0.991408	coding
ENST00000482804.1	261	0.44215	4.81231689453	1	0.999993	coding
ENST00000482885.1	113	0.29607	4.31097412109	1	0.59053	coding
ENST00000232458.9	884	0.46743	7.27972412109	1	1	coding
ENST00000540509.5	884	0.47236	7.27972412109	1	1	coding
ENST00000392692.8	915	0.44615	7.76519775391	1	1	coding
ENST00000417960.5	883	0.47236	7.53717041016	1	1	coding
ENST00000426894.5	106	0.46681	4.19256591797	-1	0.097629	noncoding
ENST00000366254.2	18	0.38115	4.66741943359	-1	0.0112531	noncoding
ENST00000415665.5	159	0.48287	4.58563232422	-1	0.217074	noncoding
ENST00000438041.5	150	0.44422	4.52716064453	-1	0.151335	noncoding
ENST00000444250.1	195	0.44786	7.68939208984	-1	0.206037	noncoding
ENST00000437296.1	227	0.40182	9.89398193359	1	0.995449	coding
ENST00000487073.1	44	0.39648	8.60931396484	1	0.0198562	noncoding
ENST00000491144.5	443	0.45256	4.63702392578	1	1	coding
ENST00000649814.1	531	0.40471	6.15252685547	1	1	coding
ENST00000648915.2	722	0.45605	4.97796630859	1	1	coding
ENST00000465218.3	583	0.42476	5.04815673828	1	1	coding
ENST00000432569.2	108	0.41189	6.55218505859	1	0.526536	coding
ENST00000481054.5	333	0.42257	4.50408935547	1	1	coding
ENST00000493740.1	143	0.41228	7.12030029297	1	0.887314	coding
ENST00000392499.6	179	0.40453	6.43646240234	1	0.988067	coding
ENST00000307944.6	179	0.4517	6.43646240234	1	0.994696	coding
ENST00000460288.1	151	0.35558	10.0757446289	1	0.623954	coding
ENST00000392456.4	307	0.4427	6.19647216797	1	0.999999	coding
ENST00000392455.9	483	0.3413	8.30914306641	1	1	coding
ENST00000460064.1	26	0.42523	8.84100341797	1	0.0104372	noncoding
ENST00000436408.6	724	0.41587	4.83892822266	1	1	coding
ENST00000485430.1	123	0.37407	7.76495361328	1	0.5	coding
ENST00000480350.1	128	0.4471	4.40728759766	-1	0.112013	noncoding
ENST00000447234.7	710	0.42018	4.94744873047	1	1	coding
ENST00000445522.6	675	0.42435	4.93548583984	1	1	coding
ENST00000498018.1	167	0.44335	5.24176025391	1	0.993779	coding
ENST00000423938.1	126	0.48665	9.97235107422	1	0.926281	coding
ENST00000532937.1	33	0.41053	4.55657958984	1	0.0224484	noncoding
ENST00000513449.6	412	0.35803	9.07501220703	1	0.999997	coding
ENST00000389737.5	758	0.40524	6.98150634766	1	1	coding
ENST00000528167.1	245	0.43255	4.83709716797	1	0.999974	coding
ENST00000532477.1	366	0.29462	8.97955322266	1	0.998888	coding
ENST00000531038.5	80	0.33716	6.38262939453	1	0.078376	noncoding
ENST00000511149.1	68	0.43726	4.28314208984	1	0.272944	noncoding
ENST00000511366.2	144	0.33485	8.89630126953	1	0.5	coding
ENST00000382480.6	516	0.43768	9.02349853516	1	1	coding
ENST00000515606.1	516	0.43768	9.02349853516	1	1	coding
ENST00000315782.6	642	0.40905	8.36944580078	1	1	coding
ENST00000360986.9	653	0.423	8.21954345703	1	1	coding
ENST00000514602.1	63	0.35837	5.92596435547	1	0.044066	noncoding
ENST00000504070.2	70	0.32571	7.78656005859	1	0.0368343	noncoding
ENST00000514875.1	70	0.44736	7.78656005859	1	0.123262	noncoding
ENST00000513486.1	40	0.42526	11.2147827148	1	0.0382017	noncoding
ENST00000573308.5	161	0.34984	11.6747436523	1	0.5	coding
ENST00000573950.5	49	0.3688	7.99871826172	1	0.0184235	noncoding
ENST00000570786.1	57	0.35606	11.4756469727	1	0.0378198	noncoding
ENST00000513724.1	43	0.34765	9.48236083984	1	0.0169636	noncoding
ENST00000500571.2	43	0.37124	9.48236083984	1	0.0193128	noncoding
ENST00000508180.1	101	0.46482	5.07562255859	-1	0.0648131	noncoding
ENST00000295461.10	411	0.34157	5.67999267578	1	1	coding
ENST00000381295.7	895	0.49197	6.16534423828	1	1	coding
ENST00000346134.11	895	0.46502	6.16534423828	1	1	coding
ENST00000349598.6	880	0.46502	6.16241455078	1	1	coding
ENST00000511971.5	376	0.29153	8.12188720703	1	0.99971	coding
ENST00000504321.1	91	0.41634	6.56988525391	1	0.289224	noncoding
ENST00000514213.7	963	0.48231	4.84527587891	1	1	coding
ENST00000264904.8	974	0.47206	4.82672119141	1	1	coding
ENST00000682513.1	3350	0.44826	5.23553466797	1	1	coding
ENST00000512123.4	4013	0.4387	5.33270263672	1	1	coding
ENST00000508909.5	73	0.29187	9.98297119141	1	0.0432243	noncoding
ENST00000510944.3	397	0.45512	4.62481689453	1	1	coding
ENST00000395002.6	670	0.39168	5.56085205078	1	1	coding
ENST00000264344.10	1024	0.43813	6.07196044922	1	1	coding
ENST00000511573.5	467	0.42681	5.60321044922	1	1	coding
ENST00000503556.5	684	0.46788	5.75616455078	1	1	coding
ENST00000511623.1	9	0.44459	5.58746337891	-1	0.0108737	noncoding
ENST00000515155.1	60	0.36984	4.86700439453	-1	0.023582	noncoding
ENST00000502459.5	325	0.46082	5.93072509766	-1	0.748615	coding
ENST00000512339.5	151	0.45088	7.70318603516	1	0.95459	coding
ENST00000509094.5	278	0.4187	6.65924072266	1	0.999979	coding
ENST00000515600.1	203	0.44456	7.65313720703	1	0.997942	coding
ENST00000610556.4	1231	0.49339	8.88519287109	1	1	coding
ENST00000448416.6	124	0.35812	5.60601806641	1	0.653076	coding
ENST00000307142.9	1262	0.41857	8.93792724609	1	1	coding
ENST00000429713.7	1094	0.33281	8.75299072266	1	1	coding
ENST00000504178.1	1132	0.41857	8.90899658203	1	1	coding
ENST00000627783.2	699	0.33446	9.37762451172	1	1	coding
ENST00000505133.5	34	0.38534	4.46942138672	1	0.0196115	noncoding
ENST00000509834.6	45	0.39493	7.88641357422	1	0.0181774	noncoding
ENST00000693730.1	67	0.34287	8.73516845703	1	0.0388504	noncoding
ENST00000511497.5	77	0.32417	8.61212158203	1	0.0502117	noncoding
ENST00000504984.1	63	0.35924	8.93536376953	1	0.0384452	noncoding
ENST00000662621.1	94	0.30868	4.74993896484	1	0.265554	noncoding
ENST00000513851.1	27	0.46368	9.30230712891	1	0.0209273	noncoding
ENST00000667326.1	50	0.37625	7.89532470703	1	0.0203204	noncoding
ENST00000663973.1	50	0.3809	7.89532470703	1	0.0211202	noncoding
ENST00000604922.1	39	0.41652	9.69976806641	1	0.02508	noncoding
ENST00000409598.8	768	0.43737	8.73773193359	1	1	coding
ENST00000604030.7	1048	0.43197	8.72601318359	1	1	coding
ENST00000409252.6	791	0.43462	8.53619384766	1	1	coding
ENST00000478503.6	546	0.4048	8.50347900391	1	1	coding
ENST00000514152.5	768	0.43462	8.73773193359	1	1	coding
ENST00000652233.1	1012	0.43462	8.23406982422	1	1	coding
ENST00000427414.2	732	0.44734	8.19061279297	1	1	coding
ENST00000462257.1	29	0.46463	6.81610107422	1	0.0106492	noncoding
ENST00000514013.1	25	0.46384	5.42608642578	1	0.00995629	noncoding
ENST00000638824.1	561	0.41968	4.41986083984	1	1	coding
ENST00000685677.1	985	0.47072	5.36102294922	1	1	coding
ENST00000686697.1	1126	0.49792	5.55548095703	1	1	coding
ENST00000439128.6	1259	0.49022	5.66888427734	1	1	coding
ENST00000511633.5	1243	0.47587	5.55169677734	1	1	coding
ENST00000510533.5	1215	0.49022	5.50189208984	1	1	coding
ENST00000509912.5	321	0.41479	10.0698852539	1	0.99997	coding
ENST00000692868.1	217	0.35977	10.2853393555	1	0.959643	coding
ENST00000666010.3	71	0.37537	7.66070556641	1	0.0592464	noncoding
ENST00000609153.2	67	0.34394	10.7163696289	1	0.0503129	noncoding
ENST00000608794.1	71	0.35399	7.66070556641	1	0.0479417	noncoding
ENST00000609900.1	78	0.3151	7.59747314453	1	0.0494886	noncoding
ENST00000608892.1	66	0.3822	11.4846801758	1	0.0635156	noncoding
ENST00000652578.1	140	0.31326	8.73175048828	1	0.364841	noncoding
ENST00000684972.1	109	0.32664	7.69049072266	1	0.189946	noncoding
ENST00000690867.1	109	0.42489	7.69049072266	1	0.526785	coding
ENST00000689786.1	109	0.39159	7.69049072266	1	0.391005	noncoding
ENST00000693074.1	113	0.29328	6.25299072266	1	0.261958	noncoding
ENST00000689567.2	109	0.36373	7.69049072266	1	0.289127	noncoding
ENST00000691787.1	109	0.34952	7.69049072266	1	0.24532	noncoding
ENST00000436493.2	109	0.39136	7.69049072266	1	0.390045	noncoding
ENST00000513610.6	2059	0.44422	5.85284423828	1	1	coding
ENST00000515803.5	1416	0.48098	5.86663818359	1	1	coding
ENST00000505695.5	1416	0.47687	5.86663818359	1	1	coding
ENST00000513882.5	830	0.45206	8.72772216797	-1	0.998888	coding
ENST00000382065.8	320	0.35756	6.66888427734	1	0.999982	coding
ENST00000231338.7	247	0.39751	6.04058837891	1	0.999842	coding
ENST00000508398.1	96	0.34283	9.09674072266	1	0.128766	noncoding
ENST00000513471.5	127	0.39299	6.02142333984	1	0.771476	coding
ENST00000508434.1	169	0.39201	8.28387451172	1	0.939696	coding
ENST00000354891.7	1018	0.39257	7.24114990234	1	1	coding
ENST00000322350.10	1010	0.39291	7.46331787109	1	1	coding
ENST00000336740.10	776	0.38707	6.80389404297	1	1	coding
ENST00000397202.6	376	0.33805	8.25946044922	1	0.99998	coding
ENST00000508868.5	44	0.30935	6.68865966797	1	0.0118437	noncoding
ENST00000397210.7	153	0.33059	9.54998779297	1	0.534054	coding
ENST00000512982.4	830	0.43345	6.47894287109	1	1	coding
ENST00000351578.12	784	0.43345	6.11419677734	1	1	coding
ENST00000646045.2	840	0.43345	6.47991943359	1	1	coding
ENST00000647313.1	139	0.41317	4.72833251953	1	0.960717	coding
ENST00000642942.1	44	0.32719	9.38360595703	1	0.0160496	noncoding
ENST00000515010.5	784	0.46178	6.11419677734	1	1	coding
ENST00000644817.1	99	0.22328	9.48284912109	1	0.109422	noncoding
ENST00000510188.1	174	0.45451	9.90948486328	-1	0.260715	noncoding
ENST00000506557.5	62	0.36619	10.5485229492	-1	0.154655	noncoding
ENST00000503065.1	34	0.36382	9.48577880859	1	0.0124072	noncoding
ENST00000230882.9	639	0.37021	4.76129150391	1	1	coding
ENST00000620156.4	646	0.37048	4.76129150391	1	1	coding
ENST00000537449.5	639	0.37048	4.76129150391	1	1	coding
ENST00000357703.6	617	0.39468	4.69317626953	1	1	coding
ENST00000622294.2	296	0.34062	5.27581787109	1	0.999971	coding
ENST00000389100.9	593	0.28978	8.89215087891	1	0.999999	coding
ENST00000296615.10	417	0.3711	9.26397705078	1	0.999999	coding
ENST00000504296.1	107	0.46617	8.34649658203	-1	0.0830921	noncoding
ENST00000255189.8	867	0.47328	7.30963134766	1	1	coding
ENST00000523732.1	604	0.48065	6.34564208984	1	1	coding
ENST00000518477.5	574	0.46179	6.24591064453	1	1	coding
ENST00000520388.5	47	0.35844	8.47796630859	1	0.016816	noncoding
ENST00000518707.1	47	0.41229	8.47796630859	1	0.0263724	noncoding
ENST00000520855.1	51	0.33081	4.83087158203	1	0.030758	noncoding
ENST00000513310.5	70	0.38691	11.6536254883	-1	0.179299	noncoding
ENST00000510218.1	67	0.46567	10.495300293	-1	0.127717	noncoding
ENST00000350881.6	962	0.43869	4.43780517578	1	1	coding
ENST00000511733.1	871	0.44574	4.38836669922	1	1	coding
ENST00000515510.1	35	0.36393	9.11199951172	1	0.0115905	noncoding
ENST00000504720.5	234	0.40729	4.99981689453	1	0.999895	coding
ENST00000703867.1	1281	0.37952	6.18072509766	1	1	coding
ENST00000513200.7	1276	0.42051	6.17999267578	1	1	coding
ENST00000504117.1	551	0.31204	6.82928466797	1	1	coding
ENST00000329378.7	325	0.3158	5.29656982422	1	0.999983	coding
ENST00000638452.2	1214	0.45618	6.33929443359	1	1	coding
ENST00000638568.2	1214	0.45071	6.33929443359	1	1	coding
ENST00000639899.1	1106	0.40611	6.01397705078	1	1	coding
ENST00000638504.1	685	0.41623	5.92181396484	1	1	coding
ENST00000472478.6	83	0.38531	11.4531860352	1	0.120865	noncoding
ENST00000454473.5	867	0.4476	4.55181884766	1	1	coding
ENST00000230901.9	952	0.44608	4.60015869141	1	1	coding
ENST00000402931.5	879	0.4476	4.56890869141	1	1	coding
ENST00000411594.6	867	0.4476	4.61456298828	1	1	coding
ENST00000512140.5	838	0.45008	4.54449462891	1	1	coding
ENST00000483805.1	150	0.47157	3.96746826172	-1	0.232988	noncoding
ENST00000463620.1	223	0.44978	4.00506591797	-1	0.5	coding
ENST00000453824.1	166	0.44883	4.59075927734	-1	0.198692	noncoding
ENST00000471892.6	143	0.44869	5.02716064453	1	0.973913	coding
ENST00000432618.5	80	0.41259	8.71087646484	1	0.149604	noncoding
ENST00000425764.5	177	0.47183	6.85552978516	-1	0.173821	noncoding
ENST00000515254.1	179	0.45365	8.31988525391	1	0.991463	coding
ENST00000562220.2	845	0.34692	4.81658935547	1	1	coding
ENST00000307360.6	949	0.43352	5.04095458984	1	1	coding
ENST00000506939.6	686	0.43904	5.00323486328	1	1	coding
ENST00000612503.1	851	0.48957	4.73419189453	1	1	coding
ENST00000398610.3	937	0.43213	4.78314208984	1	1	coding
ENST00000359370.10	156	0.302	6.51617431641	1	0.706774	coding
ENST00000337706.7	156	0.302	6.51617431641	1	0.706774	coding
ENST00000621536.4	156	0.29435	6.51617431641	1	0.685286	coding
ENST00000378046.5	156	0.32305	6.51617431641	1	0.773711	coding
ENST00000360966.9	79	0.35565	9.03204345703	1	0.0752601	noncoding
ENST00000489937.5	79	0.3283	9.03204345703	1	0.057982	noncoding
ENST00000441680.6	156	0.46068	6.51617431641	1	0.97727	coding
ENST00000419524.6	156	0.36287	6.51617431641	1	0.887154	coding
ENST00000521655.1	167	0.38015	5.64044189453	1	0.97446	coding
ENST00000231198.12	299	0.33095	8.11627197266	1	0.999174	coding
ENST00000519560.6	1524	0.37724	7.99212646484	1	1	coding
ENST00000332966.8	1531	0.38036	7.98455810547	1	1	coding
ENST00000521130.1	220	0.44652	8.95037841797	1	0.998964	coding
ENST00000311086.9	186	0.34973	5.89080810547	1	0.978958	coding
ENST00000285908.5	130	0.32198	7.90850830078	1	0.350935	noncoding
ENST00000477985.1	63	0.38221	5.10809326172	1	0.0789659	noncoding
ENST00000518658.1	63	0.35209	5.10809326172	1	0.0585835	noncoding
ENST00000505099.5	102	0.41318	10.1168823242	1	0.382196	noncoding
ENST00000414691.8	231	0.4093	9.73504638672	1	0.997377	coding
ENST00000513651.5	71	0.34475	9.82061767578	1	0.0539335	noncoding
ENST00000229583.9	249	0.49562	9.80279541016	1	0.999945	coding
ENST00000379415.6	168	0.44407	9.41583251953	-1	0.210424	noncoding
ENST00000506810.1	168	0.46761	9.41583251953	-1	0.232618	noncoding
ENST00000613507.4	1098	0.45799	5.10858154297	1	1	coding
ENST00000259698.9	1069	0.44259	5.28533935547	1	1	coding
ENST00000643898.2	1048	0.45799	4.97430419922	1	1	coding
ENST00000538035.6	1019	0.45799	5.11761474609	1	1	coding
ENST00000463828.1	126	0.4427	5.54302978516	-1	0.0797188	noncoding
ENST00000378023.8	592	0.43921	5.27142333984	1	1	coding
ENST00000510784.8	648	0.40876	5.53057861328	1	1	coding
ENST00000644621.1	592	0.47819	5.27142333984	1	1	coding
ENST00000647136.1	614	0.44358	5.14483642578	1	1	coding
ENST00000473070.1	87	0.41776	4.24542236328	1	0.545903	coding
ENST00000644411.1	664	0.43172	5.42291259766	1	1	coding
ENST00000606385.1	59	0.36706	10.0747680664	1	0.0422	noncoding
ENST00000634956.1	104	0.39455	11.3628540039	1	0.277153	noncoding
ENST00000634560.1	104	0.39021	11.3628540039	1	0.26127	noncoding
ENST00000377727.2	104	0.43807	11.3628540039	1	0.5	coding
ENST00000303892.10	119	0.39748	10.2556762695	1	0.5	coding
ENST00000376151.4	79	0.34327	11.7174682617	1	0.0641216	noncoding
ENST00000483251.1	78	0.46876	9.17730712891	1	0.299701	noncoding
ENST00000481998.1	64	0.33059	9.98370361328	1	0.0385551	noncoding
ENST00000469940.5	97	0.34674	4.97784423828	1	0.324874	noncoding
ENST00000473619.5	134	0.45828	4.50347900391	1	0.96764	coding
ENST00000488669.5	77	0.41725	4.47357177734	1	0.336213	noncoding
ENST00000375055.6	348	0.43831	6.40863037109	1	1	coding
ENST00000484849.5	304	0.44649	5.22662353516	1	0.999999	coding
ENST00000375069.7	452	0.43222	6.38714599609	1	1	coding
ENST00000375070.7	427	0.43789	7.02642822266	1	1	coding
ENST00000438221.6	395	0.43831	7.62689208984	1	1	coding
ENST00000375076.9	405	0.45682	5.83062744141	1	1	coding
ENST00000450110.5	234	0.4192	9.65411376953	-1	0.314237	noncoding
ENST00000538695.2	160	0.39104	10.2232055664	1	0.852637	coding
ENST00000491215.1	85	0.34572	8.48760986328	1	0.0842632	noncoding
ENST00000474612.1	667	0.3841	7.18878173828	1	1	coding
ENST00000375023.3	2004	0.38509	5.42767333984	1	1	coding
ENST00000473562.1	648	0.38104	4.58258056641	1	1	coding
ENST00000374882.8	277	0.35284	7.03863525391	1	0.999664	coding
ENST00000374881.3	273	0.35108	5.53057861328	1	0.999902	coding
ENST00000374675.7	470	0.43189	6.36138916016	1	1	coding
ENST00000374677.8	470	0.43401	6.36138916016	1	1	coding
ENST00000459703.5	244	0.40516	5.87091064453	1	0.999868	coding
ENST00000244751.7	594	0.47248	5.64544677734	1	1	coding
ENST00000393189.2	302	0.39896	6.12689208984	1	0.999995	coding
ENST00000633136.2	611	0.42897	5.57708740234	1	1	coding
ENST00000493411.2	209	0.43684	5.01812744141	-1	0.293017	noncoding
ENST00000633929.1	177	0.47245	5.10906982422	1	0.997159	coding
ENST00000634222.1	166	0.35064	8.92962646484	1	0.792265	coding
ENST00000633280.1	226	0.42927	4.84918212891	-1	0.353761	noncoding
ENST00000457653.8	430	0.42974	8.52203369141	-1	0.810935	coding
ENST00000567255.2	305	0.3258	5.49139404297	1	0.999958	coding
ENST00000435541.2	46	0.37591	5.79315185547	-1	0.0229376	noncoding
ENST00000691406.1	147	0.33666	6.88250732422	1	0.697968	coding
ENST00000439386.3	44	0.3183	9.84613037109	1	0.0179242	noncoding
ENST00000414386.7	44	0.37278	9.84613037109	1	0.0223809	noncoding
ENST00000454812.1	44	0.37585	9.84613037109	1	0.0228674	noncoding
ENST00000701272.1	44	0.34195	9.84613037109	1	0.018991	noncoding
ENST00000432751.1	61	0.37286	11.5390014648	1	0.0482274	noncoding
ENST00000394253.7	689	0.33789	9.37335205078	1	1	coding
ENST00000682992.1	689	0.3387	9.37335205078	1	1	coding
ENST00000373010.5	586	0.46182	9.72711181641	1	1	coding
ENST00000373006.5	641	0.39923	9.41925048828	1	1	coding
ENST00000423567.1	73	0.24911	8.96832275391	1	0.0454194	noncoding
ENST00000481352.6	151	0.3792	4.74993896484	1	0.964711	coding
ENST00000512472.5	100	0.45164	4.56353759766	1	0.739828	coding
ENST00000642195.1	347	0.43998	5.30938720703	1	1	coding
ENST00000304004.7	343	0.44975	5.65301513672	1	1	coding
ENST00000645141.1	222	0.43394	5.83990478516	1	0.999719	coding
ENST00000488601.6	151	0.42499	4.74993896484	1	0.984915	coding
ENST00000423780.1	131	0.43251	5.24322509766	-1	0.0851085	noncoding
ENST00000687843.1	170	0.33071	9.29937744141	1	0.705761	coding
ENST00000422059.5	56	0.32959	6.69610595703	1	0.0211736	noncoding
ENST00000652850.1	56	0.35829	10.303894043	1	0.0361865	noncoding
ENST00000687275.1	77	0.37354	7.77081298828	1	0.0783451	noncoding
ENST00000607590.1	53	0.35501	4.78045654297	1	0.0398609	noncoding
ENST00000655938.1	40	0.40414	8.88531494141	1	0.0184829	noncoding
ENST00000371253.7	911	0.3825	8.90655517578	1	1	coding
ENST00000477858.1	55	0.36003	6.70513916016	1	0.0238362	noncoding
ENST00000419892.6	599	0.32109	9.18182373047	1	1	coding
ENST00000449332.6	599	0.47152	9.18182373047	1	1	coding
ENST00000283297.5	714	0.45929	8.73736572266	1	1	coding
ENST00000471487.5	70	0.32105	10.8866577148	1	0.0480696	noncoding
ENST00000371243.2	219	0.38668	9.01385498047	1	0.992657	coding
ENST00000491283.5	70	0.37955	10.8866577148	1	0.0770805	noncoding
ENST00000477771.5	103	0.36892	10.1720581055	1	0.227238	noncoding
ENST00000425443.6	699	0.453	5.85968017578	1	1	coding
ENST00000322507.13	3064	0.46613	5.37774658203	1	1	coding
ENST00000680981.1	145	0.4537	9.87847900391	1	0.938555	coding
ENST00000345356.10	1900	0.45608	5.71014404297	1	1	coding
ENST00000511023.1	151	0.45124	9.99566650391	-1	0.217528	noncoding
ENST00000493109.2	132	0.43942	5.61468505859	1	0.920799	coding
ENST00000671923.1	662	0.47786	6.16546630859	1	1	coding
ENST00000369975.6	1254	0.47161	8.78216552734	1	1	coding
ENST00000369985.9	1263	0.39696	8.75091552734	1	1	coding
ENST00000369977.8	1286	0.39696	8.74749755859	1	1	coding
ENST00000664640.1	1295	0.41746	8.71160888672	1	1	coding
ENST00000672093.1	1286	0.45351	8.74420166016	1	1	coding
ENST00000430435.1	156	0.43416	5.63629150391	-1	0.119887	noncoding
ENST00000672162.1	234	0.35819	9.35638427734	1	0.987932	coding
ENST00000343245.7	276	0.4129	5.48236083984	1	0.99999	coding
ENST00000369076.8	276	0.39035	5.48236083984	1	0.999981	coding
ENST00000369070.5	198	0.37826	5.77874755859	1	0.995521	coding
ENST00000646025.1	234	0.42937	5.57025146484	1	0.999889	coding
ENST00000613993.1	163	0.45202	5.62591552734	1	0.990071	coding
ENST00000369037.9	400	0.37002	8.43487548828	1	0.999999	coding
ENST00000369031.4	241	0.40546	9.22283935547	1	0.998618	coding
ENST00000368923.8	311	0.3962	8.65301513672	1	0.999965	coding
ENST00000479373.1	224	0.34587	8.86956787109	1	0.977757	coding
ENST00000368924.9	370	0.3962	8.50885009766	1	0.999999	coding
ENST00000316316.10	1144	0.45105	7.87030029297	1	1	coding
ENST00000619706.5	1150	0.43565	8.11639404297	1	1	coding
ENST00000458674.2	109	0.4751	4.74383544922	-1	0.0866481	noncoding
ENST00000505485.1	118	0.45175	8.59710693359	-1	0.101189	noncoding
ENST00000368478.2	99	0.31446	9.15985107422	1	0.105232	noncoding
ENST00000316068.7	392	0.43809	5.52105712891	1	1	coding
ENST00000617695.5	3119	0.49388	5.99212646484	1	1	coding
ENST00000421865.3	3123	0.49388	6.00933837891	1	1	coding
ENST00000684985.1	239	0.45937	8.35284423828	1	0.999795	coding
ENST00000688150.1	129	0.46286	5.80133056641	-1	0.0887772	noncoding
ENST00000688198.1	518	0.45597	6.44329833984	1	1	coding
ENST00000688799.1	478	0.4837	6.08184814453	1	1	coding
ENST00000439090.7	521	0.46984	6.66705322266	1	1	coding
ENST00000368134.6	521	0.4558	6.66705322266	1	1	coding
ENST00000457563.6	545	0.49019	6.88055419922	1	1	coding
ENST00000437477.6	521	0.45024	6.66705322266	1	1	coding
ENST00000528422.5	122	0.41058	9.24176025391	1	0.623463	coding
ENST00000526886.5	118	0.44444	9.24176025391	-1	0.124437	noncoding
ENST00000533296.5	238	0.44225	7.00653076172	1	0.999816	coding
ENST00000532309.5	210	0.48784	6.53082275391	-1	0.28332	noncoding
ENST00000531544.5	173	0.4964	8.71771240234	-1	0.223314	noncoding
ENST00000529119.1	32	0.40291	7.92132568359	-1	0.0327205	noncoding
ENST00000452150.6	173	0.31035	4.84185791016	1	0.959804	coding
ENST00000530481.5	853	0.46604	5.57769775391	1	1	coding
ENST00000337057.8	1006	0.45601	5.33843994141	1	1	coding
ENST00000445890.6	748	0.45064	6.19561767578	1	1	coding
ENST00000628542.2	936	0.45169	5.29583740234	1	1	coding
ENST00000527411.5	936	0.45853	5.29583740234	1	1	coding
ENST00000706365.1	1058	0.45962	5.37567138672	1	1	coding
ENST00000526782.1	26	0.40721	6.49029541016	1	0.00651463	noncoding
ENST00000529208.5	936	0.46966	5.29583740234	1	1	coding
ENST00000534166.1	62	0.44796	5.30181884766	1	0.116595	noncoding
ENST00000530148.5	63	0.4318	11.3980102539	1	0.112004	noncoding
ENST00000367321.8	979	0.4622	8.31524658203	1	1	coding
ENST00000367307.8	276	0.44483	9.23199462891	1	0.999949	coding
ENST00000367308.8	262	0.44651	5.99908447266	-1	0.459559	noncoding
ENST00000618312.4	914	0.43951	6.86688232422	1	1	coding
ENST00000441122.5	127	0.40866	9.79364013672	-1	0.154726	noncoding
ENST00000423867.2	114	0.45298	4.66851806641	-1	0.0851283	noncoding
ENST00000478643.1	49	0.41301	7.96112060547	1	0.0271482	noncoding
ENST00000337019.7	297	0.4325	8.41973876953	1	0.999985	coding
ENST00000366889.6	258	0.4541	8.89471435547	1	0.999909	coding
ENST00000366888.7	258	0.45704	8.89471435547	1	0.999917	coding
ENST00000542669.1	105	0.43117	9.88507080078	-1	0.136695	noncoding
ENST00000544266.1	111	0.40672	10.014465332	1	0.460994	noncoding
ENST00000537664.5	934	0.39977	5.62054443359	1	1	coding
ENST00000625626.1	243	0.33323	9.26446533203	1	0.979536	coding
ENST00000476287.4	911	0.37955	5.49456787109	1	1	coding
ENST00000496635.1	65	0.33252	10.1333618164	1	0.0412878	noncoding
ENST00000402802.8	197	0.3368	8.68890380859	1	0.91754	coding
ENST00000354513.9	212	0.36773	9.52166748047	1	0.975059	coding
ENST00000482462.1	235	0.2797	9.11444091797	1	0.85213	coding
ENST00000444847.2	334	0.45488	8.54681396484	1	0.999999	coding
ENST00000481403.1	31	0.44543	7.83538818359	1	0.0125612	noncoding
ENST00000474396.1	46	0.27853	9.49456787109	-1	0.181107	noncoding
ENST00000397095.2	334	0.4455	8.54681396484	1	0.999999	coding
ENST00000427680.1	56	0.42406	4.17730712891	-1	0.0259615	noncoding
ENST00000222990.8	466	0.34858	6.95574951172	1	1	coding
ENST00000480807.1	145	0.43033	7.14495849609	1	0.924127	coding
ENST00000479689.1	19	0.44228	9.00665283203	1	0.00892745	noncoding
ENST00000435336.5	160	0.44464	9.44647216797	-1	0.197961	noncoding
ENST00000494722.1	170	0.4142	9.00054931641	1	0.958824	coding
ENST00000447136.1	85	0.45255	9.62738037109	-1	0.104195	noncoding
ENST00000415611.9	59	0.33345	8.26861572266	1	0.0243361	noncoding
ENST00000667557.1	46	0.29072	6.68914794922	1	0.0144683	noncoding
ENST00000656301.1	46	0.40397	7.99810791016	1	0.0211504	noncoding
ENST00000661147.1	46	0.33876	7.99810791016	1	0.0133958	noncoding
ENST00000685098.2	16	0.35292	3.66571044922	1	0.00777248	noncoding
ENST00000690219.2	38	0.4302	8.04498291016	1	0.0173384	noncoding
ENST00000663057.1	38	0.43074	8.04498291016	1	0.0174281	noncoding
ENST00000702192.1	55	0.34212	6.37969970703	1	0.0225015	noncoding
ENST00000702669.1	46	0.37611	7.99810791016	1	0.0166755	noncoding
ENST00000661582.1	38	0.34756	8.04498291016	1	0.00955444	noncoding
ENST00000671680.1	11	0.36721	8.49774169922	1	0.00303593	noncoding
ENST00000432668.1	65	0.35846	9.57928466797	1	0.0463034	noncoding
ENST00000222803.10	212	0.32137	5.69549560547	1	0.991094	coding
ENST00000419018.1	67	0.40192	6.81646728516	1	0.0682707	noncoding
ENST00000412494.1	72	0.47121	8.79071044922	1	0.214814	noncoding
ENST00000479939.1	127	0.40568	9.14569091797	1	0.659799	coding
ENST00000324453.13	132	0.33605	4.02801513672	1	0.873098	coding
ENST00000409688.1	91	0.39258	3.58172607422	1	0.652875	coding
ENST00000324489.5	99	0.29691	4.24420166016	1	0.417011	noncoding
ENST00000675051.1	673	0.47147	6.01751708984	1	1	coding
ENST00000674807.1	547	0.45759	8.48834228516	1	1	coding
ENST00000675810.1	706	0.4429	6.26556396484	1	1	coding
ENST00000674815.1	617	0.46739	5.78765869141	1	1	coding
ENST00000676403.1	607	0.4799	8.40655517578	1	1	coding
ENST00000389266.8	740	0.45969	6.60955810547	1	1	coding
ENST00000674851.1	617	0.46653	5.78765869141	1	1	coding
ENST00000396191.6	710	0.44648	8.87542724609	1	1	coding
ENST00000321453.12	710	0.41218	8.87542724609	1	1	coding
ENST00000396193.5	770	0.42427	8.73504638672	1	1	coding
ENST00000396184.7	635	0.34998	6.19525146484	1	1	coding
ENST00000479980.1	86	0.39711	8.83087158203	1	0.163557	noncoding
ENST00000396182.6	635	0.4596	6.19525146484	1	1	coding
ENST00000437235.7	118	0.29355	9.45977783203	1	0.150152	noncoding
ENST00000412856.6	118	0.35972	9.45977783203	1	0.333299	noncoding
ENST00000665516.1	118	0.30564	9.45977783203	1	0.170636	noncoding
ENST00000424194.1	23	0.37565	5.89544677734	1	0.00492282	noncoding
ENST00000692566.2	74	0.37029	9.88763427734	1	0.0783044	noncoding
ENST00000617537.5	576	0.41864	8.45196533203	1	1	coding
ENST00000612871.4	544	0.39814	8.59429931641	1	1	coding
ENST00000621510.1	146	0.46819	9.80816650391	1	0.957966	coding
ENST00000617267.4	689	0.39055	9.02862548828	1	1	coding
ENST00000614254.1	144	0.42019	10.3153686523	1	0.84999	coding
ENST00000487014.5	162	0.45236	9.48858642578	-1	0.210138	noncoding
ENST00000543742.1	93	0.38532	9.18328857422	-1	0.10704	noncoding
ENST00000414637.1	53	0.45474	6.50567626953	1	0.0479475	noncoding
ENST00000427076.5	128	0.27851	5.62664794922	1	0.518991	coding
ENST00000422304.1	252	0.43783	9.83221435547	1	0.999671	coding
ENST00000457408.7	228	0.41958	8.41033935547	1	0.998815	coding
ENST00000289577.9	179	0.41211	9.07269287109	1	0.972554	coding
ENST00000481238.1	187	0.37477	6.37591552734	1	0.985329	coding
ENST00000477639.5	134	0.28495	8.61981201172	1	0.236718	noncoding
ENST00000444131.2	170	0.43087	6.15435791016	-1	0.136835	noncoding
ENST00000461377.5	143	0.46003	5.31170654297	1	0.969165	coding
ENST00000544363.5	354	0.44915	5.66717529297	1	1	coding
ENST00000541586.5	387	0.46369	4.94683837891	1	1	coding
ENST00000258781.11	445	0.44915	5.31890869141	1	1	coding
ENST00000488727.5	272	0.41803	6.49676513672	1	0.999973	coding
ENST00000381112.7	466	0.46087	5.36041259766	1	1	coding
ENST00000474617.1	375	0.46339	5.69854736328	1	1	coding
ENST00000480382.1	43	0.46483	8.71466064453	1	0.0411057	noncoding
ENST00000451013.7	950	0.47901	5.49371337891	1	1	coding
ENST00000610955.1	198	0.47948	4.85992431641	-1	0.339517	noncoding
ENST00000478628.1	40	0.45359	5.98211669922	1	0.0229761	noncoding
ENST00000484624.1	87	0.28311	9.34979248047	1	0.0590099	noncoding
ENST00000619775.1	182	0.37998	4.93450927734	1	0.994311	coding
ENST00000614386.1	109	0.41864	7.53619384766	1	0.50696	coding
ENST00000297268.11	1367	0.42967	9.07696533203	1	1	coding
ENST00000464916.1	288	0.46184	5.74530029297	-1	0.625903	coding
ENST00000394308.8	562	0.4615	6.38739013672	1	1	coding
ENST00000175506.8	562	0.46946	6.38739013672	1	1	coding
ENST00000454046.5	402	0.41741	6.66961669922	1	1	coding
ENST00000437628.5	479	0.45905	6.04461669922	1	1	coding
ENST00000422745.5	541	0.46737	6.58856201172	1	1	coding
ENST00000455086.5	479	0.45905	6.04461669922	1	1	coding
ENST00000444334.5	541	0.46818	6.58856201172	1	1	coding
ENST00000487714.1	108	0.48196	8.83148193359	-1	0.101556	noncoding
ENST00000442734.5	214	0.475	7.11566162109	-1	0.281823	noncoding
ENST00000448127.1	118	0.44623	6.17254638672	-1	0.0672978	noncoding
ENST00000449309.2	574	0.4395	5.82281494141	1	1	coding
ENST00000408938.2	535	0.44436	5.43304443359	-1	0.991684	coding
ENST00000710813.1	613	0.46569	7.54644775391	1	1	coding
ENST00000425308.6	613	0.45171	7.54644775391	1	1	coding
ENST00000303887.10	720	0.44274	6.08062744141	1	1	coding
ENST00000485286.6	544	0.4482	5.90716552734	1	1	coding
ENST00000493352.1	158	0.42961	8.84259033203	-1	0.158844	noncoding
ENST00000463722.5	121	0.37485	8.83587646484	1	0.444374	noncoding
ENST00000467516.5	37	0.37029	5.89324951172	1	0.0109684	noncoding
ENST00000465738.1	48	0.45252	11.8399047852	1	0.0802696	noncoding
ENST00000486319.5	275	0.42951	9.13555908203	1	0.999911	coding
ENST00000513506.6	274	0.42262	8.77081298828	-1	0.391522	noncoding
ENST00000504677.5	172	0.42465	7.86322021484	-1	0.148735	noncoding
ENST00000506060.5	25	0.38728	9.00665283203	1	0.00782405	noncoding
ENST00000502415.5	177	0.46509	6.96209716797	-1	0.169987	noncoding
ENST00000507355.5	77	0.46487	5.18743896484	1	0.276785	noncoding
ENST00000608621.5	116	0.44048	5.87969970703	1	0.778812	coding
ENST00000508910.5	23	0.38104	8.29510498047	1	0.00548876	noncoding
ENST00000621093.5	116	0.40929	5.87969970703	1	0.705253	coding
ENST00000443430.2	125	0.39101	10.0438842773	-1	0.163085	noncoding
ENST00000513438.1	74	0.44512	5.64349365234	1	0.199281	noncoding
ENST00000419735.8	862	0.37421	9.82440185547	1	1	coding
ENST00000477775.5	739	0.40291	10.0526733398	1	1	coding
ENST00000484475.5	534	0.41705	9.90460205078	1	1	coding
ENST00000485652.1	181	0.39267	10.2478637695	1	0.939993	coding
ENST00000318724.8	147	0.28496	7.68670654297	1	0.406519	noncoding
ENST00000464874.1	90	0.37228	8.63824462891	1	0.142104	noncoding
ENST00000417368.7	927	0.43713	6.17572021484	1	1	coding
ENST00000681708.1	456	0.34523	6.23272705078	1	1	coding
ENST00000679847.1	470	0.38022	6.36212158203	1	1	coding
ENST00000681213.1	415	0.36636	5.78912353516	1	1	coding
ENST00000679764.1	198	0.33172	5.27972412109	1	0.989938	coding
ENST00000679419.1	415	0.38686	5.78912353516	1	1	coding
ENST00000473553.5	415	0.48028	5.78912353516	1	1	coding
ENST00000681511.1	257	0.40694	5.46295166016	1	0.999962	coding
ENST00000358954.6	733	0.45859	6.22003173828	1	1	coding
ENST00000393232.6	504	0.41977	4.93914794922	1	1	coding
ENST00000477428.5	27	0.36249	6.79803466797	1	0.00514585	noncoding
ENST00000454688.5	209	0.46331	5.59637451172	-1	0.302721	noncoding
ENST00000223190.8	504	0.46348	4.93914794922	1	1	coding
ENST00000393230.6	504	0.42501	4.93914794922	1	1	coding
ENST00000447430.1	105	0.3623	7.09649658203	1	0.266496	noncoding
ENST00000653887.1	84	0.32939	8.94879150391	1	0.0704266	noncoding
ENST00000664231.1	84	0.38033	8.94879150391	1	0.122814	noncoding
ENST00000436302.6	921	0.40662	8.75103759766	1	1	coding
ENST00000435976.6	705	0.43045	7.53350830078	1	1	coding
ENST00000455283.2	93	0.47905	4.05023193359	-1	0.088079	noncoding
ENST00000476700.5	178	0.26107	4.99261474609	1	0.953539	coding
ENST00000494702.2	110	0.39317	4.52618408203	1	0.756486	coding
ENST00000470839.1	33	0.34757	3.92572021484	1	0.0186197	noncoding
ENST00000489820.5	51	0.41164	7.73077392578	1	0.0292736	noncoding
ENST00000460379.1	93	0.45856	9.56182861328	-1	0.110706	noncoding
ENST00000223210.5	1170	0.44471	6.87213134766	1	1	coding
ENST00000488265.1	133	0.36914	4.11553955078	1	0.924869	coding
ENST00000466435.1	87	0.44647	6.25640869141	-1	0.0411128	noncoding
ENST00000478024.1	85	0.32326	8.04095458984	1	0.0682045	noncoding
ENST00000706130.1	805	0.46824	6.08575439453	1	1	coding
ENST00000404039.5	802	0.4114	6.06329345703	1	1	coding
ENST00000706154.1	541	0.45634	6.04266357422	1	1	coding
ENST00000481593.1	141	0.41841	9.16680908203	1	0.845038	coding
ENST00000493268.1	112	0.37558	9.69232177734	1	0.33466	noncoding
ENST00000488512.5	87	0.44094	6.26409912109	1	0.310835	noncoding
ENST00000480367.1	360	0.35163	8.03753662109	1	0.999985	coding
ENST00000251527.10	894	0.40296	8.84820556641	1	1	coding
ENST00000275418.13	867	0.408	8.61749267578	1	1	coding
ENST00000652148.1	894	0.40296	8.84820556641	1	1	coding
ENST00000529146.6	107	0.30338	11.5816040039	1	0.0971003	noncoding
ENST00000340537.9	154	0.29195	9.40472412109	1	0.35337	noncoding
ENST00000448228.7	297	0.39149	6.00286865234	1	0.999992	coding
ENST00000533852.7	331	0.44087	5.85394287109	1	1	coding
ENST00000534187.6	140	0.2881	6.57952880859	1	0.490215	noncoding
ENST00000530385.5	130	0.35404	8.20880126953	1	0.475077	noncoding
ENST00000527300.5	103	0.42055	9.34295654297	1	0.425216	noncoding
ENST00000530508.1	98	0.34417	9.09698486328	1	0.140954	noncoding
ENST00000524893.5	130	0.34864	8.20880126953	1	0.449233	noncoding
ENST00000529060.5	172	0.36324	9.50946044922	1	0.854078	coding
ENST00000526708.6	197	0.48963	5.69915771484	-1	0.270619	noncoding
ENST00000534520.6	154	0.4023	9.40472412109	1	0.876298	coding
ENST00000529617.5	160	0.31211	6.59185791016	1	0.765382	coding
ENST00000531833.1	109	0.34547	10.4729614258	1	0.198997	noncoding
ENST00000494857.6	659	0.40081	7.00750732422	1	1	coding
ENST00000522656.5	659	0.49143	7.00750732422	1	1	coding
ENST00000004531.14	699	0.40081	7.42425537109	1	1	coding
ENST00000398090.3	698	0.37826	8.24285888672	1	1	coding
ENST00000522148.5	71	0.35293	6.72198486328	-1	0.0508858	noncoding
ENST00000523300.5	162	0.49135	8.80438232422	-1	0.199375	noncoding
ENST00000519959.1	28	0.34964	12.778137207	1	0.0101181	noncoding
ENST00000519850.5	110	0.40333	6.08270263672	-1	0.0538201	noncoding
ENST00000381470.7	384	0.39714	8.87408447266	1	0.999999	coding
ENST00000432128.6	406	0.40935	8.94244384766	1	1	coding
ENST00000443491.6	359	0.39652	8.87420654297	1	0.999997	coding
ENST00000517600.5	366	0.4323	8.80694580078	1	1	coding
ENST00000523782.6	359	0.39549	8.87420654297	1	0.999996	coding
ENST00000265800.9	406	0.39714	8.94244384766	1	1	coding
ENST00000522340.5	85	0.38557	11.3165893555	1	0.134299	noncoding
ENST00000289989.10	366	0.40634	8.52447509766	1	0.999999	coding
ENST00000409586.7	358	0.40634	8.53204345703	1	0.999998	coding
ENST00000614574.4	301	0.34201	5.87066650391	1	0.999958	coding
ENST00000453427.2	50	0.3507	4.44073486328	-1	0.0204262	noncoding
ENST00000475994.1	148	0.46974	9.26104736328	-1	0.183352	noncoding
ENST00000495957.1	160	0.36795	10.5454711914	1	0.736935	coding
ENST00000517558.1	158	0.42182	4.13482666016	1	0.994365	coding
ENST00000356864.4	300	0.44465	5.24517822266	1	0.999999	coding
ENST00000517831.5	51	0.34908	9.39056396484	1	0.0232704	noncoding
ENST00000517298.5	92	0.3797	10.0765991211	1	0.17817	noncoding
ENST00000522631.1	36	0.32953	5.33514404297	1	0.0106633	noncoding
ENST00000518392.1	40	0.42615	10.2888793945	-1	0.097333	noncoding
ENST00000321764.4	263	0.29166	6.45184326172	1	0.996325	coding
ENST00000330295.10	244	0.37818	8.31365966797	1	0.998113	coding
ENST00000520337.1	230	0.44568	8.27008056641	1	0.99952	coding
ENST00000520880.1	122	0.47638	6.54925537109	1	0.830638	coding
ENST00000347708.5	391	0.43331	4.72528076172	1	1	coding
ENST00000533266.5	129	0.44016	4.39495849609	1	0.957231	coding
ENST00000530409.1	32	0.40193	11.3010864258	1	0.0207878	noncoding
ENST00000525101.5	60	0.46258	4.71600341797	-1	0.0337256	noncoding
ENST00000534255.1	104	0.45464	4.29046630859	1	0.822153	coding
ENST00000527730.1	301	0.40407	8.70257568359	-1	0.412162	noncoding
ENST00000292524.6	494	0.39236	6.43475341797	1	1	coding
ENST00000529022.5	494	0.42794	6.43475341797	1	1	coding
ENST00000530854.1	86	0.38994	8.49273681641	-1	0.0774638	noncoding
ENST00000531310.1	186	0.42881	7.65313720703	-1	0.171469	noncoding
ENST00000528528.1	139	0.44632	10.4418334961	1	0.896293	coding
ENST00000529995.1	80	0.45227	5.46136474609	1	0.293516	noncoding
ENST00000442898.5	466	0.46624	5.49310302734	1	1	coding
ENST00000696149.1	480	0.46427	5.59466552734	1	1	coding
ENST00000696150.1	99	0.45613	4.27252197266	1	0.767575	coding
ENST00000696151.1	172	0.46161	4.17974853516	1	0.998183	coding
ENST00000642633.1	36	0.27534	5.46490478516	-1	0.0848811	noncoding
ENST00000700254.1	673	0.3832	6.12542724609	1	1	coding
ENST00000700255.1	811	0.40999	8.93426513672	1	1	coding
ENST00000700258.1	390	0.40354	9.53558349609	1	0.999999	coding
ENST00000378617.4	1090	0.44	8.38446044922	1	1	coding
ENST00000361778.7	673	0.4655	6.12542724609	1	1	coding
ENST00000700259.1	476	0.35568	5.92767333984	1	1	coding
ENST00000491687.1	98	0.44713	9.17877197266	1	0.477586	noncoding
ENST00000700264.1	1049	0.45774	7.41033935547	1	1	coding
ENST00000619578.4	1611	0.4596	5.69097900391	1	1	coding
ENST00000378495.7	1592	0.44264	5.67083740234	1	1	coding
ENST00000637271.1	1222	0.44819	6.45831298828	1	1	coding
ENST00000574939.1	54	0.46774	4.59368896484	1	0.0973016	noncoding
ENST00000431981.2	35	0.36688	9.89874267578	-1	0.115792	noncoding
ENST00000658413.1	98	0.31373	9.01470947266	1	0.101021	noncoding
ENST00000666249.1	48	0.31686	6.49969482422	1	0.0145449	noncoding
ENST00000658963.1	48	0.31767	6.49969482422	1	0.014533	noncoding
ENST00000439587.6	339	0.42334	7.80755615234	1	0.999999	coding
ENST00000643932.2	925	0.27943	9.14093017578	1	1	coding
ENST00000650015.1	473	0.41433	8.34539794922	1	1	coding
ENST00000377991.9	473	0.27943	8.34539794922	1	0.99997	coding
ENST00000464519.6	176	0.39826	10.3071899414	-1	0.220919	noncoding
ENST00000377988.6	473	0.39583	8.34539794922	1	1	coding
ENST00000490199.2	156	0.42771	4.82293701172	1	0.988947	coding
ENST00000377966.4	972	0.41334	6.34820556641	1	1	coding
ENST00000475774.5	118	0.33512	8.70306396484	1	0.256725	noncoding
ENST00000479053.1	226	0.38417	6.89923095703	1	0.998343	coding
ENST00000377542.3	131	0.36474	6.72137451172	-1	0.0855276	noncoding
ENST00000656580.1	162	0.41824	5.02642822266	1	0.989946	coding
ENST00000653988.1	158	0.33446	4.73138427734	1	0.943129	coding
ENST00000668789.1	146	0.31654	4.62420654297	1	0.879997	coding
ENST00000669872.1	74	0.38619	6.87689208984	1	0.0837245	noncoding
ENST00000657353.1	44	0.43172	11.7052612305	1	0.0475012	noncoding
ENST00000377518.3	95	0.31757	11.9555053711	1	0.0731653	noncoding
ENST00000429818.1	92	0.29547	11.9060668945	1	0.063164	noncoding
ENST00000412631.1	50	0.40098	8.88531494141	1	0.0300921	noncoding
ENST00000430302.1	69	0.37608	8.50714111328	1	0.0563821	noncoding
ENST00000265382.8	541	0.40235	6.38836669922	1	1	coding
ENST00000541509.5	503	0.34625	8.34722900391	1	1	coding
ENST00000375751.8	613	0.40719	7.27142333984	1	1	coding
ENST00000375754.9	636	0.39179	8.43194580078	1	1	coding
ENST00000375747.5	613	0.40719	7.27142333984	1	1	coding
ENST00000476708.1	116	0.41985	7.05389404297	-1	0.0657576	noncoding
ENST00000375746.1	636	0.39179	8.43194580078	1	1	coding
ENST00000375482.8	726	0.46778	5.78289794922	1	1	coding
ENST00000416701.6	725	0.46538	5.73028564453	1	1	coding
ENST00000468206.6	726	0.46283	5.78289794922	1	1	coding
ENST00000337352.10	726	0.46954	5.78289794922	1	1	coding
ENST00000467786.1	635	0.38304	5.89569091797	1	1	coding
ENST00000488407.1	112	0.37272	6.80450439453	-1	0.0678143	noncoding
ENST00000493559.1	86	0.34996	10.166809082	1	0.100698	noncoding
ENST00000684047.1	455	0.29268	6.10772705078	1	1	coding
ENST00000684001.1	487	0.29268	6.28057861328	1	1	coding
ENST00000684405.1	326	0.29268	5.93450927734	1	0.9999	coding
ENST00000608872.6	455	0.28883	6.10772705078	1	1	coding
ENST00000453291.2	188	0.31857	6.99603271484	1	0.917093	coding
ENST00000373887.8	417	0.33725	5.77423095703	1	1	coding
ENST00000540010.1	417	0.3631	5.77423095703	1	1	coding
ENST00000320246.10	314	0.38223	8.25665283203	1	0.99996	coding
ENST00000373600.7	348	0.38919	8.74078369141	1	0.999992	coding
ENST00000545174.5	314	0.38733	8.25665283203	1	0.999968	coding
ENST00000425237.5	222	0.43057	9.05523681641	-1	0.289016	noncoding
ENST00000546191.5	314	0.39353	8.25665283203	1	0.999976	coding
ENST00000394199.6	348	0.38733	8.74078369141	1	0.999992	coding
ENST00000372136.7	223	0.33755	9.29949951172	1	0.960294	coding
ENST00000356311.10	223	0.38583	9.29949951172	1	0.992862	coding
ENST00000350499.6	169	0.43833	7.13726806641	1	0.983982	coding
ENST00000674687.3	123	0.30544	6.56024169922	1	0.341985	noncoding
ENST00000692865.2	123	0.31753	6.56024169922	1	0.369417	noncoding
ENST00000411904.2	62	0.28796	4.52899169922	1	0.0824843	noncoding
ENST00000675837.3	62	0.31065	4.52899169922	1	0.0671202	noncoding
ENST00000687828.2	133	0.28305	11.1781616211	1	0.150601	noncoding
ENST00000701344.1	133	0.27385	11.1781616211	1	0.140272	noncoding
ENST00000691577.1	133	0.30432	11.1781616211	1	0.18871	noncoding
ENST00000700885.1	133	0.30091	11.1781616211	1	0.181219	noncoding
ENST00000485732.5	297	0.3396	7.18341064453	1	0.999758	coding
ENST00000317446.7	1138	0.38162	5.67694091797	1	1	coding
ENST00000445819.5	1217	0.40912	5.65936279297	1	1	coding
ENST00000481327.1	0	0.34111	0.0	-1	8.40577e-07	noncoding
ENST00000479475.1	219	0.32636	7.20941162109	1	0.980929	coding
ENST00000333046.8	434	0.42379	4.90570068359	1	1	coding
ENST00000477345.1	154	0.33946	4.31622314453	1	0.953758	coding
ENST00000409012.6	712	0.40168	6.82427978516	1	1	coding
ENST00000541945.1	17	0.38709	9.49676513672	1	0.00629078	noncoding
ENST00000376215.10	416	0.45186	9.16741943359	1	1	coding
ENST00000473224.1	72	0.48019	6.25543212891	-1	0.0336097	noncoding
ENST00000491711.5	71	0.4097	7.92401123047	1	0.0869609	noncoding
ENST00000470978.1	154	0.39759	5.30902099609	1	0.969041	coding
ENST00000542547.5	468	0.40306	5.53619384766	1	1	coding
ENST00000263056.6	468	0.44252	5.53619384766	1	1	coding
ENST00000375322.2	133	0.44113	4.50189208984	1	0.964535	coding
ENST00000413724.5	223	0.46477	4.84136962891	-1	0.433395	noncoding
ENST00000375321.1	468	0.4477	5.53619384766	1	1	coding
ENST00000430603.1	159	0.48038	8.71905517578	1	0.982989	coding
ENST00000560196.5	75	0.46526	10.5427856445	1	0.326444	noncoding
ENST00000542879.5	907	0.46859	5.09063720703	1	1	coding
ENST00000561304.5	77	0.46299	10.798034668	1	0.343617	noncoding
ENST00000320985.14	1125	0.45653	4.87188720703	1	1	coding
ENST00000424869.6	1126	0.47188	4.85931396484	1	1	coding
ENST00000437844.6	907	0.47188	5.09063720703	1	1	coding
ENST00000561212.5	274	0.43634	9.41839599609	-1	0.440476	noncoding
ENST00000446923.7	1109	0.45276	4.79681396484	1	1	coding
ENST00000615949.6	123	0.46432	4.84088134766	1	0.91648	coding
ENST00000485560.5	112	0.36337	4.64215087891	1	0.655345	coding
ENST00000395867.8	580	0.30616	8.59088134766	1	1	coding
ENST00000611278.4	120	0.34719	4.72052001953	1	0.695323	coding
ENST00000357328.8	580	0.30211	8.59088134766	1	1	coding
ENST00000494133.1	54	0.44075	8.76910400391	1	0.0572051	noncoding
ENST00000374648.7	120	0.41571	4.72052001953	1	0.881171	coding
ENST00000395873.7	100	0.43793	4.43536376953	-1	0.0623755	noncoding
ENST00000395874.2	69	0.47033	4.33953857422	-1	0.0475565	noncoding
ENST00000374429.6	94	0.35325	9.92486572266	1	0.138084	noncoding
ENST00000374426.6	120	0.44144	10.4430541992	1	0.740279	coding
ENST00000343575.11	90	0.32954	9.71868896484	1	0.0917415	noncoding
ENST00000580094.5	98	0.30981	10.1168823242	1	0.0981017	noncoding
ENST00000690404.1	108	0.36161	8.48858642578	1	0.25527	noncoding
ENST00000701199.1	98	0.37174	10.1168823242	1	0.199421	noncoding
ENST00000690946.1	98	0.34744	10.1168823242	1	0.147605	noncoding
ENST00000688259.1	98	0.35761	10.1168823242	1	0.167092	noncoding
ENST00000685496.1	105	0.34128	8.23834228516	1	0.18106	noncoding
ENST00000700769.1	98	0.38711	10.1168823242	1	0.242563	noncoding
ENST00000374342.6	65	0.36604	6.24407958984	1	0.0478853	noncoding
ENST00000417004.5	126	0.45286	5.39459228516	-1	0.0866325	noncoding
ENST00000374339.5	421	0.41613	5.54351806641	1	1	coding
ENST00000395722.7	93	0.4071	9.13641357422	1	0.253029	noncoding
ENST00000374346.7	227	0.42623	4.85089111328	1	0.999903	coding
ENST00000374218.6	340	0.42999	7.07049560547	1	1	coding
ENST00000395725.7	146	0.4071	5.57989501953	1	0.947919	coding
ENST00000395721.6	340	0.42158	7.07049560547	1	0.999999	coding
ENST00000395727.6	229	0.47951	8.40509033203	1	0.999752	coding
ENST00000510335.5	180	0.3967	9.02557373047	1	0.96085	coding
ENST00000513159.5	93	0.46048	9.13641357422	1	0.466055	noncoding
ENST00000508357.5	82	0.39464	6.04827880859	1	0.173775	noncoding
ENST00000502254.5	146	0.48805	4.75030517578	1	0.975506	coding
ENST00000519078.6	189	0.46981	8.53021240234	-1	0.237656	noncoding
ENST00000475504.6	110	0.32771	6.73687744141	1	0.245426	noncoding
ENST00000316629.8	241	0.38476	6.53912353516	1	0.999485	coding
ENST00000395284.8	298	0.39698	8.37506103516	1	0.999946	coding
ENST00000448257.6	298	0.34212	8.37506103516	1	0.999353	coding
ENST00000487784.1	29	0.4032	4.90277099609	1	0.01317	noncoding
ENST00000224721.12	3400	0.43736	4.54595947266	1	1	coding
ENST00000461841.7	576	0.45655	5.07098388672	1	1	coding
ENST00000299366.11	1107	0.44596	4.53521728516	1	1	coding
ENST00000616684.4	1427	0.42897	4.59942626953	1	1	coding
ENST00000442677.4	1212	0.44056	4.45623779297	1	1	coding
ENST00000646131.1	278	0.42011	4.56439208984	1	0.999997	coding
ENST00000643732.1	416	0.44454	4.55255126953	1	1	coding
ENST00000466757.8	1014	0.45591	4.54534912109	1	1	coding
ENST00000470494.5	125	0.43052	5.18597412109	1	0.897971	coding
ENST00000398792.3	456	0.4318	4.35382080078	1	1	coding
ENST00000647092.1	1080	0.44201	4.57342529297	1	1	coding
ENST00000398788.4	1115	0.44036	4.63763427734	1	1	coding
ENST00000619887.4	1080	0.44036	4.57342529297	1	1	coding
ENST00000475158.1	1080	0.43897	4.57342529297	1	1	coding
ENST00000359979.8	568	0.47684	6.40887451172	1	1	coding
ENST00000372088.8	1048	0.40029	6.63323974609	1	1	coding
ENST00000494144.5	236	0.35436	9.51446533203	1	0.985904	coding
ENST00000543283.2	315	0.28334	9.63995361328	1	0.97768	coding
ENST00000494586.5	119	0.37428	8.82354736328	-1	0.119464	noncoding
ENST00000493409.5	273	0.41843	6.54620361328	-1	0.405224	noncoding
ENST00000412050.8	685	0.32257	6.29083251953	1	1	coding
ENST00000265997.5	699	0.3064	6.55511474609	1	1	coding
ENST00000614585.4	699	0.32826	6.55511474609	1	1	coding
ENST00000444411.5	54	0.41098	10.6050415039	1	0.0572196	noncoding
ENST00000495415.5	294	0.36022	8.64324951172	1	0.999578	coding
ENST00000434538.5	575	0.45597	6.46588134766	1	1	coding
ENST00000415383.5	872	0.46119	5.83392333984	1	1	coding
ENST00000438925.7	1031	0.47398	5.92108154297	1	1	coding
ENST00000485400.1	113	0.40459	6.47918701172	1	0.582063	coding
ENST00000327238.14	933	0.47398	5.97406005859	1	1	coding
ENST00000355839.10	1009	0.46939	6.14044189453	1	1	coding
ENST00000480108.1	163	0.37082	8.60333251953	-1	0.152921	noncoding
ENST00000441194.5	147	0.46944	4.63470458984	-1	0.167991	noncoding
ENST00000422685.5	277	0.43238	6.41461181641	-1	0.460185	noncoding
ENST00000477575.1	216	0.44584	8.97601318359	1	0.998663	coding
ENST00000370200.6	305	0.32387	4.66571044922	1	0.999985	coding
ENST00000477979.5	146	0.35422	4.17974853516	1	0.949617	coding
ENST00000477267.1	152	0.34035	10.2787475586	1	0.532359	coding
ENST00000465807.1	105	0.35735	10.0726928711	1	0.210369	noncoding
ENST00000413464.6	1401	0.47137	5.21783447266	1	1	coding
ENST00000278070.7	1665	0.47907	6.11346435547	1	1	coding
ENST00000370012.1	650	0.42107	10.0346069336	1	1	coding
ENST00000462933.1	27	0.37416	6.49822998047	1	0.00555502	noncoding
ENST00000495914.1	121	0.41129	9.50531005859	-1	0.136219	noncoding
ENST00000238936.8	518	0.39147	8.20745849609	1	1	coding
ENST00000369931.3	154	0.41151	6.72406005859	1	0.944555	coding
ENST00000450947.2	67	0.41578	5.47271728516	-1	0.0272509	noncoding
ENST00000428200.1	25	0.43017	12.3026733398	1	0.017133	noncoding
ENST00000469294.1	35	0.40184	9.23712158203	1	0.0154728	noncoding
ENST00000690052.1	360	0.42823	6.21697998047	1	1	coding
ENST00000692195.1	746	0.48875	5.32049560547	1	1	coding
ENST00000369839.4	801	0.49199	5.39654541016	1	1	coding
ENST00000687830.1	292	0.39144	4.68621826172	1	0.999997	coding
ENST00000687501.1	514	0.3694	5.14752197266	1	1	coding
ENST00000692471.1	84	0.35956	4.80047607422	1	0.223596	noncoding
ENST00000693184.1	99	0.36985	5.15191650391	1	0.401526	noncoding
ENST00000357060.8	1666	0.4545	5.70574951172	1	1	coding
ENST00000457071.5	451	0.44619	7.12506103516	1	1	coding
ENST00000434629.5	949	0.44003	5.97686767578	1	1	coding
ENST00000479392.1	55	0.42233	6.72100830078	1	0.0421256	noncoding
ENST00000278064.7	941	0.47288	5.49908447266	1	1	coding
ENST00000369720.6	483	0.40493	5.18463134766	1	1	coding
ENST00000369719.2	374	0.43187	5.47467041016	1	1	coding
ENST00000360162.7	675	0.4546	6.35296630859	1	1	coding
ENST00000277900.12	675	0.4103	6.35296630859	1	1	coding
ENST00000356080.9	707	0.43948	5.91888427734	1	1	coding
ENST00000497125.5	125	0.42639	7.88385009766	-1	0.0873878	noncoding
ENST00000468345.1	180	0.44269	6.42095947266	-1	0.163564	noncoding
ENST00000472568.5	118	0.47654	7.96820068359	-1	0.0875112	noncoding
ENST00000479805.1	84	0.45934	4.36798095703	1	0.51677	coding
ENST00000650623.2	1133	0.4689	6.56658935547	1	1	coding
ENST00000369081.3	220	0.48596	9.26898193359	1	0.99962	coding
ENST00000648661.1	965	0.45184	6.15118408203	1	1	coding
ENST00000648262.1	1071	0.47485	6.22442626953	1	1	coding
ENST00000650409.1	523	0.40643	6.29583740234	1	1	coding
ENST00000637174.1	404	0.36459	8.86553955078	1	0.999998	coding
ENST00000462160.5	382	0.44547	6.68328857422	1	1	coding
ENST00000368622.5	370	0.44112	5.19085693359	1	1	coding
ENST00000298630.8	487	0.42073	6.15618896484	1	1	coding
ENST00000368620.2	239	0.42502	11.5333862305	-1	0.351173	noncoding
ENST00000368619.3	147	0.32269	11.473815918	1	0.288769	noncoding
ENST00000456004.1	103	0.33002	11.924987793	1	0.0988076	noncoding
ENST00000528845.5	123	0.3484	5.63250732422	1	0.599689	coding
ENST00000526395.5	81	0.43747	4.40570068359	1	0.454952	noncoding
ENST00000431843.7	411	0.42276	6.02276611328	1	1	coding
ENST00000397632.7	411	0.42373	6.02276611328	1	1	coding
ENST00000332725.7	411	0.40786	6.02276611328	1	1	coding
ENST00000527295.5	103	0.28385	11.3587036133	1	0.0843903	noncoding
ENST00000527987.1	81	0.3927	4.40570068359	1	0.333838	noncoding
ENST00000531205.5	505	0.39834	8.15106201172	1	1	coding
ENST00000534217.5	67	0.43044	9.39385986328	1	0.112431	noncoding
ENST00000528116.5	44	0.45922	8.53851318359	-1	0.0390421	noncoding
ENST00000527136.1	41	0.45156	8.53851318359	-1	0.0381406	noncoding
ENST00000525070.1	49	0.43595	8.50421142578	1	0.0383326	noncoding
ENST00000534191.1	208	0.37865	11.8178100586	1	0.909094	coding
ENST00000527089.5	88	0.34324	4.30963134766	-1	0.0362953	noncoding
ENST00000534606.1	128	0.32163	4.46783447266	-1	0.0770002	noncoding
ENST00000530183.1	53	0.41125	4.37078857422	-1	0.0215891	noncoding
ENST00000528542.6	295	0.42293	4.82440185547	1	0.999999	coding
ENST00000525077.2	400	0.44256	5.28240966797	1	1	coding
ENST00000450448.5	295	0.44051	4.82440185547	1	0.999999	coding
ENST00000530737.2	218	0.36875	10.5977172852	1	0.965539	coding
ENST00000530688.5	231	0.38193	5.76593017578	1	0.999468	coding
ENST00000527763.5	469	0.33873	9.81268310547	1	0.999996	coding
ENST00000528694.1	135	0.28509	11.4159545898	1	0.148834	noncoding
ENST00000526531.1	74	0.39117	9.76397705078	1	0.0982049	noncoding
ENST00000331588.4	626	0.3864	8.57586669922	1	1	coding
ENST00000397374.8	626	0.3798	8.57586669922	1	1	coding
ENST00000528778.1	145	0.42481	8.77276611328	-1	0.136358	noncoding
ENST00000311604.8	340	0.44776	4.68780517578	1	1	coding
ENST00000446808.5	126	0.43806	4.15631103516	-1	0.10689	noncoding
ENST00000405957.6	278	0.41107	4.91485595703	1	0.999995	coding
ENST00000451814.5	64	0.40956	4.29302978516	-1	0.02608	noncoding
ENST00000429923.5	175	0.41978	4.23150634766	-1	0.189494	noncoding
ENST00000406638.6	278	0.33565	4.91485595703	1	0.999936	coding
ENST00000472974.5	83	0.4222	9.76324462891	1	0.216368	noncoding
ENST00000432093.1	222	0.44059	4.57391357422	-1	0.393837	noncoding
ENST00000464670.1	63	0.40344	9.40972900391	-1	0.0861838	noncoding
ENST00000531387.5	739	0.49376	5.97222900391	1	1	coding
ENST00000397111.9	749	0.47569	6.31060791016	1	1	coding
ENST00000484484.5	68	0.42538	9.50970458984	1	0.112381	noncoding
ENST00000278224.13	727	0.47914	6.58538818359	1	1	coding
ENST00000380525.9	832	0.47569	6.38507080078	1	1	coding
ENST00000466442.6	306	0.32938	8.86895751953	1	0.99864	coding
ENST00000439280.6	240	0.44745	5.19720458984	1	0.999958	coding
ENST00000649792.2	1029	0.38303	6.31280517578	1	1	coding
ENST00000309263.7	1000	0.38151	6.21429443359	1	1	coding
ENST00000450649.6	808	0.40813	6.07061767578	1	1	coding
ENST00000520467.5	972	0.39387	6.41790771484	1	1	coding
ENST00000518447.1	87	0.42179	9.29852294922	1	0.242379	noncoding
ENST00000532532.1	24	0.40108	4.67706298828	1	0.0105915	noncoding
ENST00000528651.1	61	0.37217	10.2772827148	1	0.0491993	noncoding
ENST00000519202.1	70	0.36696	9.72760009766	1	0.0630569	noncoding
ENST00000534295.1	131	0.4458	7.61505126953	1	0.855525	coding
ENST00000396505.7	351	0.30725	4.58587646484	1	0.999998	coding
ENST00000683431.1	351	0.37595	4.58587646484	1	1	coding
ENST00000527132.1	109	0.37852	7.65081787109	1	0.342937	noncoding
ENST00000326932.8	351	0.37033	4.58587646484	1	1	coding
ENST00000526995.6	523	0.32237	6.00091552734	1	1	coding
ENST00000348124.5	523	0.39616	6.00091552734	1	1	coding
ENST00000529150.1	153	0.43152	6.49346923828	-1	0.10675	noncoding
ENST00000278198.2	641	0.39508	6.69696044922	1	1	coding
ENST00000619527.4	641	0.48201	6.69696044922	1	1	coding
ENST00000528697.6	641	0.46349	6.69696044922	1	1	coding
ENST00000527150.5	641	0.44822	6.69696044922	1	1	coding
ENST00000530763.5	641	0.46511	6.69696044922	1	1	coding
ENST00000534577.1	32	0.40902	4.38848876953	1	0.0231257	noncoding
ENST00000534751.3	517	0.41442	7.25628662109	1	1	coding
ENST00000683152.1	1178	0.38981	5.67254638672	1	1	coding
ENST00000424263.6	478	0.46907	5.65948486328	1	1	coding
ENST00000622142.5	1178	0.41236	5.67254638672	1	1	coding
ENST00000528980.1	194	0.42387	5.67401123047	-1	0.19297	noncoding
ENST00000667593.1	35	0.34357	7.68157958984	1	0.00771541	noncoding
ENST00000668755.3	35	0.43432	7.68157958984	1	0.0141044	noncoding
ENST00000669834.2	35	0.37186	7.68157958984	1	0.0087071	noncoding
ENST00000524488.1	35	0.42415	7.68157958984	1	0.0129182	noncoding
ENST00000524565.1	35	0.36018	7.68157958984	1	0.00819367	noncoding
ENST00000622878.4	93	0.42775	10.4407348633	-1	0.150717	noncoding
ENST00000256996.9	428	0.44624	9.55792236328	1	1	coding
ENST00000378601.7	245	0.37455	9.85406494141	1	0.994621	coding
ENST00000615695.1	176	0.41656	10.141784668	1	0.961999	coding
ENST00000612309.4	295	0.37506	9.81890869141	1	0.999451	coding
ENST00000614394.1	155	0.37086	8.64495849609	1	0.802254	coding
ENST00000614884.1	47	0.4413	4.64166259766	1	0.0646703	noncoding
ENST00000525801.1	67	0.40977	9.61578369141	1	0.0886656	noncoding
ENST00000534093.5	179	0.38431	4.92071533203	1	0.993882	coding
ENST00000278833.4	352	0.43786	5.65399169922	1	1	coding
ENST00000652762.2	266	0.31639	9.70965576172	1	0.975836	coding
ENST00000650773.1	110	0.30671	9.33221435547	-1	0.163834	noncoding
ENST00000406310.6	507	0.42883	7.90667724609	1	1	coding
ENST00000677967.1	423	0.42883	6.01092529297	1	1	coding
ENST00000000442.11	424	0.42883	6.01092529297	1	1	coding
ENST00000405666.5	424	0.42988	6.01092529297	1	1	coding
ENST00000467987.1	188	0.41608	10.7191772461	-1	0.265816	noncoding
ENST00000545035.1	167	0.39703	5.08831787109	1	0.988576	coding
ENST00000294066.7	821	0.38792	5.91387939453	1	1	coding
ENST00000435926.5	732	0.46341	5.92376708984	1	1	coding
ENST00000424945.5	94	0.43365	4.41265869141	1	0.6611	coding
ENST00000470088.5	211	0.36677	9.55548095703	1	0.972607	coding
ENST00000377350.7	813	0.4907	5.91387939453	1	1	coding
ENST00000433890.5	723	0.47635	5.83062744141	1	1	coding
ENST00000489952.5	260	0.43783	9.41363525391	1	0.999827	coding
ENST00000467689.1	74	0.47975	6.70599365234	-1	0.0353204	noncoding
ENST00000439069.5	307	0.43958	8.71380615234	-1	0.533687	coding
ENST00000493428.5	103	0.44755	10.0054321289	-1	0.142954	noncoding
ENST00000468062.5	79	0.40543	9.35870361328	-1	0.0946878	noncoding
ENST00000534313.6	1043	0.42586	6.15899658203	1	1	coding
ENST00000533361.1	102	0.34213	11.2725219727	-1	0.173521	noncoding
ENST00000526137.1	36	0.34836	5.74615478516	1	0.00957262	noncoding
ENST00000527525.5	941	0.43972	6.04888916016	1	1	coding
ENST00000394224.3	1043	0.42586	6.15899658203	1	1	coding
ENST00000531339.5	78	0.41371	4.36468505859	-1	0.0342966	noncoding
ENST00000529725.1	84	0.44504	4.45037841797	-1	0.0497755	noncoding
ENST00000528699.1	60	0.48298	8.21136474609	1	0.108382	noncoding
ENST00000529934.5	23	0.45167	4.80755615234	1	0.011985	noncoding
ENST00000526897.1	98	0.42085	10.1500854492	1	0.37026	noncoding
ENST00000534517.1	39	0.42157	8.51763916016	1	0.0188247	noncoding
ENST00000260061.9	663	0.40557	5.73321533203	1	1	coding
ENST00000407242.6	663	0.40557	5.73321533203	1	1	coding
ENST00000404995.5	663	0.43606	5.73321533203	1	1	coding
ENST00000464145.1	103	0.40382	6.24810791016	1	0.448575	noncoding
ENST00000361507.5	677	0.35411	8.54083251953	1	1	coding
ENST00000340149.6	639	0.35269	6.53692626953	1	1	coding
ENST00000530915.1	102	0.33783	4.78753662109	-1	0.0515163	noncoding
ENST00000602381.2	73	0.36612	6.51800537109	1	0.0688989	noncoding
ENST00000665524.1	54	0.34787	10.9313354492	1	0.0335397	noncoding
ENST00000624533.1	107	0.31512	9.64605712891	1	0.136065	noncoding
ENST00000528524.5	28	0.32607	7.95416259766	1	0.00573703	noncoding
ENST00000530825.5	16	0.38495	9.98443603516	1	0.00713046	noncoding
ENST00000529031.5	21	0.36423	8.51507568359	1	0.00496395	noncoding
ENST00000529811.5	21	0.34956	8.51507568359	1	0.00482924	noncoding
ENST00000500634.2	28	0.31126	7.95416259766	1	0.00595442	noncoding
ENST00000528083.1	28	0.343	7.95416259766	1	0.00574996	noncoding
ENST00000525141.1	60	0.40682	10.2848510742	1	0.0684791	noncoding
ENST00000298966.7	60	0.35489	10.2848510742	1	0.0410201	noncoding
ENST00000527149.5	60	0.42535	10.2848510742	1	0.087917	noncoding
ENST00000526869.1	47	0.40643	10.4535522461	-1	0.118146	noncoding
ENST00000646818.2	545	0.45539	4.90655517578	1	1	coding
ENST00000680763.1	545	0.45539	4.90655517578	1	1	coding
ENST00000679960.1	545	0.4549	4.90655517578	1	1	coding
ENST00000680728.1	522	0.45539	4.97149658203	1	1	coding
ENST00000647080.1	496	0.4549	4.79388427734	1	1	coding
ENST00000646050.1	518	0.45539	4.73541259766	1	1	coding
ENST00000545264.1	55	0.39937	11.2221069336	1	0.0522316	noncoding
ENST00000423339.2	545	0.45276	4.90655517578	1	1	coding
ENST00000530106.2	345	0.3369	4.59112548828	1	0.999999	coding
ENST00000525786.1	25	0.34515	6.48773193359	-1	0.0324131	noncoding
ENST00000531837.2	613	0.38033	5.17828369141	1	1	coding
ENST00000526793.5	613	0.38498	5.17828369141	1	1	coding
ENST00000532662.1	33	0.42558	4.86102294922	-1	0.0159502	noncoding
ENST00000531482.2	92	0.37586	5.83660888672	1	0.247583	noncoding
ENST00000528483.1	89	0.32679	6.04351806641	1	0.125256	noncoding
ENST00000526805.1	26	0.4209	8.84149169922	1	0.0100253	noncoding
ENST00000533999.5	78	0.42333	10.8065795898	1	0.188167	noncoding
ENST00000436913.6	230	0.36026	4.91400146484	1	0.999514	coding
ENST00000375615.7	383	0.39252	4.85052490234	1	1	coding
ENST00000525866.5	230	0.38962	4.91400146484	1	0.999799	coding
ENST00000375614.7	375	0.40225	4.88262939453	1	1	coding
ENST00000533265.5	263	0.37618	5.47625732422	1	0.999932	coding
ENST00000530962.5	109	0.42156	4.84075927734	-1	0.0584232	noncoding
ENST00000528924.4	108	0.41967	5.84222412109	-1	0.052943	noncoding
ENST00000701675.1	54	0.41629	6.70404052734	1	0.0376464	noncoding
ENST00000532168.3	54	0.34452	6.70404052734	1	0.0204025	noncoding
ENST00000504610.2	155	0.28445	9.39984130859	1	0.330952	noncoding
ENST00000419895.5	35	0.27433	5.87200927734	1	0.0144275	noncoding
ENST00000691869.2	20	0.36725	4.67706298828	1	0.00616762	noncoding
ENST00000693507.1	93	0.2951	7.65679931641	1	0.0814749	noncoding
ENST00000666993.1	65	0.29327	8.89019775391	1	0.0291353	noncoding
ENST00000689463.1	35	0.35514	5.87200927734	1	0.00897951	noncoding
ENST00000690533.1	93	0.32551	7.65679931641	1	0.0997984	noncoding
ENST00000260264.8	439	0.31774	9.04986572266	1	0.999982	coding
ENST00000543440.7	437	0.33743	8.65631103516	1	0.999998	coding
ENST00000606153.1	95	0.30221	9.68902587891	1	0.0837712	noncoding
ENST00000532638.1	222	0.35541	9.77789306641	1	0.971418	coding
ENST00000532663.1	154	0.34509	9.74224853516	-1	0.173974	noncoding
ENST00000529039.1	107	0.33267	9.34197998047	1	0.168239	noncoding
ENST00000307257.10	308	0.40644	5.88336181641	1	0.999998	coding
ENST00000227349.7	779	0.31729	9.28411865234	1	1	coding
ENST00000531316.1	779	0.43923	9.28411865234	1	1	coding
ENST00000690490.2	126	0.34829	11.7064819336	1	0.237518	noncoding
ENST00000660892.2	58	0.33423	4.73480224609	1	0.0481414	noncoding
ENST00000227135.7	152	0.37203	4.76397705078	1	0.960881	coding
ENST00000529498.1	92	0.36395	9.57537841797	1	0.144751	noncoding
ENST00000524614.1	59	0.44142	5.00457763672	-1	0.0272766	noncoding
ENST00000284292.11	79	0.37906	7.72027587891	1	0.0921064	noncoding
ENST00000412681.2	79	0.37906	7.72027587891	1	0.0921064	noncoding
ENST00000326621.10	328	0.46753	7.49847412109	1	1	coding
ENST00000403470.1	285	0.40388	7.50360107422	1	0.999956	coding
ENST00000374979.8	560	0.40112	5.86419677734	1	1	coding
ENST00000239614.8	597	0.39342	6.55694580078	1	1	coding
ENST00000674284.1	597	0.39342	6.55694580078	1	1	coding
ENST00000526629.1	330	0.34405	5.50042724609	1	0.999995	coding
ENST00000650095.1	330	0.37317	5.50042724609	1	0.999999	coding
ENST00000533514.1	60	0.4199	6.70892333984	-1	0.0283494	noncoding
ENST00000634413.1	170	0.40325	8.45941162109	1	0.952365	coding
ENST00000438015.7	477	0.34952	8.49603271484	1	1	coding
ENST00000525396.5	133	0.44956	5.16729736328	-1	0.100173	noncoding
ENST00000711049.1	493	0.33699	9.29925537109	1	0.999999	coding
ENST00000428830.6	477	0.4304	8.49603271484	1	1	coding
ENST00000278916.8	443	0.4458	8.19146728516	1	1	coding
ENST00000544373.5	383	0.36864	9.16241455078	1	0.999993	coding
ENST00000527013.6	206	0.42887	5.19622802734	-1	0.254922	noncoding
ENST00000526937.5	170	0.44587	5.25787353516	-1	0.171691	noncoding
ENST00000532449.6	477	0.37465	8.49603271484	1	1	coding
ENST00000534070.5	477	0.35258	8.49603271484	1	1	coding
ENST00000524737.6	477	0.4458	8.49603271484	1	1	coding
ENST00000535549.5	226	0.30787	6.34124755859	1	0.988547	coding
ENST00000319397.7	442	0.34473	5.04400634766	1	1	coding
ENST00000392668.8	486	0.32244	5.01165771484	1	1	coding
ENST00000526145.6	355	0.36783	5.07879638672	1	1	coding
ENST00000305108.10	143	0.46254	9.51739501953	1	0.942126	coding
ENST00000662884.1	189	0.4615	9.46551513672	1	0.995576	coding
ENST00000397265.7	136	0.46803	9.89422607422	1	0.931005	coding
ENST00000542920.1	107	0.44946	10.1513061523	1	0.636562	coding
ENST00000611180.5	805	0.45739	6.30352783203	-1	0.999861	coding
ENST00000543086.7	1089	0.43661	5.77154541016	1	1	coding
ENST00000360905.9	1117	0.43661	5.72210693359	1	1	coding
ENST00000536573.7	860	0.47403	6.24078369141	1	1	coding
ENST00000011684.11	791	0.45024	6.62921142578	1	1	coding
ENST00000684764.1	791	0.45024	6.62921142578	1	1	coding
ENST00000536531.5	496	0.43981	9.20782470703	1	1	coding
ENST00000396988.7	791	0.4554	6.62921142578	1	1	coding
ENST00000543000.1	92	0.44486	5.54693603516	-1	0.0458511	noncoding
ENST00000535616.1	84	0.44451	6.70269775391	-1	0.0403347	noncoding
ENST00000544743.1	60	0.44299	7.80889892578	-1	0.0369697	noncoding
ENST00000304581.8	321	0.44626	5.45733642578	1	1	coding
ENST00000356654.8	1191	0.45634	9.01495361328	1	1	coding
ENST00000396684.3	1191	0.43132	9.01495361328	1	1	coding
ENST00000541029.1	106	0.40448	6.50274658203	-1	0.0533259	noncoding
ENST00000446597.6	1052	0.47523	5.59722900391	1	1	coding
ENST00000333957.8	1001	0.48508	5.47247314453	1	1	coding
ENST00000542676.5	1052	0.47319	5.59722900391	1	1	coding
ENST00000539615.1	276	0.43308	6.52362060547	-1	0.452387	noncoding
ENST00000543888.1	63	0.39754	9.85784912109	-1	0.106927	noncoding
ENST00000540245.5	100	0.38628	7.65655517578	-1	0.0684966	noncoding
ENST00000538142.5	120	0.40677	7.49810791016	-1	0.0761279	noncoding
ENST00000540266.5	141	0.46125	8.00445556641	1	0.931188	coding
ENST00000422622.3	141	0.33674	8.00445556641	1	0.532636	coding
ENST00000242729.7	244	0.35756	8.12188720703	1	0.996415	coding
ENST00000473753.2	72	0.31129	6.79754638672	1	0.0423314	noncoding
ENST00000617468.1	90	0.30633	9.02349853516	1	0.0722741	noncoding
ENST00000257860.9	471	0.43175	5.37310791016	1	1	coding
ENST00000451891.4	207	0.39193	4.85687255859	-1	0.209952	noncoding
ENST00000537252.1	88	0.39754	11.3723754883	-1	0.181816	noncoding
ENST00000532332.2	161	0.44677	5.25360107422	1	0.990826	coding
ENST00000530631.1	160	0.46063	5.25360107422	1	0.99058	coding
ENST00000546842.5	361	0.36208	5.48101806641	-1	0.643923	coding
ENST00000553200.1	137	0.29457	10.2997436523	-1	0.14622	noncoding
ENST00000549102.1	83	0.44992	6.38360595703	1	0.263623	noncoding
ENST00000478250.1	326	0.36666	4.96148681641	1	0.999999	coding
ENST00000243050.5	599	0.4007	6.82025146484	1	1	coding
ENST00000550763.1	148	0.38989	5.20562744141	-1	0.0891058	noncoding
ENST00000394825.6	599	0.42292	6.82025146484	1	1	coding
ENST00000562373.1	184	0.45497	4.12994384766	-1	0.316425	noncoding
ENST00000550557.1	326	0.28953	4.96148681641	1	0.999974	coding
ENST00000550339.1	88	0.3801	11.4135131836	1	0.13549	noncoding
ENST00000565848.1	95	0.40483	10.2216186523	-1	0.143961	noncoding
ENST00000553310.6	163	0.29701	11.9284057617	-1	0.0740583	noncoding
ENST00000293525.5	487	0.42692	5.56402587891	1	1	coding
ENST00000546655.1	55	0.3349	5.13067626953	-1	0.0321697	noncoding
ENST00000534842.1	558	0.44434	8.63275146484	1	1	coding
ENST00000329548.5	451	0.41247	7.95928955078	1	1	coding
ENST00000552097.1	124	0.445	8.70269775391	-1	0.110885	noncoding
ENST00000411731.6	184	0.47559	5.28375244141	1	0.997986	coding
ENST00000549672.6	187	0.43967	5.61334228516	1	0.99779	coding
ENST00000267101.8	1343	0.40795	6.10614013672	1	1	coding
ENST00000550869.5	89	0.35691	10.4745483398	-1	0.165519	noncoding
ENST00000683018.1	1316	0.40719	6.10516357422	1	1	coding
ENST00000683142.1	439	0.40414	4.95721435547	1	1	coding
ENST00000549832.1	463	0.40648	4.92901611328	1	1	coding
ENST00000549318.5	263	0.45263	6.54754638672	-1	0.445245	noncoding
ENST00000547423.5	105	0.35853	7.74322509766	-1	0.0882992	noncoding
ENST00000548360.1	82	0.33887	6.70550537109	-1	0.0660163	noncoding
ENST00000706566.1	421	0.44529	8.39471435547	1	1	coding
ENST00000672280.1	460	0.46085	8.52716064453	1	1	coding
ENST00000338193.11	421	0.45972	8.39471435547	1	1	coding
ENST00000552590.6	186	0.47189	5.64385986328	1	0.99791	coding
ENST00000706567.1	426	0.43173	8.61187744141	1	1	coding
ENST00000550770.1	327	0.44644	8.74505615234	-1	0.614394	coding
ENST00000552408.1	43	0.35453	6.70159912109	-1	0.0372067	noncoding
ENST00000548887.5	148	0.3719	6.27337646484	-1	0.0940598	noncoding
ENST00000355673.8	1004	0.37217	9.72296142578	1	1	coding
ENST00000546632.1	67	0.38543	12.067199707	1	0.055926	noncoding
ENST00000552255.5	45	0.35954	4.86773681641	-1	0.0200345	noncoding
ENST00000547545.1	504	0.37584	9.76434326172	1	1	coding
ENST00000548550.1	0	0.37743	0.0	-1	7.98381e-06	noncoding
ENST00000552163.1	108	0.36762	6.07196044922	1	0.402529	noncoding
ENST00000547844.1	60	0.35907	8.90667724609	1	0.0334076	noncoding
ENST00000228606.9	509	0.44873	9.33648681641	1	1	coding
ENST00000547344.5	274	0.34898	7.19354248047	1	0.99947	coding
ENST00000546567.5	212	0.43826	11.4646606445	1	0.99326	coding
ENST00000547451.1	243	0.41176	11.3740844727	1	0.995577	coding
ENST00000552186.1	40	0.41466	9.81512451172	1	0.0266743	noncoding
ENST00000676654.1	690	0.45483	6.43243408203	1	1	coding
ENST00000677641.1	729	0.45318	6.25762939453	1	1	coding
ENST00000652537.1	576	0.45723	6.48638916016	1	1	coding
ENST00000676912.1	678	0.43277	6.09527587891	1	1	coding
ENST00000331710.10	730	0.45483	6.31951904297	1	1	coding
ENST00000545392.2	172	0.32908	6.32257080078	1	0.908433	coding
ENST00000678992.1	64	0.30176	5.60723876953	1	0.0439382	noncoding
ENST00000500986.6	108	0.35144	9.24298095703	1	0.220189	noncoding
ENST00000668485.1	70	0.30788	5.72637939453	1	0.0546192	noncoding
ENST00000499137.6	83	0.32091	9.87359619141	1	0.0676637	noncoding
ENST00000662875.1	83	0.41203	9.87359619141	1	0.190131	noncoding
ENST00000547845.5	43	0.40637	6.81829833984	1	0.0175441	noncoding
ENST00000551626.1	43	0.36272	6.81829833984	1	0.0124439	noncoding
ENST00000266736.7	427	0.44714	6.14471435547	1	1	coding
ENST00000548310.1	318	0.4507	6.27520751953	1	0.999999	coding
ENST00000553023.1	40	0.43752	11.2509155273	1	0.0459796	noncoding
ENST00000549171.1	175	0.43876	5.97723388672	-1	0.155687	noncoding
ENST00000337514.11	154	0.3182	9.36358642578	1	0.485396	noncoding
ENST00000644491.1	154	0.33543	9.36358642578	1	0.582513	coding
ENST00000424202.6	138	0.34467	9.44390869141	1	0.467268	noncoding
ENST00000392905.7	159	0.37735	9.50372314453	1	0.824958	coding
ENST00000307046.8	196	0.31412	9.78424072266	1	0.76432	coding
ENST00000361948.8	432	0.39994	7.67071533203	1	1	coding
ENST00000552912.5	677	0.43036	8.90277099609	1	1	coding
ENST00000242591.10	677	0.45617	8.90277099609	1	1	coding
ENST00000550156.5	624	0.43758	8.97308349609	1	1	coding
ENST00000551273.1	86	0.39957	9.84588623047	1	0.181486	noncoding
ENST00000549009.1	161	0.48517	9.70867919922	1	0.988302	coding
ENST00000551055.1	45	0.41318	4.44415283203	-1	0.0188757	noncoding
ENST00000419234.9	593	0.40563	5.64263916016	1	1	coding
ENST00000327551.6	563	0.47773	5.70965576172	1	1	coding
ENST00000553232.1	113	0.36487	9.58282470703	1	0.303831	noncoding
ENST00000545145.6	961	0.48969	6.13201904297	1	1	coding
ENST00000392561.7	961	0.46219	6.13201904297	1	1	coding
ENST00000261741.10	961	0.47262	6.13201904297	1	1	coding
ENST00000376874.9	404	0.47124	5.13275146484	1	1	coding
ENST00000636882.1	387	0.46904	5.02056884766	1	1	coding
ENST00000340724.6	284	0.48272	5.69854736328	1	0.999997	coding
ENST00000544468.1	77	0.43902	6.90838623047	1	0.167649	noncoding
ENST00000623184.1	79	0.32005	8.27435302734	1	0.0520315	noncoding
ENST00000397333.4	667	0.39013	8.43194580078	1	1	coding
ENST00000462829.2	87	0.27677	10.2922973633	1	0.0618079	noncoding
ENST00000541489.5	166	0.44414	9.85345458984	1	0.973064	coding
ENST00000329073.8	193	0.34941	9.64801025391	-1	0.192124	noncoding
ENST00000545991.1	136	0.45271	9.06280517578	-1	0.143988	noncoding
ENST00000546058.1	46	0.38705	5.40997314453	-1	0.0197792	noncoding
ENST00000335327.6	503	0.3862	5.99871826172	1	1	coding
ENST00000361042.8	500	0.3862	6.21929931641	1	1	coding
ENST00000474320.1	105	0.43093	10.0612182617	1	0.51084	coding
ENST00000379221.4	151	0.36064	10.0830688477	1	0.650446	coding
ENST00000355854.8	338	0.37705	8.48956298828	1	0.999982	coding
ENST00000409308.6	338	0.37705	8.48956298828	1	0.999982	coding
ENST00000457041.5	188	0.47644	8.35357666016	-1	0.233302	noncoding
ENST00000615498.4	302	0.4154	5.47479248047	1	0.999998	coding
ENST00000497449.2	41	0.36322	4.62567138672	1	0.0225441	noncoding
ENST00000322475.13	547	0.37647	6.12200927734	1	1	coding
ENST00000683975.1	154	0.41778	6.37176513672	1	0.958194	coding
ENST00000376250.6	154	0.41454	6.37176513672	1	0.955726	coding
ENST00000471912.1	26	0.40931	10.9032592773	-1	0.123785	noncoding
ENST00000611712.4	912	0.44496	8.17144775391	1	1	coding
ENST00000405925.2	912	0.43521	8.17144775391	1	1	coding
ENST00000442234.6	912	0.44663	8.17144775391	1	1	coding
ENST00000689762.1	924	0.44868	8.25103759766	1	1	coding
ENST00000614526.2	845	0.44868	7.74237060547	1	1	coding
ENST00000692222.1	912	0.39192	8.17144775391	1	1	coding
ENST00000686913.1	912	0.44868	8.17144775391	1	1	coding
ENST00000687164.1	912	0.43893	8.17144775391	1	1	coding
ENST00000687822.1	912	0.43428	8.17144775391	1	1	coding
ENST00000685338.1	912	0.44098	8.17144775391	1	1	coding
ENST00000686926.1	912	0.44201	8.17144775391	1	1	coding
ENST00000686204.1	912	0.43227	8.17144775391	1	1	coding
ENST00000673682.1	123	0.37187	5.25897216797	1	0.740835	coding
ENST00000418511.6	218	0.40982	6.70745849609	1	0.99887	coding
ENST00000554329.6	127	0.42679	10.3568725586	-1	0.18472	noncoding
ENST00000556585.3	218	0.45026	6.70745849609	1	0.999509	coding
ENST00000554844.1	65	0.44642	9.68231201172	1	0.136776	noncoding
ENST00000555314.1	87	0.44521	9.96893310547	-1	0.121865	noncoding
ENST00000557615.5	66	0.37648	5.80059814453	1	0.0649653	noncoding
ENST00000556503.5	66	0.31455	5.80059814453	1	0.0434012	noncoding
ENST00000555294.1	52	0.33443	5.76324462891	1	0.0220264	noncoding
ENST00000357460.7	551	0.34544	4.86431884766	1	1	coding
ENST00000561013.3	553	0.37822	5.11517333984	1	1	coding
ENST00000673724.1	440	0.46208	4.74200439453	1	1	coding
ENST00000606731.2	323	0.47727	9.31671142578	-1	0.702935	coding
ENST00000558278.1	46	0.36705	6.00323486328	1	0.0175916	noncoding
ENST00000452015.9	280	0.29404	11.1578979492	1	0.859607	coding
ENST00000561426.1	66	0.44139	9.10284423828	1	0.117187	noncoding
ENST00000558058.5	94	0.27651	9.37591552734	1	0.070438	noncoding
ENST00000559314.5	71	0.30881	10.2470092773	1	0.044607	noncoding
ENST00000560913.1	139	0.35564	9.89471435547	1	0.516164	coding
ENST00000561178.5	139	0.28267	9.89471435547	1	0.212847	noncoding
ENST00000561437.1	119	0.34996	9.53668212891	-1	0.153704	noncoding
ENST00000553481.1	102	0.45212	9.05670166016	-1	0.0990823	noncoding
ENST00000345363.8	353	0.41557	11.1143188477	1	0.999979	coding
ENST00000396789.4	353	0.3627	11.1143188477	1	0.999541	coding
ENST00000556141.1	232	0.32515	11.7161254883	-1	0.0950516	noncoding
ENST00000396782.2	353	0.42632	11.1143188477	1	0.999988	coding
ENST00000331968.11	913	0.45499	6.16412353516	1	1	coding
ENST00000616995.5	817	0.46701	6.22161865234	1	1	coding
ENST00000691338.1	90	0.4494	5.10894775391	1	0.5	coding
ENST00000691517.1	507	0.4756	6.58367919922	1	1	coding
ENST00000415220.6	921	0.45294	6.11907958984	1	1	coding
ENST00000559087.5	409	0.41164	8.97052001953	1	1	coding
ENST00000245451.9	409	0.42305	8.97052001953	1	1	coding
ENST00000417573.5	409	0.44592	8.97052001953	1	1	coding
ENST00000558984.1	409	0.41488	8.97052001953	1	1	coding
ENST00000559501.1	271	0.43279	9.92376708984	-1	0.432839	noncoding
ENST00000558961.1	67	0.41162	11.9236450195	1	0.0824755	noncoding
ENST00000609748.1	34	0.39205	10.3101196289	1	0.0184489	noncoding
ENST00000558489.1	80	0.34507	10.0724487305	1	0.0770694	noncoding
ENST00000533095.2	89	0.43033	4.52166748047	1	0.556614	coding
ENST00000216471.5	675	0.42862	4.42584228516	1	1	coding
ENST00000342058.9	449	0.34173	4.57659912109	1	1	coding
ENST00000706676.1	507	0.35919	4.68975830078	1	1	coding
ENST00000706677.1	465	0.41988	4.60528564453	1	1	coding
ENST00000706678.1	202	0.34218	5.40875244141	1	0.993097	coding
ENST00000557088.6	393	0.33987	4.57659912109	1	1	coding
ENST00000556154.5	466	0.37572	4.70257568359	1	1	coding
ENST00000556730.1	307	0.47214	9.28265380859	1	0.999997	coding
ENST00000554866.5	407	0.45063	9.29840087891	1	1	coding
ENST00000556775.5	231	0.47164	7.86004638672	-1	0.342398	noncoding
ENST00000329597.12	407	0.43013	9.29840087891	1	1	coding
ENST00000554276.1	407	0.43571	9.29840087891	1	1	coding
ENST00000298912.9	1003	0.32005	4.84356689453	1	1	coding
ENST00000557696.5	48	0.37984	4.41229248047	1	0.0462018	noncoding
ENST00000556454.1	693	0.46993	4.64007568359	1	1	coding
ENST00000556441.1	68	0.44016	7.94415283203	1	0.10435	noncoding
ENST00000556416.1	76	0.32305	11.1857299805	1	0.0568667	noncoding
ENST00000555336.6	132	0.46114	9.62652587891	-1	0.169953	noncoding
ENST00000286918.9	318	0.30344	9.59136962891	1	0.993035	coding
ENST00000559651.1	318	0.39703	9.59136962891	1	0.999947	coding
ENST00000560748.5	318	0.38631	9.59136962891	1	0.999911	coding
ENST00000559404.5	259	0.37057	9.81915283203	-1	0.260579	noncoding
ENST00000329967.11	176	0.34449	7.85955810547	1	0.88355	coding
ENST00000347067.9	111	0.31014	7.33197021484	1	0.187637	noncoding
ENST00000553810.5	169	0.38456	8.23687744141	-1	0.147742	noncoding
ENST00000577949.6	72	0.37928	10.5816040039	1	0.0833288	noncoding
ENST00000580062.5	156	0.43306	9.94281005859	-1	0.207995	noncoding
ENST00000338327.4	72	0.43369	10.5816040039	1	0.173623	noncoding
ENST00000693695.1	137	0.38969	11.2041625977	1	0.587518	coding
ENST00000564670.1	20	0.41138	5.93267822266	1	0.0051427	noncoding
ENST00000561999.1	19	0.38686	4.19598388672	-1	0.0105338	noncoding
ENST00000349748.8	730	0.4386	5.73309326172	1	1	coding
ENST00000318023.11	774	0.44092	5.95989990234	1	1	coding
ENST00000673705.1	92	0.30563	6.81890869141	1	0.0989705	noncoding
ENST00000673658.1	66	0.39787	6.00762939453	1	0.0757553	noncoding
ENST00000673813.1	94	0.37221	6.82318115234	1	0.196408	noncoding
ENST00000397200.8	310	0.47113	6.60736083984	1	0.999999	coding
ENST00000673854.1	157	0.31065	6.21661376953	1	0.77846	coding
ENST00000674093.1	157	0.41014	6.21661376953	1	0.963365	coding
ENST00000569136.6	157	0.46063	6.21661376953	1	0.980922	coding
ENST00000673936.1	248	0.45603	5.84515380859	1	0.999962	coding
ENST00000673890.1	157	0.45042	6.21661376953	1	0.979537	coding
ENST00000673939.1	100	0.39783	8.58612060547	1	0.291643	noncoding
ENST00000674119.1	210	0.43333	5.96539306641	1	0.999318	coding
ENST00000674052.1	230	0.43188	6.24578857422	1	0.999767	coding
ENST00000561817.5	192	0.40194	7.63812255859	1	0.989154	coding
ENST00000397204.9	157	0.42319	6.21661376953	1	0.970917	coding
ENST00000674139.1	157	0.35749	6.21661376953	1	0.897733	coding
ENST00000673851.1	157	0.40517	6.21661376953	1	0.959702	coding
ENST00000674041.1	184	0.44834	6.82232666016	-1	0.174367	noncoding
ENST00000673750.1	192	0.36958	7.63812255859	1	0.973668	coding
ENST00000564503.5	139	0.44189	6.35845947266	1	0.928406	coding
ENST00000673950.1	192	0.4241	7.63812255859	1	0.993743	coding
ENST00000674130.1	86	0.35194	9.89642333984	1	0.101891	noncoding
ENST00000673684.1	100	0.43784	6.56610107422	-1	0.0502407	noncoding
ENST00000562188.7	356	0.32785	5.88616943359	1	0.999996	coding
ENST00000428046.7	329	0.34419	5.82122802734	1	0.999992	coding
ENST00000389651.8	268	0.45744	6.09979248047	1	0.999988	coding
ENST00000565555.1	39	0.29644	11.4196166992	1	0.0225917	noncoding
ENST00000563551.1	36	0.42787	9.77716064453	1	0.025143	noncoding
ENST00000610420.4	268	0.4797	6.09979248047	1	0.999989	coding
ENST00000566154.1	60	0.34118	9.23822021484	1	0.0310735	noncoding
ENST00000300283.10	418	0.42279	8.59515380859	1	1	coding
ENST00000437924.5	129	0.42184	6.81915283203	-1	0.0759664	noncoding
ENST00000475589.1	51	0.43572	12.098449707	1	0.0600885	noncoding
ENST00000498538.1	156	0.45681	7.78387451172	-1	0.134249	noncoding
ENST00000453733.5	203	0.39297	9.36773681641	-1	0.222867	noncoding
ENST00000437534.3	299	0.38299	8.55291748047	1	0.999892	coding
ENST00000441322.6	418	0.42859	8.59515380859	1	1	coding
ENST00000428981.1	59	0.36481	11.7077026367	1	0.040783	noncoding
ENST00000434505.5	418	0.42279	8.59515380859	1	1	coding
ENST00000411750.5	148	0.44817	6.95697021484	-1	0.106931	noncoding
ENST00000457648.1	100	0.34844	5.34588623047	-1	0.0519535	noncoding
ENST00000413453.7	418	0.42859	8.59515380859	1	1	coding
ENST00000479938.1	95	0.31626	5.32061767578	1	0.211523	noncoding
ENST00000560540.5	368	0.36154	5.11663818359	1	1	coding
ENST00000290894.12	424	0.3685	6.01214599609	1	1	coding
ENST00000560734.5	291	0.32864	4.77935791016	1	0.999967	coding
ENST00000458022.6	240	0.39324	5.64569091797	1	0.999805	coding
ENST00000558294.1	112	0.45587	9.67132568359	1	0.720645	coding
ENST00000560471.5	415	0.32304	4.86859130859	1	1	coding
ENST00000559566.5	179	0.39324	4.75054931641	1	0.995742	coding
ENST00000561091.1	94	0.44041	4.53167724609	1	0.649871	coding
ENST00000561278.1	60	0.44632	9.18170166016	1	0.0943183	noncoding
ENST00000558014.5	1012	0.39616	8.82330322266	1	1	coding
ENST00000561106.1	61	0.41034	7.70953369141	-1	0.0399745	noncoding
ENST00000536845.7	1074	0.41466	8.76983642578	1	1	coding
ENST00000389425.7	477	0.44237	7.55267333984	1	1	coding
ENST00000354744.8	1018	0.41466	8.85589599609	1	1	coding
ENST00000358066.8	1012	0.41714	8.82330322266	1	1	coding
ENST00000389428.7	999	0.41466	8.89703369141	1	1	coding
ENST00000558431.1	124	0.43744	6.04852294922	1	0.842181	coding
ENST00000559064.1	25	0.35654	9.18829345703	1	0.00735958	noncoding
ENST00000560006.1	145	0.45486	6.08306884766	-1	0.106881	noncoding
ENST00000560270.1	98	0.37543	9.43035888672	1	0.208453	noncoding
ENST00000267843.9	195	0.26243	9.28619384766	1	0.519314	coding
ENST00000560979.1	122	0.39792	9.56268310547	-1	0.140826	noncoding
ENST00000508342.5	1320	0.438	6.14569091797	1	1	coding
ENST00000435532.8	901	0.44806	5.66986083984	1	1	coding
ENST00000648451.1	754	0.4342	5.34759521484	1	1	coding
ENST00000508075.1	195	0.40659	9.90960693359	-1	0.239874	noncoding
ENST00000557845.1	31	0.37633	10.2560424805	1	0.0144735	noncoding
ENST00000288398.10	285	0.44576	4.69451904297	1	0.999999	coding
ENST00000358278.7	285	0.42128	4.71990966797	1	0.999998	coding
ENST00000267996.11	285	0.44226	4.69842529297	1	0.999999	coding
ENST00000404484.9	249	0.44733	4.77801513672	1	0.999984	coding
ENST00000558910.3	249	0.47895	4.73663330078	1	0.999983	coding
ENST00000558544.5	159	0.36754	4.72100830078	1	0.973043	coding
ENST00000560615.6	159	0.45501	4.72100830078	1	0.993134	coding
ENST00000557789.5	175	0.31804	7.67449951172	1	0.802325	coding
ENST00000325881.9	194	0.37149	9.59857177734	1	0.948964	coding
ENST00000561334.1	153	0.28158	11.6217651367	1	0.178853	noncoding
ENST00000558466.5	121	0.40767	10.1289672852	1	0.584213	coding
ENST00000560607.5	153	0.40877	11.6217651367	1	0.780621	coding
ENST00000560997.1	98	0.30804	9.74078369141	1	0.0963668	noncoding
ENST00000300035.9	112	0.33662	9.84722900391	1	0.203677	noncoding
ENST00000380258.6	66	0.35465	11.0404663086	1	0.0525876	noncoding
ENST00000559519.5	85	0.37554	9.19879150391	1	0.123192	noncoding
ENST00000558008.3	116	0.40546	10.0653686523	1	0.514437	coding
ENST00000558043.5	45	0.43802	9.78326416016	1	0.0457477	noncoding
ENST00000560234.1	92	0.44908	9.89617919922	1	0.432236	noncoding
ENST00000558250.1	76	0.3635	10.7991333008	1	0.0814404	noncoding
ENST00000288840.10	497	0.36978	8.45843505859	1	1	coding
ENST00000612349.1	345	0.27474	9.47796630859	1	0.987641	coding
ENST00000559931.5	108	0.4116	8.68487548828	-1	0.0932254	noncoding
ENST00000558937.1	134	0.3485	7.09661865234	-1	0.104095	noncoding
ENST00000542035.2	213	0.39149	5.60333251953	1	0.998927	coding
ENST00000564082.1	174	0.34494	9.13616943359	-1	0.17648	noncoding
ENST00000340912.6	213	0.28467	5.60333251953	1	0.983274	coding
ENST00000563671.5	140	0.39245	5.30413818359	1	0.922501	coding
ENST00000563119.5	199	0.33218	8.54388427734	1	0.9186	coding
ENST00000357635.10	199	0.34086	8.54388427734	1	0.936461	coding
ENST00000569524.5	74	0.34086	11.9264526367	1	0.0512121	noncoding
ENST00000566894.1	106	0.30989	8.24029541016	1	0.133837	noncoding
ENST00000563069.5	149	0.37514	10.9313354492	1	0.646227	coding
ENST00000570143.5	74	0.39656	11.9264526367	1	0.0865853	noncoding
ENST00000566194.5	88	0.4725	11.942199707	1	0.5	coding
ENST00000564857.1	106	0.39339	8.24029541016	1	0.347797	noncoding
ENST00000562698.5	168	0.41392	9.46844482422	-1	0.191859	noncoding
ENST00000308527.6	575	0.32542	6.30120849609	1	1	coding
ENST00000569152.1	188	0.40509	6.44500732422	1	0.993204	coding
ENST00000559785.5	418	0.41062	7.54241943359	1	1	coding
ENST00000559795.5	82	0.36385	8.68365478516	1	0.0910839	noncoding
ENST00000558012.6	417	0.46419	5.34552001953	1	1	coding
ENST00000379595.7	414	0.48077	5.34552001953	1	1	coding
ENST00000697622.1	172	0.30929	4.57073974609	1	0.966636	coding
ENST00000559750.5	137	0.34485	9.46258544922	1	0.457086	noncoding
ENST00000697623.1	205	0.38182	4.39337158203	1	0.999255	coding
ENST00000560377.5	222	0.37563	6.36126708984	1	0.998177	coding
ENST00000559161.5	208	0.39852	9.08160400391	-1	0.226731	noncoding
ENST00000559295.5	398	0.4303	5.28131103516	1	1	coding
ENST00000559859.5	145	0.40369	9.11297607422	-1	0.146509	noncoding
ENST00000559856.1	215	0.40188	5.59564208984	-1	0.22452	noncoding
ENST00000561315.5	135	0.39694	6.83404541016	1	0.801794	coding
ENST00000557995.1	178	0.46638	4.23883056641	1	0.998689	coding
ENST00000558870.1	75	0.43375	6.01995849609	-1	0.0327091	noncoding
ENST00000560064.1	116	0.42876	4.61248779297	1	0.878675	coding
ENST00000558022.5	161	0.44085	6.63970947266	-1	0.123805	noncoding
ENST00000407106.5	420	0.4045	6.45599365234	1	1	coding
ENST00000558767.6	161	0.36644	6.17254638672	1	0.932761	coding
ENST00000261755.9	420	0.4626	6.45599365234	1	1	coding
ENST00000561369.1	175	0.34895	9.49932861328	1	0.818204	coding
ENST00000682012.1	187	0.35389	7.05926513672	1	0.961095	coding
ENST00000561421.6	420	0.46901	6.45599365234	1	1	coding
ENST00000539156.5	350	0.38268	6.74993896484	1	0.999999	coding
ENST00000558514.1	39	0.46116	4.02545166016	1	0.0565619	noncoding
ENST00000560989.1	15	0.31932	6.69354248047	1	0.00280405	noncoding
ENST00000302987.10	1379	0.3514	8.79449462891	1	1	coding
ENST00000394652.6	632	0.45389	5.67010498047	1	1	coding
ENST00000560230.1	35	0.44308	11.3336791992	1	0.0401371	noncoding
ENST00000558857.5	568	0.47317	5.79937744141	-1	0.99627	coding
ENST00000558332.3	607	0.45692	5.97137451172	1	1	coding
ENST00000559342.1	46	0.44762	12.305847168	1	0.0556777	noncoding
ENST00000559953.1	59	0.40929	4.28094482422	-1	0.0238314	noncoding
ENST00000431232.7	772	0.3885	7.66864013672	1	1	coding
ENST00000424078.5	177	0.3855	7.53765869141	1	0.962984	coding
ENST00000250930.7	579	0.40156	7.37860107422	1	1	coding
ENST00000448854.1	223	0.35444	8.16253662109	1	0.988463	coding
ENST00000467452.1	128	0.41334	10.4462280273	1	0.681409	coding
ENST00000475348.1	147	0.42813	4.82415771484	-1	0.115448	noncoding
ENST00000412293.5	86	0.296	6.01751708984	1	0.101499	noncoding
ENST00000457760.1	181	0.44737	10.3867797852	1	0.987522	coding
ENST00000435229.1	157	0.46572	10.2066040039	1	0.975278	coding
ENST00000614890.4	185	0.43368	6.28546142578	1	0.995777	coding
ENST00000338401.8	108	0.43756	6.82281494141	1	0.59015	coding
ENST00000397666.6	206	0.40355	7.17510986328	1	0.996354	coding
ENST00000301686.13	205	0.44626	7.71197509766	1	0.998208	coding
ENST00000448973.6	148	0.28876	7.68792724609	1	0.427948	noncoding
ENST00000397664.8	128	0.44451	5.87432861328	1	0.889849	coding
ENST00000568077.5	104	0.42799	6.81134033203	1	0.5	coding
ENST00000456420.6	85	0.37706	10.8516235352	1	0.129978	noncoding
ENST00000397665.6	186	0.42958	6.34161376953	1	0.995618	coding
ENST00000564039.1	37	0.37348	4.99298095703	-1	0.0168008	noncoding
ENST00000568830.1	174	0.40837	7.15557861328	-1	0.135153	noncoding
ENST00000442039.3	133	0.31491	6.51324462891	1	0.489446	noncoding
ENST00000563974.1	66	0.32271	5.27081298828	1	0.0549542	noncoding
ENST00000248114.7	208	0.34423	8.05584716797	-1	0.194588	noncoding
ENST00000565658.1	144	0.33408	8.29803466797	1	0.533945	coding
ENST00000567719.2	208	0.33824	8.05584716797	-1	0.195102	noncoding
ENST00000570700.3	13	0.42952	5.27496337891	1	0.00458652	noncoding
ENST00000701483.1	13	0.41518	5.27496337891	1	0.00422605	noncoding
ENST00000701534.1	67	0.39443	6.00006103516	1	0.0775652	noncoding
ENST00000574902.5	460	0.36123	6.48065185547	1	1	coding
ENST00000396878.8	460	0.36964	6.48065185547	1	1	coding
ENST00000576416.5	460	0.40448	6.48065185547	1	1	coding
ENST00000574928.5	205	0.31575	9.49774169922	1	0.84308	coding
ENST00000576863.1	205	0.31681	9.49774169922	1	0.847476	coding
ENST00000572647.5	302	0.38129	9.97271728516	1	0.999658	coding
ENST00000300036.6	1973	0.43263	5.42303466797	1	1	coding
ENST00000452625.7	1946	0.43542	5.43963623047	1	1	coding
ENST00000573908.1	61	0.39747	11.1434936523	1	0.0653776	noncoding
ENST00000676846.1	1223	0.45193	5.44342041016	1	1	coding
ENST00000399336.9	1223	0.4882	5.44342041016	1	1	coding
ENST00000678080.1	840	0.43763	5.60296630859	1	1	coding
ENST00000679086.1	1080	0.48502	5.17242431641	1	1	coding
ENST00000677777.1	1223	0.46615	5.44342041016	1	1	coding
ENST00000677260.1	1177	0.46777	5.57342529297	1	1	coding
ENST00000677781.1	1056	0.43453	5.47003173828	1	1	coding
ENST00000678148.1	994	0.47325	5.42791748047	1	1	coding
ENST00000574157.5	206	0.41779	4.68255615234	-1	0.260131	noncoding
ENST00000572932.1	197	0.43969	4.79351806641	1	0.999415	coding
ENST00000573635.1	119	0.3371	9.51702880859	1	0.257657	noncoding
ENST00000570732.2	82	0.31264	11.0723266602	1	0.0632723	noncoding
ENST00000570346.1	28	0.32451	9.19915771484	1	0.00817994	noncoding
ENST00000569789.1	160	0.44398	9.39141845703	-1	0.194667	noncoding
ENST00000343070.7	641	0.44708	5.88934326172	1	1	coding
ENST00000307331.9	686	0.42901	6.07073974609	1	1	coding
ENST00000564275.5	323	0.39351	4.84552001953	1	1	coding
ENST00000568085.5	605	0.42133	6.03485107422	1	1	coding
ENST00000566870.1	133	0.42564	6.20745849609	1	0.884525	coding
ENST00000563962.6	77	0.28584	8.58856201172	1	0.0422916	noncoding
ENST00000566507.2	70	0.3218	5.74176025391	1	0.0547754	noncoding
ENST00000563176.3	70	0.41443	5.74176025391	1	0.1244	noncoding
ENST00000569920.1	70	0.40544	5.74176025391	1	0.113837	noncoding
ENST00000686453.1	59	0.40947	12.1513061523	1	0.0534452	noncoding
ENST00000564775.4	18	0.39822	7.99884033203	1	0.00424956	noncoding
ENST00000662983.2	116	0.46046	12.3391723633	1	0.653698	coding
ENST00000568500.1	224	0.34063	12.3037719727	1	0.71152	coding
ENST00000570025.1	59	0.37769	5.75238037109	1	0.0447745	noncoding
ENST00000663816.1	59	0.38483	5.75238037109	1	0.0481536	noncoding
ENST00000564901.1	59	0.28658	5.75238037109	1	0.0366341	noncoding
ENST00000662645.2	59	0.34295	5.75238037109	1	0.0335598	noncoding
ENST00000565573.2	103	0.34371	9.34356689453	1	0.168026	noncoding
ENST00000658747.1	59	0.37425	5.75238037109	1	0.0432707	noncoding
ENST00000279804.3	202	0.41623	9.17572021484	1	0.99261	coding
ENST00000395019.3	201	0.41565	9.49542236328	1	0.991136	coding
ENST00000563599.5	179	0.46289	8.90875244141	-1	0.224761	noncoding
ENST00000569239.5	151	0.31929	8.48675537109	1	0.520048	coding
ENST00000219097.7	253	0.41007	8.91107177734	1	0.999476	coding
ENST00000563306.5	150	0.42972	8.89947509766	1	0.922498	coding
ENST00000568364.6	168	0.32723	8.09771728516	1	0.754136	coding
ENST00000575571.5	93	0.41008	7.80792236328	1	0.254941	noncoding
ENST00000567000.2	109	0.34895	9.34381103516	1	0.220232	noncoding
ENST00000561648.5	1285	0.40954	6.42559814453	1	1	coding
ENST00000563137.7	1293	0.41067	6.49517822266	1	1	coding
ENST00000562871.5	1225	0.46748	6.74066162109	1	1	coding
ENST00000535559.5	1168	0.46184	7.26129150391	1	1	coding
ENST00000567169.5	1168	0.46601	7.26129150391	1	1	coding
ENST00000562520.1	1225	0.43618	6.74066162109	1	1	coding
ENST00000568094.2	48	0.46534	4.74932861328	1	0.0620335	noncoding
ENST00000569842.5	881	0.47392	5.48309326172	1	1	coding
ENST00000569863.5	125	0.48028	4.48260498047	-1	0.128987	noncoding
ENST00000568656.5	178	0.43397	4.64898681641	-1	0.204967	noncoding
ENST00000564887.5	697	0.46291	5.81683349609	1	1	coding
ENST00000563437.1	164	0.36523	6.88458251953	-1	0.121801	noncoding
ENST00000563405.1	79	0.47438	9.15545654297	1	0.33217	noncoding
ENST00000563486.1	138	0.41772	6.10638427734	1	0.907912	coding
ENST00000569322.1	34	0.47864	3.79937744141	-1	0.0321947	noncoding
ENST00000564278.1	124	0.46356	9.84027099609	1	0.86	coding
ENST00000563465.1	68	0.44761	11.2321166992	1	0.18563	noncoding
ENST00000426538.6	256	0.38418	5.13580322266	1	0.999943	coding
ENST00000328514.11	139	0.31649	4.87091064453	1	0.801852	coding
ENST00000318129.6	217	0.36009	5.21063232422	1	0.998561	coding
ENST00000563969.5	999	0.3654	6.12103271484	1	1	coding
ENST00000565899.1	110	0.42066	7.81146240234	1	0.521913	coding
ENST00000562744.1	64	0.37074	4.62677001953	-1	0.0238958	noncoding
ENST00000427155.6	1192	0.46001	5.42889404297	1	1	coding
ENST00000379344.8	1192	0.45289	5.42889404297	1	1	coding
ENST00000568621.1	36	0.37399	4.18438720703	-1	0.0139303	noncoding
ENST00000450733.5	1111	0.45492	5.67022705078	1	1	coding
ENST00000567938.1	77	0.43587	4.44891357422	-1	0.0403472	noncoding
ENST00000393966.1	194	0.45209	4.17828369141	1	0.999617	coding
ENST00000562289.1	171	0.31469	4.62908935547	1	0.965379	coding
ENST00000569875.5	124	0.47275	4.56390380859	1	0.92935	coding
ENST00000567136.1	64	0.36055	9.21258544922	1	0.0425486	noncoding
ENST00000565726.3	483	0.42223	9.61700439453	1	1	coding
ENST00000348579.6	486	0.3659	10.3532104492	1	0.999999	coding
ENST00000562122.1	78	0.42015	9.34185791016	-1	0.0889515	noncoding
ENST00000567311.1	80	0.34611	4.74993896484	1	0.166573	noncoding
ENST00000568650.1	91	0.3333	9.65289306641	1	0.0984433	noncoding
ENST00000378611.8	389	0.39542	8.98846435547	1	0.999999	coding
ENST00000299578.10	396	0.41707	8.79010009766	1	1	coding
ENST00000444657.3	0	0.34773	0.0	-1	1.12897e-06	noncoding
ENST00000638948.1	31	0.45112	8.36541748047	1	0.0154111	noncoding
ENST00000564536.2	182	0.41342	6.72259521484	1	0.990397	coding
ENST00000640370.1	396	0.35244	8.79010009766	1	0.999993	coding
ENST00000538274.6	402	0.34942	5.06695556641	1	1	coding
ENST00000567328.6	302	0.45695	4.81402587891	1	1	coding
ENST00000562388.1	65	0.36735	9.21258544922	1	0.047325	noncoding
ENST00000602282.4	81	0.3344	9.49310302734	1	0.0688479	noncoding
ENST00000685186.1	145	0.36515	9.77874755859	1	0.634177	coding
ENST00000571360.5	128	0.43492	5.85211181641	-1	0.0764591	noncoding
ENST00000254722.9	419	0.45171	5.97076416016	1	1	coding
ENST00000571870.5	50	0.45096	9.00164794922	1	0.0561467	noncoding
ENST00000572048.1	99	0.43863	8.78717041016	-1	0.0859686	noncoding
ENST00000573763.1	138	0.41693	5.86859130859	-1	0.082459	noncoding
ENST00000572517.1	164	0.48574	5.47076416016	1	0.990306	coding
ENST00000399759.7	840	0.46355	6.89971923828	1	1	coding
ENST00000571088.5	840	0.46575	6.89971923828	1	1	coding
ENST00000572705.2	840	0.45303	6.89971923828	1	1	coding
ENST00000650505.1	522	0.38378	6.11566162109	1	1	coding
ENST00000399756.8	840	0.46105	6.89971923828	1	1	coding
ENST00000570742.1	116	0.40112	6.70269775391	-1	0.0629501	noncoding
ENST00000520221.5	196	0.44057	8.92547607422	-1	0.239787	noncoding
ENST00000522798.5	148	0.43146	8.66473388672	-1	0.138198	noncoding
ENST00000522301.5	221	0.4657	9.21356201172	-1	0.351712	noncoding
ENST00000521811.5	148	0.45372	8.66473388672	-1	0.146625	noncoding
ENST00000323997.10	435	0.43311	7.58306884766	1	1	coding
ENST00000519834.5	183	0.47999	9.51666259766	1	0.99618	coding
ENST00000522249.5	154	0.44307	8.66473388672	-1	0.15156	noncoding
ENST00000521659.5	216	0.48439	5.96588134766	1	0.999651	coding
ENST00000519584.5	392	0.44134	8.07806396484	1	1	coding
ENST00000519602.6	435	0.43674	7.58306884766	1	1	coding
ENST00000522425.5	68	0.44692	9.44232177734	1	0.150701	noncoding
ENST00000522954.1	85	0.35513	9.65985107422	1	0.100321	noncoding
ENST00000576988.1	125	0.4597	4.74359130859	-1	0.105567	noncoding
ENST00000576570.5	75	0.36084	6.48358154297	1	0.0732092	noncoding
ENST00000573759.1	206	0.40456	5.50494384766	1	0.998894	coding
ENST00000611091.5	206	0.3734	5.50494384766	1	0.9975	coding
ENST00000574186.1	19	0.43544	9.69390869141	1	0.0109774	noncoding
ENST00000381165.3	206	0.37253	5.50494384766	1	0.997438	coding
ENST00000570547.5	230	0.4381	5.21929931641	1	0.999907	coding
ENST00000572262.5	291	0.44186	5.67547607422	1	0.999998	coding
ENST00000574539.5	236	0.45196	5.22918701172	1	0.999945	coding
ENST00000575314.5	345	0.47314	5.79876708984	1	1	coding
ENST00000575729.5	93	0.45246	4.54168701172	-1	0.0607449	noncoding
ENST00000340624.9	345	0.43874	5.79876708984	1	1	coding
ENST00000441599.6	288	0.44397	5.79205322266	1	0.999997	coding
ENST00000380450.9	403	0.45723	6.22454833984	1	1	coding
ENST00000570353.5	287	0.37902	8.60577392578	1	0.999752	coding
ENST00000571153.5	182	0.45158	4.99346923828	1	0.998225	coding
ENST00000576152.1	176	0.44251	4.97821044922	1	0.99722	coding
ENST00000576830.5	230	0.47775	5.21929931641	1	0.999914	coding
ENST00000576747.1	42	0.35461	11.0001831055	1	0.0229407	noncoding
ENST00000472570.2	28	0.3295	5.69781494141	1	0.006106	noncoding
ENST00000476243.5	176	0.38311	10.0719604492	1	0.909939	coding
ENST00000299736.5	273	0.40132	9.77947998047	1	0.999541	coding
ENST00000482983.1	40	0.34161	9.05633544922	1	0.0130053	noncoding
ENST00000631687.2	47	0.39192	11.7002563477	1	0.0329806	noncoding
ENST00000582062.1	76	0.3564	6.70098876953	1	0.0702009	noncoding
ENST00000395825.4	762	0.32293	8.86419677734	1	1	coding
ENST00000395824.5	762	0.41745	8.86419677734	1	1	coding
ENST00000498796.1	118	0.4329	4.83782958984	-1	0.0741911	noncoding
ENST00000578303.1	37	0.36992	10.6399536133	1	0.0194809	noncoding
ENST00000448349.2	57	0.37169	10.2755737305	-1	0.137992	noncoding
ENST00000461555.1	117	0.4087	12.0507202148	1	0.372005	noncoding
ENST00000585482.6	725	0.36242	6.13702392578	1	1	coding
ENST00000585453.5	269	0.44036	6.50469970703	1	0.999981	coding
ENST00000578128.5	181	0.46328	5.46343994141	1	0.997405	coding
ENST00000577870.2	157	0.45558	4.79498291016	-1	0.170894	noncoding
ENST00000580711.1	126	0.44438	6.12567138672	-1	0.0758775	noncoding
ENST00000621914.4	938	0.4355	5.22113037109	1	1	coding
ENST00000610402.5	952	0.4355	5.19036865234	1	1	coding
ENST00000614600.4	677	0.44199	4.98736572266	-1	0.999507	coding
ENST00000587805.1	87	0.44624	9.39520263672	1	0.334207	noncoding
ENST00000611212.1	162	0.47867	4.78228759766	1	0.993044	coding
ENST00000649858.3	479	0.46735	5.00457763672	1	1	coding
ENST00000685092.1	443	0.45958	4.97320556641	1	1	coding
ENST00000692748.1	410	0.45345	4.93121337891	1	1	coding
ENST00000685611.1	164	0.44085	5.69940185547	1	0.989355	coding
ENST00000701223.1	445	0.48563	4.96783447266	1	1	coding
ENST00000685084.1	469	0.46457	5.05023193359	1	1	coding
ENST00000702212.1	296	0.43977	4.95208740234	1	0.999999	coding
ENST00000684912.1	187	0.4049	5.44085693359	1	0.996465	coding
ENST00000620148.2	296	0.45373	4.95208740234	1	0.999999	coding
ENST00000456989.6	512	0.41872	6.58831787109	1	1	coding
ENST00000264644.10	457	0.45562	6.26934814453	1	1	coding
ENST00000538884.1	89	0.38389	9.53973388672	1	0.164561	noncoding
ENST00000620260.6	663	0.44566	5.88446044922	1	1	coding
ENST00000541245.1	62	0.46027	5.37506103516	-1	0.0297344	noncoding
ENST00000538981.1	101	0.48074	5.77520751953	-1	0.0579467	noncoding
ENST00000545893.5	393	0.46358	7.60162353516	1	1	coding
ENST00000469209.1	168	0.44936	5.18560791016	1	0.994637	coding
ENST00000496032.1	85	0.4436	10.0444946289	1	0.322397	noncoding
ENST00000225916.10	838	0.48666	9.17620849609	1	1	coding
ENST00000465682.5	477	0.43983	9.00238037109	1	1	coding
ENST00000586972.1	119	0.35154	8.60711669922	1	0.325808	noncoding
ENST00000588759.1	65	0.44242	6.90057373047	1	0.0882475	noncoding
ENST00000592310.1	74	0.39368	7.86676025391	1	0.0844764	noncoding
ENST00000585811.1	90	0.44666	6.96331787109	-1	0.0458603	noncoding
ENST00000585909.1	98	0.41016	11.2713012695	-1	0.187502	noncoding
ENST00000421097.6	565	0.45127	6.50897216797	1	1	coding
ENST00000591779.5	115	0.48725	6.28009033203	-1	0.0694164	noncoding
ENST00000393818.3	565	0.44426	6.50897216797	1	1	coding
ENST00000591753.1	360	0.42643	8.31365966797	1	1	coding
ENST00000591583.1	82	0.39058	6.70489501953	-1	0.0422216	noncoding
ENST00000398393.5	611	0.46087	6.33819580078	1	1	coding
ENST00000398389.9	586	0.46301	6.33612060547	1	1	coding
ENST00000496503.5	316	0.47573	6.14971923828	1	1	coding
ENST00000486600.1	62	0.43768	11.044128418	1	0.122548	noncoding
ENST00000466083.5	107	0.45163	9.38531494141	-1	0.118439	noncoding
ENST00000589375.5	318	0.45742	6.03656005859	1	1	coding
ENST00000480958.1	290	0.45708	5.87518310547	1	0.999998	coding
ENST00000377184.7	570	0.41253	5.75872802734	1	1	coding
ENST00000269095.9	553	0.41253	6.07586669922	1	1	coding
ENST00000612133.4	553	0.39527	6.07586669922	1	1	coding
ENST00000461854.5	577	0.4459	6.27996826172	1	1	coding
ENST00000520305.5	414	0.47244	8.74884033203	1	1	coding
ENST00000523501.5	542	0.45114	6.17156982422	1	1	coding
ENST00000523220.5	189	0.44392	4.84295654297	-1	0.247899	noncoding
ENST00000520241.5	143	0.43126	4.48956298828	-1	0.120508	noncoding
ENST00000678763.1	116	0.34779	4.90667724609	1	0.612279	coding
ENST00000678568.1	419	0.377	5.99578857422	1	1	coding
ENST00000313863.11	457	0.39188	5.79766845703	1	1	coding
ENST00000393119.7	560	0.44722	6.03521728516	1	1	coding
ENST00000675753.2	417	0.44722	6.65960693359	1	1	coding
ENST00000678463.1	562	0.42295	5.70965576172	1	1	coding
ENST00000677416.1	471	0.37181	5.63385009766	1	1	coding
ENST00000677709.1	471	0.36933	5.63385009766	1	1	coding
ENST00000678011.1	444	0.34807	5.85723876953	1	1	coding
ENST00000393120.6	357	0.4421	6.15521240234	1	1	coding
ENST00000580127.6	433	0.45437	5.48248291016	1	1	coding
ENST00000577824.5	200	0.38485	6.44403076172	1	0.994544	coding
ENST00000585134.2	471	0.45437	5.63385009766	1	1	coding
ENST00000579358.1	23	0.38043	5.38043212891	1	0.00596565	noncoding
ENST00000581761.6	344	0.481	5.78411865234	1	1	coding
ENST00000677076.1	176	0.34358	7.73016357422	1	0.886938	coding
ENST00000677791.1	43	0.45291	11.5310668945	-1	0.151884	noncoding
ENST00000581180.2	155	0.30804	5.11151123047	1	0.877745	coding
ENST00000303375.10	1480	0.40623	5.54437255859	1	1	coding
ENST00000583597.5	551	0.40599	5.49151611328	1	1	coding
ENST00000446119.2	346	0.32441	8.32965087891	1	0.999814	coding
ENST00000680433.1	906	0.35173	5.94427490234	1	1	coding
ENST00000433197.4	978	0.40984	5.97760009766	1	1	coding
ENST00000680625.1	861	0.40174	6.01080322266	1	1	coding
ENST00000606895.2	134	0.27251	11.9081420898	1	0.113864	noncoding
ENST00000691709.2	102	0.34	8.88836669922	1	0.155406	noncoding
ENST00000693419.2	120	0.35674	7.86553955078	1	0.380028	noncoding
ENST00000689168.2	38	0.36096	4.43377685547	1	0.020499	noncoding
ENST00000690715.2	123	0.40491	8.78765869141	1	0.614391	coding
ENST00000690613.1	62	0.32151	4.55511474609	1	0.0645942	noncoding
ENST00000685100.1	155	0.38433	5.62408447266	1	0.952093	coding
ENST00000702522.1	38	0.33771	4.43377685547	1	0.0181988	noncoding
ENST00000687667.2	155	0.38937	5.62408447266	1	0.956885	coding
ENST00000684992.1	155	0.33706	5.62408447266	1	0.883522	coding
ENST00000688372.1	47	0.31029	6.23614501953	1	0.0148996	noncoding
ENST00000702892.1	120	0.40239	7.86553955078	1	0.585493	coding
ENST00000691343.2	62	0.36676	4.55511474609	1	0.0850762	noncoding
ENST00000686661.1	99	0.3631	7.88006591797	1	0.189483	noncoding
ENST00000690225.2	120	0.41412	7.86553955078	1	0.634127	coding
ENST00000397713.6	155	0.32396	5.62408447266	1	0.85686	coding
ENST00000686520.1	120	0.34127	7.86553955078	1	0.32135	noncoding
ENST00000590353.1	180	0.44615	5.04168701172	-1	0.210377	noncoding
ENST00000591567.1	63	0.41418	7.73980712891	1	0.0589199	noncoding
ENST00000586515.5	24	0.37305	5.89544677734	1	0.00514938	noncoding
ENST00000592030.1	50	0.29924	8.52374267578	1	0.0162487	noncoding
ENST00000528438.5	197	0.39928	6.82574462891	1	0.994295	coding
ENST00000533530.5	174	0.44743	6.81866455078	-1	0.152018	noncoding
ENST00000392612.7	187	0.35771	5.96502685547	1	0.982873	coding
ENST00000392613.10	224	0.38243	5.97576904297	1	0.999036	coding
ENST00000613645.1	224	0.39411	5.97576904297	1	0.999311	coding
ENST00000488977.1	78	0.32175	5.79034423828	1	0.0797606	noncoding
ENST00000531420.1	29	0.34973	5.00250244141	1	0.00839764	noncoding
ENST00000532549.2	313	0.44534	9.52569580078	1	0.999992	coding
ENST00000680821.2	1888	0.43685	6.31622314453	1	1	coding
ENST00000447564.2	469	0.43519	8.62701416016	1	1	coding
ENST00000262765.10	1664	0.43633	6.25042724609	1	1	coding
ENST00000524722.1	508	0.4615	8.84918212891	1	1	coding
ENST00000374877.7	1031	0.44286	5.30352783203	1	1	coding
ENST00000397545.9	1143	0.43846	5.21014404297	1	1	coding
ENST00000572270.1	111	0.416	12.3893432617	-1	0.203557	noncoding
ENST00000269318.9	580	0.45217	4.64471435547	1	1	coding
ENST00000374876.4	479	0.45205	4.56976318359	1	1	coding
ENST00000574099.1	142	0.41233	12.2024536133	-1	0.21989	noncoding
ENST00000572083.5	195	0.42642	4.13934326172	1	0.999579	coding
ENST00000576241.1	212	0.42754	4.00994873047	-1	0.359361	noncoding
ENST00000574799.5	926	0.4381	6.26263427734	1	1	coding
ENST00000571028.1	72	0.46292	7.80657958984	1	0.158419	noncoding
ENST00000572253.5	251	0.40553	8.99957275391	1	0.999277	coding
ENST00000574933.1	24	0.42178	4.43426513672	1	0.0146917	noncoding
ENST00000455127.7	98	0.31617	9.39312744141	1	0.103718	noncoding
ENST00000538396.5	98	0.37892	9.39312744141	1	0.217627	noncoding
ENST00000573478.5	64	0.32019	9.86444091797	1	0.0357266	noncoding
ENST00000575061.2	119	0.35499	9.62310791016	1	0.320989	noncoding
ENST00000313056.10	320	0.33388	8.29913330078	1	0.999665	coding
ENST00000578586.1	118	0.29271	11.5903930664	1	0.110946	noncoding
ENST00000329197.9	332	0.41131	8.09442138672	1	0.999996	coding
ENST00000578287.1	125	0.3498	5.50799560547	1	0.648356	coding
ENST00000583897.5	61	0.4236	5.81781005859	1	0.0773409	noncoding
ENST00000580445.5	131	0.34856	11.6348266602	1	0.276073	noncoding
ENST00000579407.5	44	0.42946	11.8342895508	1	0.0443995	noncoding
ENST00000583445.5	117	0.4635	6.95050048828	-1	0.0708241	noncoding
ENST00000577495.5	26	0.4026	12.0028686523	1	0.0149039	noncoding
ENST00000579095.2	74	0.32397	9.30084228516	1	0.0478552	noncoding
ENST00000653651.1	43	0.37944	4.36907958984	1	0.0346271	noncoding
ENST00000578344.1	29	0.43898	7.81085205078	1	0.0104815	noncoding
ENST00000576606.7	76	0.36871	5.66204833984	1	0.109811	noncoding
ENST00000573355.3	60	0.38014	5.66424560547	1	0.0503478	noncoding
ENST00000575606.5	50	0.403	6.69818115234	1	0.0262198	noncoding
ENST00000317114.4	129	0.27327	7.69415283203	1	0.240224	noncoding
ENST00000574411.5	73	0.46041	5.15240478516	1	0.231661	noncoding
ENST00000701468.1	129	0.35502	7.69415283203	1	0.5	coding
ENST00000700825.1	29	0.44875	3.76678466797	1	0.037433	noncoding
ENST00000579509.1	87	0.35825	9.03118896484	1	0.107939	noncoding
ENST00000579332.1	50	0.3247	10.5188598633	1	0.0257138	noncoding
ENST00000638208.3	424	0.42524	9.23602294922	1	1	coding
ENST00000399070.3	424	0.36404	9.23602294922	1	0.999998	coding
ENST00000700899.1	66	0.39974	5.60174560547	1	0.0902983	noncoding
ENST00000639141.1	122	0.38731	9.80828857422	-1	0.152218	noncoding
ENST00000593122.5	58	0.38136	8.47442626953	1	0.0345069	noncoding
ENST00000591141.1	47	0.3959	8.06512451172	1	0.0209438	noncoding
ENST00000586741.1	47	0.36808	8.06512451172	1	0.0167067	noncoding
ENST00000426838.8	243	0.33921	8.24615478516	1	0.991801	coding
ENST00000649279.2	1597	0.36842	9.75885009766	1	1	coding
ENST00000677699.1	1540	0.36842	9.76312255859	1	1	coding
ENST00000678152.1	1597	0.36842	9.75885009766	1	1	coding
ENST00000677077.1	1597	0.36842	9.75885009766	1	1	coding
ENST00000677130.1	1597	0.36842	9.75885009766	1	1	coding
ENST00000354452.8	672	0.34775	6.66937255859	1	1	coding
ENST00000637923.2	456	0.2921	6.25482177734	1	1	coding
ENST00000635990.2	542	0.2921	6.91705322266	1	1	coding
ENST00000637239.2	589	0.29595	6.68328857422	1	1	coding
ENST00000637115.2	589	0.29595	6.68328857422	1	1	coding
ENST00000636751.2	542	0.29595	6.91705322266	1	1	coding
ENST00000570287.6	508	0.36746	6.18084716797	1	1	coding
ENST00000543082.5	626	0.42659	6.31182861328	1	1	coding
ENST00000562680.5	421	0.31357	6.83001708984	1	0.999999	coding
ENST00000630720.3	315	0.4233	6.63592529297	-1	0.56809	coding
ENST00000563760.5	204	0.36577	6.73541259766	1	0.990966	coding
ENST00000628689.2	188	0.44956	8.71539306641	-1	0.222966	noncoding
ENST00000565908.6	209	0.39292	8.98992919922	-1	0.221786	noncoding
ENST00000626595.2	221	0.43896	8.63140869141	-1	0.284453	noncoding
ENST00000578613.6	140	0.27379	10.0051879883	1	0.195906	noncoding
ENST00000578092.5	36	0.34467	6.00164794922	1	0.00883911	noncoding
ENST00000669527.1	51	0.362	9.49127197266	1	0.0258806	noncoding
ENST00000651044.1	96	0.31593	5.56719970703	1	0.196718	noncoding
ENST00000582452.1	54	0.31357	6.36895751953	1	0.0201064	noncoding
ENST00000584120.1	64	0.34261	8.80560302734	1	0.0344411	noncoding
ENST00000664503.1	36	0.34544	9.51910400391	1	0.0127547	noncoding
ENST00000655002.1	36	0.35184	9.51910400391	1	0.0130212	noncoding
ENST00000666531.1	39	0.32921	10.0719604492	1	0.0162266	noncoding
ENST00000651395.1	58	0.32494	5.59649658203	1	0.0315251	noncoding
ENST00000578803.1	87	0.31742	8.68182373047	1	0.0701933	noncoding
ENST00000668375.1	58	0.32575	5.59649658203	1	0.0315646	noncoding
ENST00000655528.1	36	0.33911	9.51910400391	1	0.0125508	noncoding
ENST00000658441.1	80	0.32314	8.95855712891	1	0.0573796	noncoding
ENST00000658647.1	79	0.32237	9.42559814453	1	0.0574015	noncoding
ENST00000680065.1	270	0.45734	5.40899658203	1	0.999994	coding
ENST00000613627.5	131	0.40799	5.76239013672	-1	0.0724656	noncoding
ENST00000353555.9	270	0.41832	5.40899658203	1	0.999989	coding
ENST00000166139.9	264	0.32915	6.36920166016	1	0.999121	coding
ENST00000592947.5	172	0.31385	9.89239501953	1	0.577226	coding
ENST00000588773.5	41	0.36602	4.58551025391	1	0.0235999	noncoding
ENST00000605925.3	41	0.37585	4.58551025391	1	0.0258783	noncoding
ENST00000409293.6	133	0.3954	9.23150634766	1	0.680901	coding
ENST00000469144.5	133	0.37658	5.56182861328	1	0.825493	coding
ENST00000590269.2	92	0.31913	9.47076416016	1	0.087674	noncoding
ENST00000532465.1	81	0.41036	4.40960693359	1	0.389274	noncoding
ENST00000325327.4	621	0.45766	5.49859619141	1	1	coding
ENST00000475819.1	51	0.32788	10.8779907227	1	0.0280739	noncoding
ENST00000611640.4	1131	0.47449	7.10906982422	1	1	coding
ENST00000159111.9	1097	0.47449	6.54742431641	1	1	coding
ENST00000624683.1	139	0.2729	6.03387451172	1	0.561904	coding
ENST00000588961.1	75	0.41992	7.72283935547	-1	0.0458516	noncoding
ENST00000588361.1	600	0.4498	7.81500244141	1	1	coding
ENST00000592159.1	55	0.4831	10.7048950195	-1	0.125479	noncoding
ENST00000252674.9	560	0.39288	8.74896240234	1	1	coding
ENST00000585588.1	156	0.43084	4.67364501953	-1	0.141309	noncoding
ENST00000480726.1	109	0.39652	10.5238647461	1	0.375274	noncoding
ENST00000707000.1	274	0.37789	8.88958740234	1	0.999383	coding
ENST00000403903.7	272	0.32304	9.33685302734	1	0.989286	coding
ENST00000403352.1	188	0.36189	9.65350341797	1	0.915211	coding
ENST00000356392.9	596	0.42439	9.10797119141	1	1	coding
ENST00000591179.5	536	0.43123	8.96417236328	1	1	coding
ENST00000586836.5	542	0.43054	8.88409423828	1	1	coding
ENST00000593281.1	61	0.45384	4.35235595703	-1	0.0361913	noncoding
ENST00000292433.4	224	0.32209	6.46160888672	1	0.990639	coding
ENST00000588173.1	224	0.32796	6.46160888672	1	0.992159	coding
ENST00000587086.3	220	0.40195	10.917175293	1	0.988081	coding
ENST00000591982.1	195	0.32079	11.1859741211	1	0.636261	coding
ENST00000590772.1	28	0.42644	12.1763305664	1	0.0194438	noncoding
ENST00000674001.1	1067	0.38503	9.56439208984	1	1	coding
ENST00000389282.8	833	0.42711	9.53887939453	1	1	coding
ENST00000545156.5	966	0.43021	9.57965087891	1	1	coding
ENST00000599910.6	969	0.43021	9.57965087891	1	1	coding
ENST00000643092.1	1700	0.43142	6.40667724609	1	1	coding
ENST00000648664.1	983	0.44351	9.33013916016	1	1	coding
ENST00000600632.1	80	0.41128	10.5508422852	1	0.171529	noncoding
ENST00000595214.2	256	0.43679	9.17852783203	1	0.9998	coding
ENST00000596159.1	133	0.38506	4.84893798828	-1	0.0707302	noncoding
ENST00000651564.2	1816	0.46613	5.82989501953	1	1	coding
ENST00000443236.7	1933	0.47459	6.15911865234	1	1	coding
ENST00000600235.5	152	0.28931	11.8904418945	1	0.169628	noncoding
ENST00000596224.5	79	0.37716	8.39971923828	1	0.0909429	noncoding
ENST00000594249.6	79	0.33521	8.39971923828	1	0.058904	noncoding
ENST00000597335.5	64	0.37234	12.8451538086	1	0.0269302	noncoding
ENST00000598547.5	61	0.42338	11.4678344727	1	0.0889209	noncoding
ENST00000682780.1	194	0.47831	4.93353271484	-1	0.314236	noncoding
ENST00000593420.5	79	0.35784	6.80657958984	1	0.0811493	noncoding
ENST00000602159.1	133	0.44362	6.90386962891	-1	0.0849554	noncoding
ENST00000222256.9	221	0.46542	4.85479736328	1	0.999889	coding
ENST00000464076.3	126	0.45337	4.32293701172	1	0.952197	coding
ENST00000515410.1	134	0.46758	9.59381103516	-1	0.175024	noncoding
ENST00000598375.5	173	0.32963	11.5366821289	1	0.485059	noncoding
ENST00000450195.6	180	0.40955	5.37237548828	1	0.995226	coding
ENST00000600997.5	191	0.29671	11.0923461914	1	0.464864	noncoding
ENST00000358607.11	202	0.4142	6.46795654297	1	0.997657	coding
ENST00000601736.1	67	0.42411	5.05303955078	1	0.156358	noncoding
ENST00000597371.1	214	0.38417	10.1591186523	1	0.981934	coding
ENST00000595490.1	58	0.39099	12.0028686523	-1	0.178538	noncoding
ENST00000595077.1	78	0.3305	5.82586669922	1	0.082009	noncoding
ENST00000338797.10	651	0.3648	5.57781982422	1	1	coding
ENST00000321949.13	635	0.3648	5.64996337891	1	1	coding
ENST00000594658.5	594	0.44415	5.48016357422	1	1	coding
ENST00000601916.1	393	0.39684	5.30548095703	1	1	coding
ENST00000591366.5	120	0.40465	9.51165771484	1	0.567713	coding
ENST00000586021.5	85	0.37343	6.02459716797	1	0.16118	noncoding
ENST00000588146.1	120	0.43348	9.45819091797	-1	0.134496	noncoding
ENST00000343769.6	621	0.41368	9.40484619141	1	1	coding
ENST00000592245.1	76	0.35665	7.83673095703	-1	0.0735899	noncoding
ENST00000592160.5	124	0.31512	9.69024658203	1	0.221705	noncoding
ENST00000589903.1	88	0.47152	10.1016235352	1	0.512086	coding
ENST00000310123.8	538	0.44689	7.28094482422	1	1	coding
ENST00000392225.7	495	0.41351	8.90667724609	1	1	coding
ENST00000587780.5	295	0.40691	6.29754638672	1	0.999992	coding
ENST00000593248.5	163	0.37751	6.48785400391	-1	0.11247	noncoding
ENST00000591633.2	262	0.38912	9.17108154297	1	0.999143	coding
ENST00000473160.6	197	0.34401	8.69573974609	1	0.932624	coding
ENST00000592346.1	22	0.38531	10.7178344727	1	0.0115223	noncoding
ENST00000222305.8	347	0.44371	4.97430419922	1	1	coding
ENST00000343550.9	280	0.42061	5.09576416016	1	0.999996	coding
ENST00000595068.5	339	0.45975	4.84881591797	1	1	coding
ENST00000594064.5	350	0.44038	5.37640380859	1	1	coding
ENST00000607959.5	225	0.32705	9.04779052734	1	0.953968	coding
ENST00000597671.5	58	0.39748	6.52874755859	1	0.0410375	noncoding
ENST00000599625.1	89	0.44213	10.762878418	1	0.367866	noncoding
ENST00000586324.2	135	0.28796	8.82244873047	1	0.241064	noncoding
ENST00000656668.1	102	0.29959	11.5390014648	1	0.0862828	noncoding
ENST00000653146.2	46	0.34292	7.76226806641	1	0.0132564	noncoding
ENST00000654113.1	51	0.33609	8.04058837891	1	0.0167739	noncoding
ENST00000612804.1	135	0.29637	8.82244873047	1	0.263177	noncoding
ENST00000590889.5	46	0.31617	7.76226806641	1	0.0124544	noncoding
ENST00000586442.1	37	0.3544	6.69451904297	-1	0.0349164	noncoding
ENST00000587515.5	78	0.43507	5.26446533203	1	0.271654	noncoding
ENST00000301242.9	148	0.41406	9.40789794922	1	0.874003	coding
ENST00000347262.8	121	0.38749	10.8903198242	1	0.440522	noncoding
ENST00000591585.1	132	0.39012	8.10894775391	1	0.67706	coding
ENST00000676076.1	1323	0.41577	6.46685791016	1	1	coding
ENST00000673881.1	1323	0.40617	6.46685791016	1	1	coding
ENST00000674773.1	1323	0.41454	6.46685791016	1	1	coding
ENST00000291825.11	1323	0.42106	6.46685791016	1	1	coding
ENST00000324001.8	1462	0.40617	7.21527099609	1	1	coding
ENST00000676344.1	59	0.39203	11.491027832	1	0.0542887	noncoding
ENST00000675541.1	32	0.41798	8.00128173828	1	0.0108623	noncoding
ENST00000599513.1	35	0.36446	11.467956543	1	0.0187257	noncoding
ENST00000676047.1	36	0.37251	8.00079345703	-1	0.0476236	noncoding
ENST00000652333.1	38	0.32983	7.92193603516	1	0.00896537	noncoding
ENST00000656967.1	104	0.34103	9.58331298828	1	0.167966	noncoding
ENST00000664904.1	104	0.41869	9.58331298828	1	0.43237	noncoding
ENST00000652144.3	55	0.31225	11.0001831055	1	0.0309889	noncoding
ENST00000652406.1	46	0.41993	10.2890014648	1	0.0424696	noncoding
ENST00000650804.2	104	0.3106	9.58331298828	1	0.118505	noncoding
ENST00000651572.3	113	0.44593	4.84930419922	1	0.847627	coding
ENST00000598215.2	83	0.43795	5.34625244141	1	0.336826	noncoding
ENST00000650991.1	133	0.44835	7.68707275391	1	0.873575	coding
ENST00000352591.9	431	0.35164	5.27117919922	1	1	coding
ENST00000161559.11	527	0.35877	5.64788818359	1	1	coding
ENST00000403444.7	465	0.39325	5.73736572266	1	1	coding
ENST00000465051.1	40	0.42889	4.49310302734	1	0.0428115	noncoding
ENST00000599389.1	400	0.49045	5.74432373047	1	1	coding
ENST00000377806.7	418	0.3931	5.79656982422	1	1	coding
ENST00000403136.1	322	0.42439	5.36407470703	1	1	coding
ENST00000586860.1	75	0.37814	7.74798583984	1	0.0746432	noncoding
ENST00000589021.1	72	0.37362	8.95428466797	1	0.0665421	noncoding
ENST00000667325.1	55	0.35464	9.48992919922	1	0.0291419	noncoding
ENST00000670660.1	75	0.39474	7.74798583984	1	0.0900056	noncoding
ENST00000300853.8	298	0.3977	5.89581298828	1	0.999994	coding
ENST00000588738.5	50	0.40678	8.54632568359	1	0.0297001	noncoding
ENST00000340192.11	274	0.45101	5.88482666016	1	0.999993	coding
ENST00000589165.5	298	0.46156	5.89581298828	1	0.999999	coding
ENST00000013807.9	324	0.47246	8.99981689453	1	0.999999	coding
ENST00000589381.5	209	0.42805	5.47125244141	-1	0.249749	noncoding
ENST00000592083.5	258	0.47841	5.71942138672	-1	0.525635	coding
ENST00000592905.5	260	0.45622	6.12078857422	1	0.999979	coding
ENST00000588300.1	202	0.46455	7.65679931641	1	0.998468	coding
ENST00000417353.6	303	0.32974	4.33416748047	1	0.999991	coding
ENST00000443841.6	196	0.31461	4.18804931641	1	0.994469	coding
ENST00000591858.5	300	0.31461	4.91986083984	1	0.99996	coding
ENST00000590335.1	178	0.29492	7.80072021484	1	0.720229	coding
ENST00000353609.8	339	0.32974	4.78277587891	1	0.999998	coding
ENST00000592811.5	189	0.34169	5.69671630859	1	0.98132	coding
ENST00000586113.1	178	0.2933	9.04339599609	1	0.5815	coding
ENST00000586615.5	290	0.31051	5.03558349609	1	0.999908	coding
ENST00000587358.1	198	0.45904	4.89178466797	1	0.999456	coding
ENST00000542575.6	542	0.45223	5.33709716797	1	1	coding
ENST00000434726.6	340	0.44494	5.21380615234	1	1	coding
ENST00000594991.5	366	0.45988	5.46954345703	1	1	coding
ENST00000412532.6	314	0.45829	5.26812744141	1	1	coding
ENST00000593284.5	62	0.37019	10.7061157227	1	0.0519673	noncoding
ENST00000594367.2	112	0.39713	8.78826904297	1	0.434321	noncoding
ENST00000222122.10	326	0.37971	9.33831787109	1	0.999933	coding
ENST00000599385.5	124	0.46322	9.73406982422	1	0.857691	coding
ENST00000593500.1	124	0.4692	9.73406982422	1	0.874337	coding
ENST00000601780.5	97	0.3531	11.9550170898	1	0.105985	noncoding
ENST00000376918.7	255	0.39969	5.89605712891	1	0.999921	coding
ENST00000334976.11	263	0.29727	5.77972412109	1	0.998585	coding
ENST00000598585.1	372	0.40442	6.45501708984	1	1	coding
ENST00000599293.1	78	0.34596	6.68353271484	1	0.0707162	noncoding
ENST00000595962.6	536	0.34542	9.25616455078	1	1	coding
ENST00000598016.5	165	0.43824	8.78948974609	-1	0.172258	noncoding
ENST00000490272.1	367	0.46143	9.46417236328	1	1	coding
ENST00000334197.12	840	0.31893	9.33868408203	1	1	coding
ENST00000452676.6	841	0.40104	9.33868408203	1	1	coding
ENST00000601469.2	841	0.44436	9.33868408203	1	1	coding
ENST00000597183.5	125	0.44676	5.37469482422	-1	0.0825559	noncoding
ENST00000595967.1	102	0.44223	4.66070556641	-1	0.0633191	noncoding
ENST00000595710.1	85	0.29643	4.71661376953	1	0.191972	noncoding
ENST00000599096.1	34	0.32255	4.51251220703	-1	0.0233346	noncoding
ENST00000301318.8	869	0.36762	9.44158935547	1	1	coding
ENST00000591844.5	350	0.3349	9.76470947266	1	0.999538	coding
ENST00000594386.1	82	0.29205	9.16009521484	1	0.0517463	noncoding
ENST00000282296.10	671	0.36812	8.72613525391	1	1	coding
ENST00000599402.1	113	0.38424	6.57757568359	-1	0.0620824	noncoding
ENST00000596085.1	75	0.40731	4.36981201172	1	0.297876	noncoding
ENST00000599227.5	574	0.36235	8.83428955078	1	1	coding
ENST00000597240.5	97	0.47583	4.21868896484	-1	0.086517	noncoding
ENST00000594384.5	76	0.41751	4.81256103516	1	0.270838	noncoding
ENST00000687789.1	716	0.39423	8.14837646484	1	1	coding
ENST00000652201.1	574	0.35617	8.83428955078	1	1	coding
ENST00000596825.5	574	0.35679	8.83428955078	1	1	coding
ENST00000600775.5	25	0.42604	11.0003051758	1	0.0192782	noncoding
ENST00000600044.5	688	0.37142	8.39715576172	1	1	coding
ENST00000596677.5	574	0.34919	8.83428955078	1	1	coding
ENST00000596929.5	98	0.4528	5.21929931641	1	0.614576	coding
ENST00000595981.5	140	0.44091	4.39959716797	1	0.9798	coding
ENST00000599714.1	36	0.39937	10.5646362305	-1	0.120366	noncoding
ENST00000278772.9	600	0.34484	9.19293212891	1	1	coding
ENST00000617391.4	510	0.3572	9.26763916016	1	1	coding
ENST00000612935.4	641	0.31641	9.18682861328	1	1	coding
ENST00000381253.5	119	0.41866	6.12396240234	1	0.746239	coding
ENST00000674000.1	66	0.37983	7.84454345703	1	0.048117	noncoding
ENST00000421216.1	101	0.42626	6.58233642578	-1	0.0502056	noncoding
ENST00000262919.10	1430	0.35881	7.23980712891	1	1	coding
ENST00000446916.2	1273	0.38297	6.65093994141	1	1	coding
ENST00000379143.10	262	0.47323	4.57318115234	1	0.999994	coding
ENST00000379160.3	262	0.46455	4.57318115234	1	0.999995	coding
ENST00000378392.6	777	0.41687	8.50933837891	1	1	coding
ENST00000378380.4	777	0.41687	8.50933837891	1	1	coding
ENST00000488991.1	588	0.4697	8.93353271484	1	1	coding
ENST00000486996.5	133	0.34667	10.510925293	1	0.376759	noncoding
ENST00000398084.6	133	0.39493	10.510925293	1	0.63226	coding
ENST00000375966.8	233	0.41245	9.36895751953	1	0.998237	coding
ENST00000339738.10	236	0.37396	9.54815673828	1	0.993187	coding
ENST00000459848.5	81	0.41125	10.4559936523	1	0.178288	noncoding
ENST00000493115.1	112	0.43069	9.67095947266	1	0.597421	coding
ENST00000216968.5	239	0.4339	6.69781494141	1	0.999829	coding
ENST00000634509.1	42	0.36268	11.4563598633	1	0.0237145	noncoding
ENST00000244020.5	345	0.30824	11.4235229492	1	0.976027	coding
ENST00000483871.6	216	0.4328	12.0923461914	1	0.986818	coding
ENST00000671022.1	216	0.47591	12.0923461914	1	0.997913	coding
ENST00000419593.5	162	0.3737	4.12530517578	1	0.988561	coding
ENST00000475242.5	117	0.41281	4.35748291016	-1	0.067048	noncoding
ENST00000458187.5	114	0.44784	4.35748291016	-1	0.0899594	noncoding
ENST00000452133.1	138	0.39355	4.27447509766	-1	0.0816807	noncoding
ENST00000498689.5	60	0.34025	9.51690673828	1	0.0325625	noncoding
ENST00000415828.5	345	0.46671	5.61651611328	-1	0.837819	coding
ENST00000613138.1	75	0.43834	9.56268310547	1	0.187993	noncoding
ENST00000217109.9	432	0.28662	6.12347412109	1	0.999999	coding
ENST00000452950.1	345	0.49161	5.61651611328	-1	0.856547	coding
ENST00000493039.5	375	0.37021	5.74847412109	1	1	coding
ENST00000475243.6	244	0.29187	6.85125732422	1	0.98708	coding
ENST00000395802.7	100	0.31258	8.73724365234	1	0.107501	noncoding
ENST00000520497.1	121	0.42788	7.83673095703	1	0.702324	coding
ENST00000463370.5	173	0.37852	5.37530517578	1	0.985015	coding
ENST00000371001.6	1531	0.43065	9.00750732422	1	1	coding
ENST00000357552.8	1531	0.42245	9.00750732422	1	1	coding
ENST00000412613.1	202	0.44798	5.36712646484	-1	0.266882	noncoding
ENST00000474749.1	16	0.41807	10.477355957	1	0.01035	noncoding
ENST00000471331.1	142	0.41359	4.82122802734	-1	0.0949293	noncoding
ENST00000476314.1	61	0.45639	6.53363037109	1	0.0785153	noncoding
ENST00000425931.1	118	0.47741	8.83990478516	-1	0.114971	noncoding
ENST00000370823.8	407	0.32664	9.52435302734	1	0.999933	coding
ENST00000466933.1	114	0.33236	11.3274536133	1	0.16524	noncoding
ENST00000471352.5	230	0.3025	10.1862182617	1	0.839533	coding
ENST00000467101.5	179	0.34407	6.43743896484	1	0.947764	coding
ENST00000448254.1	233	0.40998	10.030090332	-1	0.303467	noncoding
ENST00000488748.1	69	0.40366	6.69952392578	1	0.0794628	noncoding
ENST00000652450.2	489	0.33843	5.64569091797	1	1	coding
ENST00000652654.3	392	0.32477	6.09979248047	1	0.999999	coding
ENST00000703515.1	558	0.45313	5.58148193359	1	1	coding
ENST00000703556.1	558	0.41258	5.58148193359	1	1	coding
ENST00000700045.1	443	0.49102	7.97174072266	1	1	coding
ENST00000703557.1	553	0.36837	5.66204833984	1	1	coding
ENST00000652513.2	271	0.43712	7.64080810547	1	0.999962	coding
ENST00000700301.1	391	0.46484	6.41156005859	1	1	coding
ENST00000703565.1	382	0.47822	6.03765869141	1	1	coding
ENST00000442071.3	459	0.32477	5.20208740234	1	1	coding
ENST00000703563.1	442	0.32477	5.79754638672	1	1	coding
ENST00000270139.8	558	0.34527	5.58148193359	1	1	coding
ENST00000427447.5	151	0.28096	8.28961181641	1	0.367846	noncoding
ENST00000599421.1	132	0.3506	8.33819580078	1	0.476392	noncoding
ENST00000400353.6	61	0.3088	7.74420166016	1	0.0235028	noncoding
ENST00000622171.1	0	0.31423	0.0	-1	4.67475e-07	noncoding
ENST00000608431.1	53	0.46644	9.25531005859	-1	0.0612152	noncoding
ENST00000593977.1	64	0.46345	8.81573486328	1	0.132247	noncoding
ENST00000381181.1	135	0.30534	5.35064697266	1	0.666194	coding
ENST00000620580.1	85	0.41434	4.57110595703	1	0.437907	noncoding
ENST00000613667.1	22	0.43527	3.79937744141	1	0.0222413	noncoding
ENST00000609132.2	53	0.27862	6.69940185547	1	0.0218612	noncoding
ENST00000432907.6	320	0.28338	5.88006591797	1	0.999826	coding
ENST00000418336.6	61	0.39878	3.85150146484	1	0.181039	noncoding
ENST00000291547.10	437	0.31373	4.78765869141	1	1	coding
ENST00000560448.5	320	0.45097	5.88006591797	1	1	coding
ENST00000607049.5	117	0.40674	4.15606689453	1	0.89443	coding
ENST00000474336.5	62	0.43225	9.89605712891	-1	0.0956402	noncoding
ENST00000558955.2	163	0.44883	4.61285400391	1	0.995178	coding
ENST00000291565.9	313	0.29051	5.74603271484	1	0.999847	coding
ENST00000470029.5	144	0.45402	5.02911376953	1	0.975931	coding
ENST00000438837.1	21	0.40489	4.74981689453	1	0.00862742	noncoding
ENST00000498040.5	158	0.44493	5.18841552734	-1	0.144286	noncoding
ENST00000481512.5	138	0.40893	4.95159912109	-1	0.0848882	noncoding
ENST00000490666.5	158	0.40326	5.18841552734	-1	0.10895	noncoding
ENST00000343528.10	240	0.43599	6.08306884766	1	0.9999	coding
ENST00000468392.5	188	0.45019	6.59197998047	1	0.996775	coding
ENST00000461785.1	23	0.37017	10.8344116211	1	0.011638	noncoding
ENST00000311124.9	592	0.39484	9.14654541016	1	1	coding
ENST00000460174.1	55	0.33854	8.68438720703	1	0.0223671	noncoding
ENST00000380010.8	490	0.40128	9.58038330078	1	1	coding
ENST00000650808.1	490	0.42152	9.58038330078	1	1	coding
ENST00000485649.3	552	0.41077	9.23114013672	1	1	coding
ENST00000427839.5	182	0.40612	8.92669677734	-1	0.187915	noncoding
ENST00000443742.1	154	0.41892	7.78118896484	-1	0.118734	noncoding
ENST00000528477.1	60	0.41553	5.59576416016	-1	0.0244471	noncoding
ENST00000509549.5	807	0.4576	8.52935791016	1	1	coding
ENST00000399568.5	81	0.35738	6.94439697266	1	0.0869937	noncoding
ENST00000399562.9	106	0.30281	7.71490478516	1	0.136086	noncoding
ENST00000618236.2	219	0.38889	8.24761962891	1	0.995296	coding
ENST00000403084.1	304	0.35852	9.33966064453	1	0.999466	coding
ENST00000413119.2	304	0.36758	9.33966064453	1	0.999658	coding
ENST00000436079.1	134	0.31266	10.537902832	1	0.247272	noncoding
ENST00000429962.2	166	0.32779	9.94964599609	1	0.60676	coding
ENST00000690091.2	128	0.36118	10.537902832	1	0.400853	noncoding
ENST00000452284.1	128	0.39009	10.3716430664	1	0.561325	coding
ENST00000215917.11	340	0.3143	5.30657958984	1	0.999992	coding
ENST00000477945.1	199	0.45483	5.95062255859	-1	0.23799	noncoding
ENST00000471799.1	54	0.33859	4.13885498047	1	0.0546984	noncoding
ENST00000401702.5	100	0.45576	9.24078369141	1	0.549785	coding
ENST00000397326.7	155	0.45968	7.13690185547	1	0.97124	coding
ENST00000359787.5	155	0.4593	7.13690185547	1	0.971123	coding
ENST00000406324.5	155	0.45454	7.13690185547	1	0.969504	coding
ENST00000443033.5	143	0.45785	7.13726806641	-1	0.104068	noncoding
ENST00000340630.9	186	0.47083	5.27813720703	1	0.998311	coding
ENST00000495555.6	114	0.39892	5.38763427734	1	0.705093	coding
ENST00000415653.5	114	0.42903	4.38775634766	1	0.884091	coding
ENST00000433985.7	187	0.46558	5.27813720703	1	0.998459	coding
ENST00000471809.5	155	0.33788	7.57269287109	1	0.724175	coding
ENST00000430701.5	116	0.47649	4.86041259766	-1	0.0944981	noncoding
ENST00000465023.1	52	0.37963	6.00396728516	1	0.0277893	noncoding
ENST00000215941.9	301	0.40727	5.84454345703	1	0.999997	coding
ENST00000498417.5	162	0.33768	6.06231689453	1	0.892889	coding
ENST00000609454.5	108	0.44714	5.75653076172	1	0.697696	coding
ENST00000407117.6	156	0.37859	7.09490966797	-1	0.111105	noncoding
ENST00000464849.5	143	0.42225	6.03533935547	-1	0.0900328	noncoding
ENST00000609706.1	70	0.33062	9.85565185547	1	0.0467618	noncoding
ENST00000406644.7	274	0.33265	5.39202880859	1	0.999844	coding
ENST00000266304.9	304	0.33022	5.80694580078	1	0.999946	coding
ENST00000355209.9	234	0.33198	9.24346923828	1	0.969673	coding
ENST00000396504.6	234	0.34974	9.24346923828	1	0.984482	coding
ENST00000337566.9	176	0.42408	4.23919677734	1	0.998237	coding
ENST00000431534.5	142	0.3817	4.28387451172	1	0.959884	coding
ENST00000407461.5	205	0.46602	4.47357177734	1	0.999754	coding
ENST00000442616.1	71	0.33952	5.18023681641	1	0.0799878	noncoding
ENST00000336156.10	405	0.313	8.06292724609	1	0.999978	coding
ENST00000423262.5	257	0.44156	7.78070068359	1	0.999914	coding
ENST00000251993.11	410	0.44368	6.77227783203	1	1	coding
ENST00000391627.6	371	0.42914	7.12115478516	1	1	coding
ENST00000488038.5	414	0.44383	8.09222412109	1	1	coding
ENST00000262722.11	684	0.3373	5.10296630859	1	1	coding
ENST00000327858.11	704	0.3271	5.07220458984	1	1	coding
ENST00000465578.1	92	0.41978	10.0972290039	1	0.300649	noncoding
ENST00000359139.7	928	0.45193	4.79901123047	1	1	coding
ENST00000395741.7	934	0.47294	4.78460693359	1	1	coding
ENST00000612753.5	960	0.46335	4.74322509766	1	1	coding
ENST00000395744.7	933	0.49139	4.76776123047	1	1	coding
ENST00000216061.9	967	0.46799	4.74322509766	1	1	coding
ENST00000401672.7	611	0.47808	4.63580322266	1	1	coding
ENST00000427222.2	493	0.44973	4.61077880859	1	1	coding
ENST00000473283.1	59	0.31801	12.3034057617	1	0.0289139	noncoding
ENST00000470046.1	121	0.41043	9.05511474609	1	0.612274	coding
ENST00000381154.6	594	0.3802	6.78411865234	1	1	coding
ENST00000217890.10	383	0.39041	8.85736083984	1	0.999999	coding
ENST00000481340.1	46	0.46233	10.9531860352	1	0.0947757	noncoding
ENST00000494870.5	182	0.42737	9.49981689453	1	0.982927	coding
ENST00000559324.1	83	0.32134	9.49481201172	1	0.0659015	noncoding
ENST00000316715.9	329	0.3923	5.71356201172	1	0.999999	coding
ENST00000454189.7	247	0.34692	5.91632080078	1	0.999253	coding
ENST00000356942.9	266	0.41029	5.52740478516	1	0.99998	coding
ENST00000398361.7	180	0.43586	6.68670654297	1	0.993063	coding
ENST00000329235.6	200	0.35371	6.33709716797	1	0.987955	coding
ENST00000380291.5	161	0.26498	8.55621337891	1	0.37281	noncoding
ENST00000450644.2	154	0.33073	6.73992919922	1	0.759461	coding
ENST00000479184.2	148	0.33941	6.60504150391	1	0.74681	coding
ENST00000673591.1	190	0.29927	8.22186279297	1	0.784198	coding
ENST00000357277.8	661	0.34268	7.56072998047	1	1	coding
ENST00000303843.7	660	0.34268	7.56072998047	1	1	coding
ENST00000379682.9	712	0.36612	9.71368408203	1	1	coding
ENST00000379687.8	683	0.36612	9.69232177734	1	1	coding
ENST00000451208.1	57	0.32258	8.19012451172	1	0.0210683	noncoding
ENST00000456553.1	38	0.36172	8.25421142578	-1	0.0615322	noncoding
ENST00000472158.5	241	0.37307	9.53778076172	1	0.994429	coding
ENST00000466702.1	36	0.28573	11.0584106445	-1	0.183867	noncoding
ENST00000471203.1	66	0.40083	5.14007568359	1	0.113542	noncoding
ENST00000378943.7	554	0.4334	5.94183349609	1	1	coding
ENST00000378946.7	531	0.4334	6.11859130859	1	1	coding
ENST00000692461.1	582	0.4514	5.94183349609	1	1	coding
ENST00000427190.6	560	0.41038	6.11956787109	1	1	coding
ENST00000378945.7	525	0.46892	5.94036865234	1	1	coding
ENST00000378938.1	90	0.48381	4.41802978516	1	0.532972	coding
ENST00000398000.7	434	0.35108	8.10565185547	1	1	coding
ENST00000377934.4	183	0.30573	9.20330810547	1	0.677666	coding
ENST00000492138.1	24	0.40434	6.79669189453	-1	0.0187089	noncoding
ENST00000375772.7	779	0.48114	5.63555908203	1	1	coding
ENST00000375722.5	779	0.45804	5.63555908203	1	1	coding
ENST00000326587.12	779	0.46269	5.63555908203	1	1	coding
ENST00000473931.1	135	0.43866	4.43157958984	1	0.970365	coding
ENST00000685301.1	80	0.38308	9.76177978516	1	0.114671	noncoding
ENST00000684969.2	80	0.40334	9.76177978516	1	0.148103	noncoding
ENST00000687362.2	80	0.38289	9.76177978516	1	0.114408	noncoding
ENST00000701189.1	80	0.42811	9.76177978516	1	0.207394	noncoding
ENST00000689511.1	80	0.43999	9.76177978516	1	0.245177	noncoding
ENST00000693445.1	80	0.3387	9.76177978516	1	0.0707918	noncoding
ENST00000691150.1	80	0.40652	9.76177978516	1	0.154442	noncoding
ENST00000687990.1	80	0.35312	9.76177978516	1	0.0817142	noncoding
ENST00000246174.6	559	0.45818	8.85272216797	1	1	coding
ENST00000473968.7	559	0.46421	8.85272216797	1	1	coding
ENST00000604957.1	559	0.4234	8.85272216797	1	1	coding
ENST00000477663.6	559	0.49702	8.85272216797	1	1	coding
ENST00000479502.2	559	0.49783	8.85272216797	1	1	coding
ENST00000372742.1	559	0.5072	8.85272216797	1	1	coding
ENST00000652542.1	1396	0.45439	4.64276123047	1	1	coding
ENST00000415986.5	1396	0.46208	4.64276123047	1	1	coding
ENST00000444152.5	1396	0.46766	4.64276123047	1	1	coding
ENST00000361600.9	1396	0.46208	4.64276123047	1	1	coding
ENST00000537097.2	1396	0.46208	4.64276123047	1	1	coding
ENST00000466098.1	61	0.36318	6.00128173828	1	0.0401304	noncoding
ENST00000483294.5	8	0.3553	11.0003051758	1	0.00685209	noncoding
ENST00000361229.8	548	0.4302	7.50897216797	1	1	coding
ENST00000457056.6	548	0.40465	7.50897216797	1	1	coding
ENST00000486988.1	12	0.42521	5.75079345703	1	0.00351618	noncoding
ENST00000447531.5	548	0.43185	7.50897216797	1	1	coding
ENST00000448867.1	548	0.4456	7.50897216797	1	1	coding
ENST00000372685.8	118	0.40005	5.31524658203	1	0.76756	coding
ENST00000360000.8	118	0.36197	5.31524658203	1	0.62898	coding
ENST00000451678.1	74	0.40956	5.62286376953	-1	0.0304051	noncoding
ENST00000372666.1	101	0.41145	8.46405029297	1	0.352735	noncoding
ENST00000332431.5	101	0.38595	8.46405029297	1	0.263512	noncoding
ENST00000665871.1	30	0.3538	4.55657958984	1	0.0112205	noncoding
ENST00000446986.1	30	0.34459	4.55657958984	1	0.0108094	noncoding
ENST00000395539.2	139	0.3077	11.801574707	1	0.176044	noncoding
ENST00000668529.1	30	0.33775	4.55657958984	1	0.0106749	noncoding
ENST00000701191.1	30	0.34147	4.55657958984	1	0.0107293	noncoding
ENST00000666209.1	30	0.37017	4.55657958984	1	0.0125545	noncoding
ENST00000445759.1	30	0.36879	4.55657958984	1	0.0124136	noncoding
ENST00000609227.1	29	0.36867	9.10321044922	1	0.0089395	noncoding
ENST00000698115.1	47	0.26931	8.19891357422	1	0.0167731	noncoding
ENST00000360027.5	126	0.3229	8.74493408203	1	0.281864	noncoding
ENST00000698117.1	77	0.28191	6.24554443359	1	0.0668668	noncoding
ENST00000371139.9	129	0.29444	8.74493408203	1	0.222126	noncoding
ENST00000491950.5	65	0.44291	9.75775146484	1	0.131766	noncoding
ENST00000494073.5	63	0.35886	6.01739501953	1	0.0429551	noncoding
ENST00000698120.1	47	0.31281	8.19891357422	1	0.0136381	noncoding
ENST00000414769.2	88	0.34544	9.34344482422	1	0.099019	noncoding
ENST00000440570.6	88	0.33676	9.34344482422	1	0.0902188	noncoding
ENST00000457876.6	54	0.34306	8.73944091797	-1	0.101299	noncoding
ENST00000445415.2	49	0.31037	9.18487548828	-1	0.151618	noncoding
ENST00000666697.1	48	0.34699	8.77008056641	-1	0.0956119	noncoding
ENST00000673627.1	48	0.28167	8.77008056641	-1	0.167598	noncoding
ENST00000659680.1	56	0.28396	10.0243530273	1	0.0276093	noncoding
ENST00000315930.11	246	0.27937	9.92193603516	1	0.814974	coding
ENST00000436198.6	256	0.27289	8.81365966797	1	0.917126	coding
ENST00000441825.8	227	0.40771	8.99078369141	1	0.997626	coding
ENST00000626909.2	200	0.4316	9.28546142578	1	0.994605	coding
ENST00000448673.1	98	0.34684	7.72479248047	-1	0.0918108	noncoding
ENST00000651111.1	340	0.29452	4.96722412109	1	0.999989	coding
ENST00000422081.6	340	0.38438	4.96722412109	1	1	coding
ENST00000427113.2	61	0.33158	5.64361572266	1	0.0368752	noncoding
