Protein_ID,Localizations,Signals,Cytoplasm,Nucleus,Extracellular,Cell membrane,Mitochondrion,Plastid,Endoplasmic reticulum,Lysosome/Vacuole,Golgi apparatus,Peroxisome
ENST00000444152.5,Cytoplasm,Nuclear localization signal,0.6812000274658203,0.3580000102519989,0.1363999992609024,0.2806999981403351,0.10010000318288803,0.047200001776218414,0.12489999830722809,0.10119999945163727,0.12960000336170197,0.0007999999797903001
ENST00000444334.5,Cytoplasm,,0.7955999970436096,0.2833000123500824,0.024800000712275505,0.07919999957084656,0.3774999976158142,0.020600000396370888,0.26019999384880066,0.10019999742507935,0.18379999697208405,0.15459999442100525
ENST00000444570.5,Cytoplasm|Nucleus,,0.5964000225067139,0.5572999715805054,0.05169999971985817,0.07320000231266022,0.15929999947547913,0.004999999888241291,0.2644999921321869,0.1273999959230423,0.0989999994635582,0.005499999970197678
ENST00000444847.2,Cell membrane,Transmembrane domain,0.11150000244379044,0.21529999375343323,0.0738999992609024,0.8388000130653381,0.15719999372959137,0.015799999237060547,0.3691999912261963,0.12070000171661377,0.1046999990940094,0.004900000058114529
ENST00000445224.6,Cytoplasm,Nuclear export signal,0.6705999970436096,0.4779999852180481,0.0746999979019165,0.3294000029563904,0.14079999923706055,0.017500000074505806,0.10989999771118164,0.3271999955177307,0.3977000117301941,0.0142000000923872
ENST00000445522.6,Extracellular,,0.23160000145435333,0.29789999127388,0.7451000213623047,0.33239999413490295,0.12929999828338623,0.006800000090152025,0.11860000342130661,0.1216999962925911,0.11400000005960464,0.022099999710917473
ENST00000445819.5,Extracellular,Signal peptide,0.2694000005722046,0.25440001487731934,0.7925000190734863,0.4745999872684479,0.17720000445842743,0.0035000001080334187,0.3084000051021576,0.45899999141693115,0.3716999888420105,0.00559999980032444
ENST00000445890.6,Cytoplasm|Cell membrane,Nuclear localization signal,0.6019999980926514,0.24070000648498535,0.05559999868273735,0.6830000281333923,0.1868000030517578,0.03290000185370445,0.1477999985218048,0.3061000108718872,0.3779999911785126,0.008899999782443047
ENST00000446119.2,Cell membrane|Lysosome/Vacuole,Signal peptide|Transmembrane domain,0.1712999939918518,0.11330000311136246,0.16820000112056732,0.8727999925613403,0.025299999862909317,0.004800000227987766,0.11680000275373459,0.6525999903678894,0.44600000977516174,0.1193000003695488
ENST00000446597.6,Cytoplasm|Lysosome/Vacuole,Nuclear export signal,0.5911999940872192,0.31839999556541443,0.06350000202655792,0.4377000033855438,0.24240000545978546,0.009600000455975533,0.3109999895095825,0.6103000044822693,0.3075000047683716,0.012500000186264515
ENST00000446808.5,Cytoplasm|Nucleus,Nuclear export signal,0.607699990272522,0.5892000198364258,0.13199999928474426,0.31220000982284546,0.18870000541210175,0.001500000013038516,0.1889999955892563,0.3206000030040741,0.3061999976634979,0.0333000011742115
ENST00000446916.2,Lysosome/Vacuole,Signal peptide,0.15209999680519104,0.1477999985218048,0.44839999079704285,0.3693000078201294,0.05770000070333481,0.004699999932199717,0.2815999984741211,0.46630001068115234,0.3441999852657318,0.04410000145435333
ENST00000446923.7,Nucleus,Nuclear localization signal|Nuclear export signal,0.31869998574256897,0.9147999882698059,0.016100000590085983,0.07500000298023224,0.02759999968111515,0.009100000374019146,0.031199999153614044,0.06120000034570694,0.027799999341368675,0.007600000128149986
ENST00000447136.1,Cytoplasm|Lysosome/Vacuole,,0.5415999889373779,0.33079999685287476,0.04560000076889992,0.420199990272522,0.2152000069618225,0.0052999998442828655,0.28690001368522644,0.8396999835968018,0.2386000007390976,0.002199999988079071
ENST00000447234.7,Extracellular,Signal peptide,0.19830000400543213,0.20419999957084656,0.7810999751091003,0.37209999561309814,0.09860000014305115,0.0024999999441206455,0.16680000722408295,0.1762000024318695,0.16130000352859497,0.0026000000070780516
ENST00000447531.5,Cytoplasm,Nuclear localization signal,0.6937999725341797,0.3919999897480011,0.03779999911785126,0.2964000105857849,0.10159999877214432,0.012900000438094139,0.07150000333786011,0.0551999993622303,0.10279999673366547,0.01209999993443489
ENST00000447564.2,Cytoplasm,Nuclear export signal,0.7297999858856201,0.2924000024795532,0.11060000211000443,0.2587999999523163,0.12729999423027039,0.007899999618530273,0.08959999680519104,0.1598999947309494,0.40529999136924744,0.09260000288486481
ENST00000448127.1,Cytoplasm,Nuclear localization signal|Nuclear export signal,0.7742999792098999,0.439300000667572,0.09910000115633011,0.13689999282360077,0.1776999980211258,0.02630000002682209,0.46630001068115234,0.2248000055551529,0.5019999742507935,0.007499999832361937
ENST00000448228.7,Cytoplasm|Nucleus,Nuclear export signal,0.48019999265670776,0.5297999978065491,0.11999999731779099,0.08410000056028366,0.26030001044273376,0.013100000098347664,0.2888999879360199,0.18970000743865967,0.3370000123977661,0.08780000358819962
ENST00000448254.1,Mitochondrion,Mitochondrial transit peptide,0.15610000491142273,0.1551000028848648,0.03280000016093254,0.07490000128746033,0.9190999865531921,0.003000000026077032,0.04320000112056732,0.03709999844431877,0.060499999672174454,0.028999999165534973
ENST00000448257.6,Cytoplasm|Nucleus,Nuclear localization signal|Nuclear export signal,0.6929000020027161,0.7850000262260437,0.05270000174641609,0.19580000638961792,0.17599999904632568,0.004999999888241291,0.11699999868869781,0.23319999873638153,0.1451999992132187,0.08290000259876251
ENST00000448349.2,Cytoplasm|Nucleus,,0.5228000283241272,0.5156000256538391,0.3447999954223633,0.04179999977350235,0.5248000025749207,0.008200000040233135,0.09009999781847,0.021700000390410423,0.054499998688697815,0.14880000054836273
ENST00000448416.6,Cytoplasm,,0.6172999739646912,0.3813999891281128,0.1339000016450882,0.3513000011444092,0.16419999301433563,0.002300000051036477,0.12319999933242798,0.3264000117778778,0.274399995803833,0.01679999940097332
ENST00000448673.1,Cytoplasm|Cell membrane,,0.5281999707221985,0.20960000157356262,0.2303999960422516,0.6539999842643738,0.06939999759197235,0.013199999928474426,0.09109999984502792,0.22689999639987946,0.38260000944137573,0.0203000009059906
ENST00000448854.1,Cell membrane|Endoplasmic reticulum,Signal peptide|Transmembrane domain,0.13040000200271606,0.04580000042915344,0.016699999570846558,0.7419999837875366,0.1143999993801117,0.027699999511241913,0.6557000279426575,0.4697999954223633,0.6348000168800354,0.149399995803833
ENST00000448867.1,Cytoplasm,Nuclear localization signal,0.6937999725341797,0.3919999897480011,0.03779999911785126,0.2964000105857849,0.10159999877214432,0.012900000438094139,0.07150000333786011,0.0551999993622303,0.10279999673366547,0.01209999993443489
ENST00000449309.2,Nucleus,Nuclear localization signal,0.454800009727478,0.7318999767303467,0.1281999945640564,0.07890000194311142,0.17470000684261322,0.004900000058114529,0.27799999713897705,0.13930000364780426,0.07329999655485153,0.02710000053048134
ENST00000449335.5,Nucleus,Nuclear localization signal,0.16419999301433563,0.9839000105857849,0.03539999946951866,0.049400001764297485,0.06920000165700912,0.06780000030994415,0.08699999749660492,0.009499999694526196,0.015200000256299973,0.04230000078678131
ENST00000449373.2,Cytoplasm,,0.6177999973297119,0.4269999861717224,0.4636000096797943,0.20970000326633453,0.37790000438690186,0.027300000190734863,0.13349999487400055,0.049300000071525574,0.2565000057220459,0.10339999943971634
ENST00000450110.5,Extracellular,Signal peptide,0.186599999666214,0.1777999997138977,0.861299991607666,0.30480000376701355,0.2964000105857849,0.00430000014603138,0.23440000414848328,0.07930000126361847,0.1454000025987625,0.00139999995008111
ENST00000450195.6,Cytoplasm|Nucleus,Nuclear export signal,0.6963000297546387,0.5562000274658203,0.10440000146627426,0.193900004029274,0.47749999165534973,0.0017000000225380063,0.2786000072956085,0.4345000088214874,0.37770000100135803,0.04390000179409981
ENST00000450448.5,Cytoplasm,Nuclear export signal,0.6371999979019165,0.3483000099658966,0.24130000174045563,0.36480000615119934,0.12389999628067017,0.0007999999797903001,0.10750000178813934,0.33640000224113464,0.3197999894618988,0.016899999231100082
ENST00000450644.2,Cytoplasm|Lysosome/Vacuole|Golgi apparatus,Nuclear export signal,0.652899980545044,0.24660000205039978,0.14000000059604645,0.09489999711513519,0.06700000166893005,0.008899999782443047,0.2451999932527542,0.6992999911308289,0.7864999771118164,0.1193000003695488
ENST00000450649.6,Extracellular,Signal peptide,0.21130000054836273,0.13950000703334808,0.8475000262260437,0.45210000872612,0.1526000052690506,0.004600000102072954,0.24089999496936798,0.22529999911785126,0.2870999872684479,0.03480000048875809
ENST00000450733.5,Cytoplasm,Nuclear export signal,0.6787999868392944,0.2662000060081482,0.05739999935030937,0.546500027179718,0.14550000429153442,0.005799999926239252,0.26420000195503235,0.40220001339912415,0.35190001130104065,0.014000000432133675
ENST00000450947.2,Endoplasmic reticulum,,0.26969999074935913,0.1981000006198883,0.2549999952316284,0.19099999964237213,0.4271000027656555,0.019200000911951065,0.5759000182151794,0.2816999852657318,0.19550000131130219,0.03460000082850456
ENST00000451013.7,Nucleus,Nuclear localization signal,0.32030001282691956,0.8079000115394592,0.05220000073313713,0.15440000593662262,0.0997999981045723,0.0210999995470047,0.16220000386238098,0.1525000035762787,0.1826999932527542,0.01080000028014183
ENST00000451498.2,Cytoplasm|Cell membrane,Nuclear localization signal|Nuclear export signal,0.7271999716758728,0.24240000545978546,0.0632999986410141,0.6424999833106995,0.20149999856948853,0.008500000461935997,0.12809999287128448,0.33379998803138733,0.27570000290870667,0.009100000374019146
ENST00000451678.1,Cytoplasm|Nucleus,,0.6377999782562256,0.5338000059127808,0.10000000149011612,0.0674000009894371,0.27630001306533813,0.014600000344216824,0.07349999994039536,0.041099999099969864,0.1363999992609024,0.060100000351667404
ENST00000451814.5,Cytoplasm,,0.536899983882904,0.4754999876022339,0.15189999341964722,0.15559999644756317,0.22990000247955322,0.004999999888241291,0.18119999766349792,0.08630000054836273,0.11420000344514847,0.03180000185966492
ENST00000451891.4,Cytoplasm,Nuclear export signal,0.7283999919891357,0.3073999881744385,0.08420000225305557,0.20800000429153442,0.156700000166893,0.0034000000450760126,0.06589999794960022,0.19419999420642853,0.21089999377727509,0.02370000071823597
ENST00000452015.9,Cytoplasm|Nucleus,Nuclear export signal,0.6636000275611877,0.5180000066757202,0.10729999840259552,0.2556999921798706,0.27959999442100525,0.0024999999441206455,0.17949999868869781,0.19030000269412994,0.2093999981880188,0.00860000029206276
ENST00000452070.6,Endoplasmic reticulum,Signal peptide|Transmembrane domain,0.19930000603199005,0.17599999904632568,0.3522000014781952,0.3269999921321869,0.17229999601840973,0.0406000018119812,0.7958999872207642,0.39989998936653137,0.607699990272522,0.02419999986886978
ENST00000452101.1,Cytoplasm|Extracellular,,0.5954999923706055,0.3257000148296356,0.6499999761581421,0.19910000264644623,0.5976999998092651,0.03020000085234642,0.17569999396800995,0.05510000139474869,0.19259999692440033,0.006300000008195639
ENST00000452133.1,Endoplasmic reticulum,Signal peptide|Transmembrane domain,0.1981000006198883,0.17790000140666962,0.10790000110864639,0.16110000014305115,0.263700008392334,0.05490000173449516,0.9452000260353088,0.41909998655319214,0.5680000185966492,0.06539999693632126
ENST00000452625.7,Cytoplasm,Nuclear export signal,0.679099977016449,0.2533999979496002,0.047200001776218414,0.489300012588501,0.2353000044822693,0.01140000019222498,0.049800001084804535,0.14569999277591705,0.24549999833106995,0.039400000125169754
ENST00000452676.6,Nucleus,Nuclear localization signal,0.2874999940395355,0.7001000046730042,0.03790000081062317,0.21969999372959137,0.06319999694824219,0.026599999517202377,0.07190000265836716,0.13130000233650208,0.042899999767541885,0.003100000089034438
ENST00000452950.1,Cytoplasm,Nuclear export signal,0.5231000185012817,0.4909000098705292,0.01269999984651804,0.08449999988079071,0.09619999676942825,0.0010000000474974513,0.16760000586509705,0.18320000171661377,0.4578000009059906,0.03689999878406525
ENST00000453291.2,Cytoplasm,Nuclear export signal,0.6858999729156494,0.4903999865055084,0.013399999588727951,0.11420000344514847,0.3578999936580658,0.006500000134110451,0.21539999544620514,0.28940001130104065,0.2678999900817871,0.019200000911951065
ENST00000453733.5,Mitochondrion,Mitochondrial transit peptide,0.30059999227523804,0.10090000182390213,0.22470000386238098,0.08829999715089798,0.9179999828338623,0.03350000083446503,0.08030000329017639,0.07699999958276749,0.2831000089645386,0.1915999948978424
ENST00000453824.1,Nucleus,Nuclear localization signal,0.289900004863739,0.906499981880188,0.08079999685287476,0.07829999923706055,0.12759999930858612,0.0215000007301569,0.10090000182390213,0.1151999980211258,0.12229999899864197,0.02329999953508377
ENST00000453944.1,Cytoplasm|Nucleus,Nuclear localization signal,0.551800012588501,0.8824999928474426,0.04690000042319298,0.05660000070929527,0.06849999725818634,0.08290000259876251,0.08900000154972076,0.05480000004172325,0.023499999195337296,0.011500000022351742
ENST00000454046.5,Cytoplasm|Nucleus,Nuclear export signal,0.6456999778747559,0.5042999982833862,0.03849999979138374,0.09549999982118607,0.46630001068115234,0.029200000688433647,0.40369999408721924,0.08619999885559082,0.27950000762939453,0.061500001698732376
ENST00000454189.7,Cell membrane,Transmembrane domain,0.17949999868869781,0.11289999634027481,0.15940000116825104,0.766700029373169,0.09200000017881393,0.004900000058114529,0.20419999957084656,0.5424000024795532,0.6171000003814697,0.00430000014603138
ENST00000454473.5,Nucleus,Nuclear localization signal,0.2793000042438507,0.9398000240325928,0.03530000150203705,0.09950000047683716,0.030899999663233757,0.013799999840557575,0.03929999843239784,0.044599998742341995,0.04639999940991402,0.002899999963119626
ENST00000454540.5,Cytoplasm|Nucleus,Nuclear localization signal,0.4819999933242798,0.5946000218391418,0.08389999717473984,0.07119999825954437,0.5192999839782715,0.00839999970048666,0.053700000047683716,0.01269999984651804,0.0430000014603138,0.05000000074505806
ENST00000454575.6,Cytoplasm,Nuclear export signal,0.5917999744415283,0.3763999938964844,0.060100000351667404,0.4602000117301941,0.13259999454021454,0.02710000053048134,0.32589998841285706,0.3222000002861023,0.3553999960422516,0.012500000186264515
ENST00000454688.5,Nucleus,Nuclear localization signal,0.3280999958515167,0.9279000163078308,0.03500000014901161,0.094200000166893,0.0658000037074089,0.019200000911951065,0.09759999811649323,0.02239999920129776,0.06239999830722809,0.010300000198185444
ENST00000455086.5,Cytoplasm,,0.7440999746322632,0.33149999380111694,0.026499999687075615,0.05900000035762787,0.39480000734329224,0.03099999949336052,0.17720000445842743,0.08049999922513962,0.1412999927997589,0.11729999631643295
ENST00000455127.7,Cytoplasm,Nuclear localization signal,0.6310999989509583,0.4986000061035156,0.07450000196695328,0.3986000120639801,0.1501999944448471,0.013799999840557575,0.14219999313354492,0.1914999932050705,0.1881999969482422,0.019899999722838402
ENST00000455230.5,Mitochondrion,Mitochondrial transit peptide,0.13760000467300415,0.08299999684095383,0.040800001472234726,0.09650000184774399,0.9564999938011169,0.005100000184029341,0.06449999660253525,0.03150000050663948,0.0681999996304512,0.010400000028312206
ENST00000455283.2,Cytoplasm|Nucleus,,0.6190999746322632,0.7027000188827515,0.1835000067949295,0.05959999933838844,0.18729999661445618,0.008700000122189522,0.11829999834299088,0.10159999877214432,0.1453000009059906,0.06599999964237213
ENST00000456004.1,Mitochondrion,,0.4284999966621399,0.4945000112056732,0.3068999946117401,0.07419999688863754,0.521399974822998,0.0024999999441206455,0.12229999899864197,0.06360000371932983,0.11900000274181366,0.03530000150203705
ENST00000456211.8,Cytoplasm,Nuclear export signal,0.5297999978065491,0.2721000015735626,0.039900001138448715,0.4819999933242798,0.13600000739097595,0.029100000858306885,0.3093999922275543,0.3398999869823456,0.3215999901294708,0.10599999874830246
ENST00000456419.5,Nucleus,Nuclear localization signal,0.16220000386238098,0.9810000061988831,0.0364999994635582,0.061400000005960464,0.08829999715089798,0.034699998795986176,0.08009999990463257,0.01489999983459711,0.015200000256299973,0.023000000044703484
ENST00000456420.6,Cytoplasm|Nucleus,Nuclear export signal,0.7455000281333923,0.5709999799728394,0.14880000054836273,0.13809999823570251,0.5627999901771545,0.007499999832361937,0.1551000028848648,0.1200999990105629,0.3037000000476837,0.03269999846816063
ENST00000456915.2,Cytoplasm,Nuclear export signal,0.6934000253677368,0.478300005197525,0.03799999877810478,0.12349999696016312,0.2867000102996826,0.00860000029206276,0.1981000006198883,0.45179998874664307,0.33160001039505005,0.04859999939799309
ENST00000456989.6,Cytoplasm,Nuclear export signal,0.6159999966621399,0.34450000524520874,0.038600001484155655,0.46160000562667847,0.19040000438690186,0.007499999832361937,0.17110000550746918,0.4154999852180481,0.3887999951839447,0.004999999888241291
ENST00000457041.5,Cytoplasm,Nuclear localization signal,0.6729000210762024,0.34220001101493835,0.14139999449253082,0.34290000796318054,0.11219999939203262,0.007000000216066837,0.1834000051021576,0.4699999988079071,0.5235999822616577,0.020099999383091927
ENST00000457056.6,Cytoplasm,Nuclear localization signal,0.6937999725341797,0.3919999897480011,0.03779999911785126,0.2964000105857849,0.10159999877214432,0.012900000438094139,0.07150000333786011,0.0551999993622303,0.10279999673366547,0.01209999993443489
ENST00000457408.7,Endoplasmic reticulum|Golgi apparatus,Signal peptide|Transmembrane domain,0.14239999651908875,0.04100000113248825,0.02930000051856041,0.45339998602867126,0.18289999663829803,0.00419999985024333,0.7357000112533569,0.4415000081062317,0.7360000014305115,0.055399999022483826
ENST00000457563.6,Nucleus,Nuclear localization signal,0.2240999937057495,0.9053000211715698,0.061400000005960464,0.04450000077486038,0.12309999763965607,0.007699999958276749,0.01720000058412552,0.030899999663233757,0.02070000022649765,0.03460000082850456
ENST00000457648.1,Mitochondrion,Mitochondrial transit peptide,0.16179999709129333,0.13989999890327454,0.32010000944137573,0.07519999891519547,0.8521999716758728,0.055799998342990875,0.08640000224113464,0.04699999839067459,0.06650000065565109,0.36239999532699585
ENST00000458022.6,Cytoplasm,Nuclear export signal,0.6413999795913696,0.4083999991416931,0.09160000085830688,0.4636000096797943,0.10949999839067459,0.000699999975040555,0.16099999845027924,0.27970001101493835,0.30730000138282776,0.004000000189989805
ENST00000458050.6,Nucleus,Nuclear localization signal,0.2775999903678894,0.9276000261306763,0.1046999990940094,0.06499999761581421,0.08479999750852585,0.023000000044703484,0.02160000056028366,0.04879999905824661,0.027000000700354576,0.04729999974370003
ENST00000458187.5,Endoplasmic reticulum,Signal peptide|Transmembrane domain,0.1860000044107437,0.22110000252723694,0.14730000495910645,0.16419999301433563,0.25850000977516174,0.09539999812841415,0.928600013256073,0.4697999954223633,0.6141999959945679,0.06840000301599503
ENST00000458222.5,Cytoplasm|Nucleus|Extracellular,Nuclear localization signal,0.5307000279426575,0.7196999788284302,0.618399977684021,0.2989000082015991,0.21320000290870667,0.007499999832361937,0.10559999942779541,0.07370000332593918,0.07699999958276749,0.09380000084638596
ENST00000458347.1,Nucleus,Nuclear localization signal,0.26489999890327454,0.98089998960495,0.0778999999165535,0.022099999710917473,0.07880000025033951,0.015699999406933784,0.0210999995470047,0.02199999988079071,0.043800000101327896,0.004800000227987766
ENST00000460214.6,Extracellular,,0.3828999996185303,0.14890000224113464,0.6065999865531921,0.42340001463890076,0.22020000219345093,0.00989999994635582,0.19089999794960022,0.1607999950647354,0.10379999876022339,0.13019999861717224
ENST00000460379.1,Nucleus,Nuclear localization signal,0.21809999644756317,0.945900022983551,0.289000004529953,0.01850000023841858,0.1842000037431717,0.017400000244379044,0.03519999980926514,0.07940000295639038,0.022700000554323196,0.029999999329447746
ENST00000461135.2,Cytoplasm,Nuclear localization signal|Nuclear export signal,0.7228000164031982,0.37779998779296875,0.10520000010728836,0.32829999923706055,0.15770000219345093,0.06809999793767929,0.1582999974489212,0.14249999821186066,0.188400000333786,0.07919999957084656
ENST00000461601.5,Nucleus,Nuclear localization signal,0.4487000107765198,0.5821999907493591,0.18379999697208405,0.1306000053882599,0.2078000009059906,0.01640000008046627,0.17399999499320984,0.2418999969959259,0.2565999925136566,0.01549999974668026
ENST00000461841.7,Extracellular,Signal peptide,0.16050000488758087,0.09239999949932098,0.7609000205993652,0.45410001277923584,0.08349999785423279,0.001500000013038516,0.2387000024318695,0.21410000324249268,0.22010000050067902,0.002099999925121665
ENST00000461854.5,Cytoplasm|Cell membrane,Nuclear export signal,0.6376000046730042,0.2281000018119812,0.04619999974966049,0.6407999992370605,0.19210000336170197,0.016599999740719795,0.2921000123023987,0.3100000023841858,0.5491999983787537,0.004699999932199717
ENST00000464076.3,Lysosome/Vacuole,Nuclear export signal,0.38989999890327454,0.1662999987602234,0.03779999911785126,0.41760000586509705,0.22660000622272491,0.04690000042319298,0.20090000331401825,0.7741000056266785,0.5771999955177307,0.023900000378489494
ENST00000464113.1,Nucleus,Nuclear localization signal,0.2583000063896179,0.9413999915122986,0.10180000215768814,0.05730000138282776,0.0763000026345253,0.021800000220537186,0.01889999955892563,0.041999999433755875,0.021900000050663948,0.029100000858306885
ENST00000465675.6,Cell membrane|Lysosome/Vacuole,Signal peptide|Transmembrane domain,0.21559999883174896,0.08609999716281891,0.4481000006198883,0.8500999808311462,0.04129999876022339,0.008100000210106373,0.29679998755455017,0.5976999998092651,0.41429999470710754,0.06620000302791595
ENST00000465682.5,Nucleus,Nuclear export signal,0.45660001039505005,0.8041999936103821,0.017799999564886093,0.0851999968290329,0.10830000042915344,0.0052999998442828655,0.25999999046325684,0.1655000001192093,0.22759999334812164,0.009200000204145908
ENST00000467101.5,Mitochondrion,Mitochondrial transit peptide,0.11420000344514847,0.11720000207424164,0.03350000083446503,0.09030000120401382,0.9473000168800354,0.004900000058114529,0.044599998742341995,0.03530000150203705,0.08030000329017639,0.0210999995470047
ENST00000467525.5,Cell membrane,Signal peptide,0.37599998712539673,0.13459999859333038,0.4528999924659729,0.6424000263214111,0.09160000085830688,0.0015999999595806003,0.3352000117301941,0.3370000123977661,0.30799999833106995,0.10639999806880951
ENST00000467786.1,Cytoplasm,Nuclear export signal,0.6269999742507935,0.4169999957084656,0.04100000113248825,0.4066999852657318,0.1987999975681305,0.00839999970048666,0.2745000123977661,0.5374000072479248,0.29510000348091125,0.019700000062584877
ENST00000468206.6,Cytoplasm,Nuclear export signal,0.6237000226974487,0.3671000003814697,0.05119999870657921,0.4230000078678131,0.21310000121593475,0.009999999776482582,0.28200000524520874,0.5583000183105469,0.31279999017715454,0.015799999237060547
ENST00000468466.1,Nucleus,Nuclear localization signal,0.35510000586509705,0.9014000296592712,0.03550000116229057,0.09049999713897705,0.13570000231266022,0.01209999993443489,0.057500001043081284,0.04670000076293945,0.03999999910593033,0.025299999862909317
ENST00000468727.5,Cytoplasm,,0.5662000179290771,0.40459999442100525,0.04270000010728836,0.34630000591278076,0.1793999969959259,0.125900000333786,0.1200999990105629,0.484499990940094,0.5005999803543091,0.02459999918937683
ENST00000469144.5,Nucleus,,0.4677000045776367,0.5026999711990356,0.359499990940094,0.11789999902248383,0.46059998869895935,0.0019000000320374966,0.21170000731945038,0.10170000046491623,0.19550000131130219,0.009999999776482582
ENST00000469902.6,Cell membrane|Lysosome/Vacuole,Transmembrane domain,0.15809999406337738,0.039400000125169754,0.03739999979734421,0.7692000269889832,0.1185000017285347,0.009600000455975533,0.24150000512599945,0.6711000204086304,0.4325999915599823,0.0210999995470047
ENST00000470080.5,Cell membrane,Transmembrane domain,0.16619999706745148,0.09600000083446503,0.17389999330043793,0.8425999879837036,0.07519999891519547,0.00419999985024333,0.26930001378059387,0.453900009393692,0.4083999991416931,0.019099999219179153
ENST00000471651.1,Cytoplasm,,0.7310000061988831,0.3824000060558319,0.11320000141859055,0.16410000622272491,0.33640000224113464,0.0729999989271164,0.2003999948501587,0.2621000111103058,0.11020000278949738,0.22450000047683716
ENST00000471683.6,Nucleus,Nuclear export signal,0.44940000772476196,0.8618000149726868,0.05570000037550926,0.07090000063180923,0.18700000643730164,0.007799999788403511,0.06469999998807907,0.0828000009059906,0.11860000342130661,0.0608999989926815
ENST00000471742.5,Cytoplasm,,0.6431000232696533,0.28630000352859497,0.045499999076128006,0.13379999995231628,0.4722000062465668,0.1738000065088272,0.09780000150203705,0.08619999885559082,0.11389999836683273,0.06889999657869339
ENST00000471840.5,Cytoplasm,Peroxisomal targeting signal,0.5238999724388123,0.2824999988079071,0.42579999566078186,0.07360000163316727,0.2572999894618988,0.3287000060081482,0.4909000098705292,0.08460000157356262,0.26339998841285706,0.2370000034570694
ENST00000471912.1,Cytoplasm,,0.5112000107765198,0.320499986410141,0.43959999084472656,0.14429999887943268,0.11580000072717667,0.01940000057220459,0.061000000685453415,0.36899998784065247,0.06599999964237213,0.07829999923706055
ENST00000472158.5,Cytoplasm|Nucleus,Nuclear localization signal,0.6036999821662903,0.7462999820709229,0.07249999791383743,0.06480000168085098,0.2662000060081482,0.047600001096725464,0.11729999631643295,0.03060000017285347,0.08240000158548355,0.2223999947309494
ENST00000472750.5,Cytoplasm,,0.5914000272750854,0.1859000027179718,0.3571000099182129,0.10180000215768814,0.3596000075340271,0.031199999153614044,0.16760000586509705,0.12020000070333481,0.1665000021457672,0.13289999961853027
ENST00000472796.2,Cytoplasm,,0.4749999940395355,0.30000001192092896,0.2703999876976013,0.12620000541210175,0.14970000088214874,0.04600000008940697,0.15279999375343323,0.3801000118255615,0.357699990272522,0.04800000041723251
ENST00000473262.5,Cell membrane,Signal peptide|Transmembrane domain,0.1469999998807907,0.04390000179409981,0.07829999923706055,0.5486000180244446,0.06830000132322311,0.021900000050663948,0.17710000276565552,0.44670000672340393,0.2930999994277954,0.0035000001080334187
ENST00000473553.5,Cytoplasm,Nuclear export signal,0.6955000162124634,0.3305000066757202,0.08550000190734863,0.16259999573230743,0.41110000014305115,0.164000004529953,0.14319999516010284,0.07240000367164612,0.14079999923706055,0.13609999418258667
ENST00000473968.7,Cytoplasm,Nuclear localization signal,0.661899983882904,0.3725999891757965,0.07100000232458115,0.4309999942779541,0.08349999785423279,0.02449999935925007,0.4787999987602234,0.0737999975681305,0.20489999651908875,0.00930000003427267
ENST00000474617.1,Cytoplasm,Nuclear export signal,0.7052000164985657,0.35749998688697815,0.09070000052452087,0.4823000133037567,0.17520000040531158,0.042899999767541885,0.23029999434947968,0.5547000169754028,0.3824000060558319,0.009399999864399433
ENST00000474754.1,Cell membrane,Signal peptide|Transmembrane domain,0.1467999964952469,0.06840000301599503,0.19349999725818634,0.8644999861717224,0.045499999076128006,0.0052999998442828655,0.2287999987602234,0.43650001287460327,0.44110000133514404,0.013700000010430813
ENST00000474851.1,Extracellular,Signal peptide,0.16949999332427979,0.11559999734163284,0.8532999753952026,0.2623000144958496,0.08720000088214874,0.0215000007301569,0.2442999929189682,0.050200000405311584,0.1899999976158142,0.024800000712275505
ENST00000475243.6,Endoplasmic reticulum,Transmembrane domain,0.14249999821186066,0.37139999866485596,0.018400000408291817,0.3125,0.27959999442100525,0.024399999529123306,0.7724999785423279,0.1745000034570694,0.5232999920845032,0.1590999960899353
ENST00000475994.1,Cytoplasm,,0.49799999594688416,0.29440000653266907,0.2554999887943268,0.21819999814033508,0.40290001034736633,0.019600000232458115,0.40380001068115234,0.12250000238418579,0.2599000036716461,0.33980000019073486
ENST00000476133.6,Cytoplasm|Cell membrane,Nuclear localization signal,0.7179999947547913,0.4268999993801117,0.17630000412464142,0.5734000205993652,0.18719999492168427,0.021700000390410423,0.4047999978065491,0.35830000042915344,0.2572999894618988,0.012799999676644802
ENST00000476243.5,Nucleus,Nuclear localization signal,0.40049999952316284,0.801800012588501,0.10450000315904617,0.13269999623298645,0.11869999766349792,0.018400000408291817,0.017100000753998756,0.023099999874830246,0.10610000044107437,0.027899999171495438
ENST00000476287.4,Cytoplasm|Nucleus,Nuclear localization signal|Nuclear export signal,0.4823000133037567,0.772599995136261,0.04340000078082085,0.05040000006556511,0.23389999568462372,0.00279999990016222,0.21209999918937683,0.09920000284910202,0.1193000003695488,0.01360000018030405
ENST00000477663.6,Cytoplasm,Nuclear localization signal,0.661899983882904,0.3725999891757965,0.07100000232458115,0.4309999942779541,0.08349999785423279,0.02449999935925007,0.4787999987602234,0.0737999975681305,0.20489999651908875,0.00930000003427267
ENST00000477775.5,Nucleus,Nuclear localization signal,0.21379999816417694,0.95660001039505,0.019600000232458115,0.04569999873638153,0.07500000298023224,0.015200000256299973,0.044199999421834946,0.010200000368058681,0.02800000086426735,0.007699999958276749
ENST00000477833.5,Nucleus,,0.448199987411499,0.5429999828338623,0.10719999670982361,0.09929999709129333,0.5175999999046326,0.017899999395012856,0.21709999442100525,0.0284000001847744,0.06880000233650208,0.18520000576972961
ENST00000479184.2,Cytoplasm|Lysosome/Vacuole|Golgi apparatus,Nuclear export signal,0.6550999879837036,0.28600001335144043,0.10610000044107437,0.09529999643564224,0.06440000236034393,0.010099999606609344,0.22529999911785126,0.7178000211715698,0.7921000123023987,0.16500000655651093
ENST00000479373.1,Cytoplasm,Mitochondrial transit peptide,0.527899980545044,0.19990000128746033,0.33169999718666077,0.13580000400543213,0.43779999017715454,0.1444000005722046,0.12620000541210175,0.04010000079870224,0.0917000025510788,0.039799999445676804
ENST00000479475.1,Extracellular,,0.41769999265670776,0.2639000117778778,0.663100004196167,0.4603999853134155,0.4767000079154968,0.004699999932199717,0.15440000593662262,0.3986999988555908,0.2702000141143799,0.009800000116229057
ENST00000479502.2,Cytoplasm,Nuclear localization signal,0.661899983882904,0.3725999891757965,0.07100000232458115,0.4309999942779541,0.08349999785423279,0.02449999935925007,0.4787999987602234,0.0737999975681305,0.20489999651908875,0.00930000003427267
ENST00000479826.1,Cell membrane,Signal peptide|Transmembrane domain,0.28040000796318054,0.06199999898672104,0.3140000104904175,0.5631999969482422,0.12409999966621399,0.009999999776482582,0.249099999666214,0.24269999563694,0.3853999972343445,0.0034000000450760126
ENST00000481238.1,Endoplasmic reticulum,Signal peptide,0.15539999306201935,0.08349999785423279,0.16210000216960907,0.24130000174045563,0.13899999856948853,0.0008999999845400453,0.7096999883651733,0.44119998812675476,0.6025000214576721,0.0017999999690800905
ENST00000481885.5,Cytoplasm,,0.7515000104904175,0.34790000319480896,0.14900000393390656,0.22059999406337738,0.29499998688697815,0.04390000179409981,0.16500000655651093,0.20569999516010284,0.11020000278949738,0.20669999718666077
ENST00000482804.1,Cytoplasm,Nuclear export signal,0.6769000291824341,0.4652999937534332,0.07720000296831131,0.3395000100135803,0.12919999659061432,0.020600000396370888,0.11630000174045563,0.33399999141693115,0.4122999906539917,0.01510000042617321
ENST00000482983.1,Cytoplasm|Nucleus|Extracellular|Mitochondrion,,0.4862000048160553,0.638700008392334,0.6758999824523926,0.07609999924898148,0.6353999972343445,0.0003000000142492354,0.04470000043511391,0.0892999991774559,0.1932000070810318,0.028699999675154686
ENST00000483251.1,Cytoplasm,Nuclear export signal,0.5608000159263611,0.36039999127388,0.03590000048279762,0.2354000061750412,0.40230000019073486,0.02710000053048134,0.15320000052452087,0.14790000021457672,0.1729000061750412,0.07810000330209732
ENST00000483871.6,Cytoplasm|Nucleus,Nuclear localization signal,0.5861999988555908,0.5924999713897705,0.26600000262260437,0.04410000145435333,0.20229999721050262,0.0044999998062849045,0.041200000792741776,0.037300001829862595,0.0544000007212162,0.016200000420212746
ENST00000484475.5,Nucleus,Nuclear localization signal,0.2093999981880188,0.9722999930381775,0.019099999219179153,0.044199999421834946,0.043299999088048935,0.01679999940097332,0.06400000303983688,0.028999999165534973,0.04769999906420708,0.012799999676644802
ENST00000485560.5,Nucleus,Nuclear localization signal,0.3749000132083893,0.7243000268936157,0.12860000133514404,0.0934000015258789,0.02879999950528145,0.008700000122189522,0.031199999153614044,0.1088000014424324,0.031599998474121094,0.005499999970197678
ENST00000485649.3,Cell membrane,Signal peptide|Transmembrane domain,0.10930000245571136,0.06459999829530716,0.06350000202655792,0.7189000248908997,0.12690000236034393,0.01860000006854534,0.42590001225471497,0.503000020980835,0.385699987411499,0.1695999950170517
ENST00000485816.5,Extracellular,Signal peptide,0.29409998655319214,0.10490000247955322,0.8410000205039978,0.2667999863624573,0.08389999717473984,0.009100000374019146,0.39879998564720154,0.16259999573230743,0.2973000109195709,0.007000000216066837
ENST00000486319.5,Cytoplasm|Mitochondrion,,0.5896999835968018,0.3953999876976013,0.3747999966144562,0.03959999978542328,0.6689000129699707,0.10270000249147415,0.08619999885559082,0.03840000182390213,0.03220000118017197,0.02319999970495701
ENST00000486996.5,Cell membrane,,0.45080000162124634,0.4366999864578247,0.03530000150203705,0.5228000283241272,0.3569999933242798,0.00559999980032444,0.2648000121116638,0.2678999900817871,0.3790000081062317,0.08839999884366989
ENST00000488727.5,Cytoplasm,Nuclear localization signal,0.6043000221252441,0.335099995136261,0.15770000219345093,0.4417000114917755,0.1624000072479248,0.04800000041723251,0.22669999301433563,0.4027000069618225,0.33379998803138733,0.002300000051036477
ENST00000490035.7,Cell membrane,,0.12999999523162842,0.057500001043081284,0.29510000348091125,0.8665000200271606,0.05779999867081642,0.0020000000949949026,0.4052000045776367,0.14990000426769257,0.24560000002384186,0.012500000186264515
ENST00000490272.1,Cytoplasm|Nucleus,,0.5410000085830688,0.6172000169754028,0.24279999732971191,0.05310000106692314,0.4828000068664551,0.0017999999690800905,0.21130000054836273,0.05169999971985817,0.06610000133514404,0.005400000140070915
ENST00000490337.6,Cytoplasm,Nuclear localization signal|Nuclear export signal,0.7386000156402588,0.4156000018119812,0.062199998646974564,0.20059999823570251,0.22939999401569366,0.04910000041127205,0.2935999929904938,0.14509999752044678,0.14650000631809235,0.07450000196695328
ENST00000490843.6,Nucleus,Nuclear localization signal,0.2775999903678894,0.9276000261306763,0.1046999990940094,0.06499999761581421,0.08479999750852585,0.023000000044703484,0.02160000056028366,0.04879999905824661,0.027000000700354576,0.04729999974370003
ENST00000491222.5,Cytoplasm|Nucleus,,0.49410000443458557,0.629800021648407,0.2872999906539917,0.05400000140070915,0.28529998660087585,0.13249999284744263,0.2190999984741211,0.1535000056028366,0.20980000495910645,0.07639999687671661
ENST00000491527.2,Extracellular,Signal peptide,0.14959999918937683,0.07840000092983246,0.8065999746322632,0.26840001344680786,0.18400000035762787,0.002199999988079071,0.4916999936103821,0.5095000267028809,0.597100019454956,0.00419999985024333
ENST00000491950.5,Cytoplasm,Nuclear localization signal,0.723800003528595,0.47099998593330383,0.030500000342726707,0.1103999987244606,0.19519999623298645,0.0071000000461936,0.16619999706745148,0.2240999937057495,0.08799999952316284,0.00430000014603138
ENST00000493039.5,Nucleus,Nuclear localization signal,0.41429999470710754,0.8253999948501587,0.03700000047683716,0.03819999843835831,0.06360000371932983,0.0015999999595806003,0.11490000039339066,0.11420000344514847,0.1251000016927719,0.05979999899864197
ENST00000493109.2,Extracellular,Signal peptide,0.40139999985694885,0.10790000110864639,0.6998000144958496,0.2784000039100647,0.1492999941110611,0.03350000083446503,0.24969999492168427,0.37459999322891235,0.30790001153945923,0.01489999983459711
ENST00000493409.5,Cytoplasm,,0.6847000122070312,0.41819998621940613,0.11630000174045563,0.1940000057220459,0.12020000070333481,0.003700000001117587,0.13379999995231628,0.3142000138759613,0.1695999950170517,0.016100000590085983
ENST00000493603.5,Nucleus,Nuclear export signal,0.4415000081062317,0.8910999894142151,0.022299999371170998,0.09309999644756317,0.14309999346733093,0.00989999994635582,0.06419999897480011,0.07339999824762344,0.11460000276565552,0.005499999970197678
ENST00000494073.5,Cytoplasm,,0.7077000141143799,0.3102000057697296,0.04820000007748604,0.16269999742507935,0.18389999866485596,0.0071000000461936,0.10589999705553055,0.20640000700950623,0.12489999830722809,0.007000000216066837
ENST00000494279.2,Cytoplasm|Nucleus,,0.5357000231742859,0.6693000197410583,0.24609999358654022,0.16249999403953552,0.5878999829292297,0.009999999776482582,0.0989999994635582,0.006800000090152025,0.02419999986886978,0.005799999926239252
ENST00000494586.5,Cytoplasm|Nucleus,Nuclear localization signal,0.535099983215332,0.6107000112533569,0.13429999351501465,0.133200004696846,0.14579999446868896,0.00139999995008111,0.08669999986886978,0.19519999623298645,0.1023000031709671,0.03220000118017197
ENST00000494857.6,Cell membrane,Transmembrane domain,0.11299999803304672,0.06440000236034393,0.016100000590085983,0.7519000172615051,0.09610000252723694,0.009200000204145908,0.26159998774528503,0.5656999945640564,0.5072000026702881,0.01979999989271164
ENST00000495160.2,Nucleus,,0.24959999322891235,0.8870999813079834,0.0478999987244606,0.022099999710917473,0.10090000182390213,0.0007999999797903001,0.04650000110268593,0.06719999760389328,0.05640000104904175,0.1451999992132187
ENST00000495373.5,Cytoplasm,Nuclear export signal,0.6208000183105469,0.2912999987602234,0.032099999487400055,0.38269999623298645,0.16179999709129333,0.061000000685453415,0.18019999563694,0.5213000178337097,0.38420000672340393,0.024700000882148743
ENST00000495954.5,Cytoplasm|Nucleus,,0.5573999881744385,0.536300003528595,0.11010000109672546,0.05249999836087227,0.3224000036716461,0.00989999994635582,0.12359999865293503,0.025100000202655792,0.09610000252723694,0.4595000147819519
ENST00000496106.5,Cytoplasm,,0.5735999941825867,0.383899986743927,0.04769999906420708,0.42660000920295715,0.19750000536441803,0.03420000150799751,0.19599999487400055,0.4544999897480011,0.3634999990463257,0.01489999983459711
ENST00000496503.5,Cytoplasm|Cell membrane,Nuclear localization signal,0.6158000230789185,0.24490000307559967,0.09809999912977219,0.5917999744415283,0.16689999401569366,0.01850000023841858,0.30869999527931213,0.3488999903202057,0.31619998812675476,0.02810000069439411
ENST00000498301.1,Nucleus|Mitochondrion,,0.4706999957561493,0.5059000253677368,0.4708999991416931,0.0658000037074089,0.7059000134468079,0.010700000450015068,0.053700000047683716,0.025800000876188278,0.040800001472234726,0.006399999838322401
ENST00000498729.9,Cytoplasm,Nuclear export signal,0.6592000126838684,0.303600013256073,0.052400000393390656,0.44130000472068787,0.2304999977350235,0.006300000008195639,0.09889999777078629,0.2838999927043915,0.21490000188350677,0.009800000116229057
ENST00000502254.5,Cytoplasm|Nucleus,,0.5916000008583069,0.513700008392334,0.13539999723434448,0.16329999268054962,0.22660000622272491,0.007000000216066837,0.15279999375343323,0.12280000001192093,0.12870000302791595,0.08030000329017639
ENST00000502556.5,Cell membrane,Signal peptide|Transmembrane domain,0.20200000703334808,0.07270000129938126,0.45579999685287476,0.8032000064849854,0.033900000154972076,0.008799999952316284,0.2660999894142151,0.5705000162124634,0.526199996471405,0.07980000227689743
ENST00000503556.5,Cytoplasm|Nucleus,Nuclear localization signal|Nuclear export signal,0.6804999709129333,0.5042999982833862,0.07750000059604645,0.41110000014305115,0.1354999989271164,0.0038999998942017555,0.1331000030040741,0.3206999897956848,0.2750999927520752,0.006300000008195639
ENST00000503669.1,Cytoplasm,,0.727400004863739,0.3578999936580658,0.22589999437332153,0.11980000138282776,0.4041000008583069,0.020999999716877937,0.18299999833106995,0.14749999344348907,0.11209999769926071,0.0658000037074089
ENST00000504296.1,Cytoplasm,,0.6428999900817871,0.4099000096321106,0.06239999830722809,0.12880000472068787,0.17710000276565552,0.011699999682605267,0.19830000400543213,0.2703000009059906,0.06790000200271606,0.01730000041425228
ENST00000504800.5,Cell membrane,Signal peptide|Transmembrane domain,0.20990000665187836,0.06970000267028809,0.48820000886917114,0.8119000196456909,0.025699999183416367,0.00839999970048666,0.2084999978542328,0.5625,0.5370000004768372,0.07450000196695328
ENST00000505695.5,Cytoplasm,Nuclear localization signal|Nuclear export signal,0.677299976348877,0.30000001192092896,0.035599999129772186,0.5612000226974487,0.14100000262260437,0.020800000056624413,0.2176000028848648,0.5321000218391418,0.2685000002384186,0.004399999976158142
ENST00000506557.5,Cytoplasm,,0.7027000188827515,0.3937999904155731,0.20329999923706055,0.10890000313520432,0.2451000064611435,0.01080000028014183,0.2249000072479248,0.19349999725818634,0.21930000185966492,0.04320000112056732
ENST00000506810.1,Endoplasmic reticulum,Signal peptide|Transmembrane domain,0.05719999969005585,0.019899999722838402,0.028300000354647636,0.4320000112056732,0.12759999930858612,0.013899999670684338,0.6883000135421753,0.1606999933719635,0.4997999966144562,0.041999999433755875
ENST00000506939.6,Cell membrane,Signal peptide,0.1745000034570694,0.08380000293254852,0.47909998893737793,0.6205000281333923,0.02419999986886978,0.00139999995008111,0.3407000005245209,0.2500999867916107,0.3253999948501587,0.003700000001117587
ENST00000507355.5,Cytoplasm,,0.48249998688697815,0.4731000065803528,0.14180000126361847,0.10939999669790268,0.37540000677108765,0.04699999839067459,0.04699999839067459,0.024000000208616257,0.02239999920129776,0.15639999508857727
ENST00000508342.5,Cytoplasm,Nuclear export signal,0.699999988079071,0.39500001072883606,0.033900000154972076,0.5012999773025513,0.1941000074148178,0.0348999984562397,0.25119999051094055,0.438400000333786,0.41350001096725464,0.046300001442432404
ENST00000508357.5,Nucleus,,0.4422000050544739,0.5350000262260437,0.3522000014781952,0.06650000065565109,0.5044999718666077,0.007799999788403511,0.15940000116825104,0.066600002348423,0.10939999669790268,0.03009999915957451
ENST00000508956.5,Cytoplasm,,0.7480999827384949,0.3659999966621399,0.24959999322891235,0.24690000712871552,0.3260999917984009,0.007499999832361937,0.1453000009059906,0.14020000398159027,0.1517000049352646,0.020400000736117363
ENST00000509094.5,Cytoplasm,,0.6385999917984009,0.2639999985694885,0.17479999363422394,0.48899999260902405,0.4196999967098236,0.043299999088048935,0.24629999697208405,0.41040000319480896,0.3630000054836273,0.014700000174343586
ENST00000509549.5,Mitochondrion,Peroxisomal targeting signal,0.35040000081062317,0.33390000462532043,0.0949999988079071,0.1143999993801117,0.7150999903678894,0.051500000059604645,0.23469999432563782,0.2572999894618988,0.3149999976158142,0.5787000060081482
ENST00000510188.1,Cytoplasm,Nuclear localization signal,0.8061000108718872,0.21580000221729279,0.17759999632835388,0.19850000739097595,0.1273999959230423,0.010900000110268593,0.044199999421834946,0.11140000075101852,0.2117999941110611,0.00860000029206276
ENST00000510335.5,Cytoplasm|Nucleus,,0.5612999796867371,0.534500002861023,0.1875,0.09480000287294388,0.16099999845027924,0.011300000362098217,0.20430000126361847,0.17100000381469727,0.21449999511241913,0.050999999046325684
ENST00000510533.5,Cytoplasm,Nuclear export signal,0.8080999851226807,0.32600000500679016,0.042399998754262924,0.2402999997138977,0.10520000010728836,0.004900000058114529,0.11420000344514847,0.13230000436306,0.12359999865293503,0.05719999969005585
ENST00000510784.8,Cytoplasm,Nuclear localization signal,0.6891999840736389,0.3472000062465668,0.20469999313354492,0.48890000581741333,0.12460000067949295,0.019099999219179153,0.20090000331401825,0.3012999892234802,0.38100001215934753,0.017899999395012856
ENST00000511633.5,Cytoplasm,Nuclear export signal,0.7427999973297119,0.3547999858856201,0.0617000013589859,0.18400000035762787,0.11379999667406082,0.009200000204145908,0.0917000025510788,0.20730000734329224,0.1679999977350235,0.06539999693632126
ENST00000511733.1,Extracellular,Signal peptide,0.29429998993873596,0.14810000360012054,0.8314999938011169,0.4043000042438507,0.14390000700950623,0.015399999916553497,0.14970000088214874,0.22949999570846558,0.18029999732971191,0.013500000350177288
ENST00000512123.4,Extracellular,Signal peptide,0.16990000009536743,0.13619999587535858,0.7215999960899353,0.2978000044822693,0.12120000272989273,0.006399999838322401,0.21799999475479126,0.3831000030040741,0.18780000507831573,0.012400000356137753
ENST00000512140.5,Cytoplasm|Nucleus,Nuclear localization signal,0.5554999709129333,0.7483999729156494,0.05909999832510948,0.12870000302791595,0.049300000071525574,0.016200000420212746,0.21549999713897705,0.08470000326633453,0.16590000689029694,0.05640000104904175
ENST00000512339.5,Cytoplasm,,0.5870000123977661,0.35580000281333923,0.1657000035047531,0.4708000123500824,0.5759999752044678,0.031099999323487282,0.1712000072002411,0.40880000591278076,0.3237000107765198,0.005100000184029341
ENST00000512982.4,Cytoplasm,Nuclear localization signal,0.8309000134468079,0.20589999854564667,0.1242000013589859,0.429500013589859,0.06629999727010727,0.01269999984651804,0.1728000044822693,0.20980000495910645,0.3379000127315521,0.004000000189989805
ENST00000513159.5,Nucleus,,0.310699999332428,0.5918999910354614,0.1785999983549118,0.09109999984502792,0.3440000116825104,0.014700000174343586,0.0364999994635582,0.029999999329447746,0.023499999195337296,0.030799999833106995
ENST00000513200.7,Cytoplasm|Lysosome/Vacuole,Signal peptide|Nuclear export signal,0.7368000149726868,0.29809999465942383,0.17479999363422394,0.13670000433921814,0.15520000457763672,0.015300000086426735,0.37720000743865967,0.6105999946594238,0.6406999826431274,0.09130000323057175
ENST00000513438.1,Cytoplasm,,0.6037999987602234,0.3671000003814697,0.5834000110626221,0.08940000087022781,0.3467000126838684,0.015200000256299973,0.20909999310970306,0.034699998795986176,0.2176000028848648,0.05209999904036522
ENST00000513449.6,Cytoplasm|Nucleus,Nuclear export signal,0.6775000095367432,0.5103999972343445,0.07750000059604645,0.08760000020265579,0.3391000032424927,0.00930000003427267,0.2808000147342682,0.11230000108480453,0.25760000944137573,0.10010000318288803
ENST00000513506.6,Extracellular,Signal peptide,0.28790000081062317,0.1356000006198883,0.7936999797821045,0.29739999771118164,0.1679999977350235,0.012600000016391277,0.12290000170469284,0.08730000257492065,0.14020000398159027,0.005200000014156103
ENST00000513610.6,Cytoplasm,Nuclear export signal,0.7633000016212463,0.3425000011920929,0.040800001472234726,0.3582000136375427,0.21220000088214874,0.014100000262260437,0.08730000257492065,0.25130000710487366,0.21870000660419464,0.0272000003606081
ENST00000513882.5,Cytoplasm,Nuclear export signal,0.6830000281333923,0.3111000061035156,0.030500000342726707,0.31299999356269836,0.22840000689029694,0.008200000040233135,0.08500000089406967,0.19609999656677246,0.1860000044107437,0.02889999933540821
ENST00000514152.5,Cytoplasm,,0.732699990272522,0.22370000183582306,0.0957999974489212,0.3249000012874603,0.07289999723434448,0.003800000064074993,0.13429999351501465,0.3197000026702881,0.3903000056743622,0.015799999237060547
ENST00000514213.7,Cytoplasm,Nuclear export signal,0.6690000295639038,0.30709999799728394,0.04560000076889992,0.33970001339912415,0.0778999999165535,0.007300000172108412,0.30880001187324524,0.5519000291824341,0.5665000081062317,0.03869999945163727
ENST00000515010.5,Cytoplasm,Nuclear localization signal,0.8269000053405762,0.20819999277591705,0.14259999990463257,0.3610999882221222,0.0617000013589859,0.007000000216066837,0.14949999749660492,0.2313999980688095,0.3368000090122223,0.0027000000700354576
ENST00000515600.1,Cytoplasm|Cell membrane,,0.6243000030517578,0.2840000092983246,0.17589999735355377,0.5778999924659729,0.5630000233650208,0.09160000085830688,0.1445000022649765,0.4767000079154968,0.32199999690055847,0.006000000052154064
ENST00000515606.1,Extracellular,Signal peptide,0.19830000400543213,0.06599999964237213,0.9361000061035156,0.1437000036239624,0.13339999318122864,0.003000000026077032,0.1437000036239624,0.49070000648498535,0.2378000020980835,0.012900000438094139
ENST00000515803.5,Cytoplasm,Nuclear localization signal|Nuclear export signal,0.677299976348877,0.30000001192092896,0.035599999129772186,0.5612000226974487,0.14100000262260437,0.020800000056624413,0.2176000028848648,0.5321000218391418,0.2685000002384186,0.004399999976158142
ENST00000517558.1,Cytoplasm,,0.49639999866485596,0.29190000891685486,0.44909998774528503,0.12070000171661377,0.24390000104904175,0.0430000014603138,0.1956000030040741,0.11860000342130661,0.13930000364780426,0.16850000619888306
ENST00000517600.5,Cytoplasm,Nuclear localization signal,0.7300999760627747,0.3068999946117401,0.13379999995231628,0.4462999999523163,0.14020000398159027,0.03189999982714653,0.11659999936819077,0.12639999389648438,0.1665000021457672,0.00839999970048666
ENST00000518477.5,Mitochondrion,Mitochondrial transit peptide,0.16769999265670776,0.11209999769926071,0.0625,0.10000000149011612,0.9620000123977661,0.0013000000035390258,0.04919999837875366,0.0494999997317791,0.1039000004529953,0.02500000037252903
ENST00000519078.6,Cytoplasm|Nucleus,Nuclear export signal,0.6098999977111816,0.7063000202178955,0.06530000269412994,0.21850000321865082,0.121799997985363,0.030400000512599945,0.04439999908208847,0.17679999768733978,0.17020000517368317,0.24289999902248383
ENST00000519560.6,Extracellular,Signal peptide,0.18250000476837158,0.11230000108480453,0.5917999744415283,0.48429998755455017,0.07940000295639038,0.002099999925121665,0.26330000162124634,0.2808000147342682,0.179299995303154,0.0071000000461936
ENST00000519584.5,Cytoplasm|Nucleus,Nuclear localization signal,0.8022000193595886,0.5360000133514404,0.12690000236034393,0.1843000054359436,0.44780001044273376,0.034699998795986176,0.15530000627040863,0.06430000066757202,0.09430000185966492,0.04809999838471413
ENST00000519602.6,Cytoplasm,Nuclear localization signal,0.8597999811172485,0.3562000095844269,0.10679999738931656,0.25429999828338623,0.35260000824928284,0.04050000011920929,0.1306000053882599,0.11630000174045563,0.1200999990105629,0.10930000245571136
ENST00000519850.5,Cytoplasm|Nucleus,Nuclear localization signal|Nuclear export signal,0.6593999862670898,0.6126000285148621,0.13770000636577606,0.2249000072479248,0.188400000333786,0.0071000000461936,0.08860000222921371,0.13269999623298645,0.17649999260902405,0.014399999752640724
ENST00000520221.5,Cytoplasm,Nuclear localization signal|Nuclear export signal,0.8547000288963318,0.39079999923706055,0.26010000705718994,0.13079999387264252,0.3443000018596649,0.06080000102519989,0.05990000069141388,0.07280000299215317,0.1451999992132187,0.1256999969482422
ENST00000520241.5,Cytoplasm,Nuclear export signal,0.6990000009536743,0.3028999865055084,0.08799999952316284,0.33959999680519104,0.17229999601840973,0.023600000888109207,0.2199999988079071,0.4724000096321106,0.5045999884605408,0.05939999967813492
ENST00000520305.5,Cytoplasm|Cell membrane,Nuclear localization signal|Nuclear export signal,0.5863000154495239,0.2840999960899353,0.030799999833106995,0.7480999827384949,0.22789999842643738,0.019300000742077827,0.27230000495910645,0.310699999332428,0.4480000138282776,0.0019000000320374966
ENST00000520337.1,Extracellular,Signal peptide,0.24709999561309814,0.26750001311302185,0.9065999984741211,0.18279999494552612,0.16099999845027924,0.016100000590085983,0.18299999833106995,0.05130000039935112,0.13429999351501465,0.02459999918937683
ENST00000520467.5,Extracellular,Signal peptide,0.21809999644756317,0.179299995303154,0.8274999856948853,0.45660001039505005,0.12219999730587006,0.004699999932199717,0.21220000088214874,0.21729999780654907,0.2824999988079071,0.03440000116825104
ENST00000520497.1,Cytoplasm,,0.5759000182151794,0.28949999809265137,0.1265999972820282,0.1891999989748001,0.07370000332593918,0.004600000102072954,0.03269999846816063,0.34380000829696655,0.17249999940395355,0.004399999976158142
ENST00000520880.1,Extracellular,Signal peptide,0.28110000491142273,0.14710000157356262,0.8492000102996826,0.46630001068115234,0.4424000084400177,0.10570000112056732,0.3154999911785126,0.10159999877214432,0.2029000073671341,0.08110000193119049
ENST00000521655.1,Cytoplasm|Mitochondrion,Mitochondrial transit peptide,0.48539999127388,0.362199991941452,0.4293000102043152,0.10790000110864639,0.6618000268936157,0.11999999731779099,0.3449000120162964,0.09440000355243683,0.23229999840259552,0.1160999983549118
ENST00000521659.5,Cytoplasm,Nuclear localization signal,0.8555999994277954,0.4221000075340271,0.22310000658035278,0.1347000002861023,0.26980000734329224,0.10459999740123749,0.05920000001788139,0.017400000244379044,0.07029999792575836,0.14110000431537628
ENST00000521811.5,Cytoplasm,Nuclear localization signal,0.8174999952316284,0.37470000982284546,0.3197000026702881,0.15309999883174896,0.335999995470047,0.10000000149011612,0.03400000184774399,0.07429999858140945,0.13249999284744263,0.11680000275373459
ENST00000522148.5,Nucleus,,0.4535999894142151,0.6570000052452087,0.22169999778270721,0.05380000174045563,0.08089999854564667,0.00279999990016222,0.16529999673366547,0.12370000034570694,0.05270000174641609,0.017100000753998756
ENST00000522249.5,Cytoplasm,Nuclear localization signal,0.8154000043869019,0.37070000171661377,0.29319998621940613,0.1639000028371811,0.3407000005245209,0.09790000319480896,0.030500000342726707,0.06639999896287918,0.12290000170469284,0.10249999910593033
ENST00000522301.5,Cytoplasm,Nuclear localization signal|Nuclear export signal,0.8414000272750854,0.3549000024795532,0.3068999946117401,0.18219999969005585,0.3357999920845032,0.07370000332593918,0.0494999997317791,0.09589999914169312,0.1412999927997589,0.09589999914169312
ENST00000522340.5,Cytoplasm|Nucleus,Nuclear localization signal|Nuclear export signal,0.7074000239372253,0.590399980545044,0.08299999684095383,0.21469999849796295,0.13940000534057617,0.005499999970197678,0.0828000009059906,0.09220000356435776,0.14190000295639038,0.020999999716877937
ENST00000522656.5,Cell membrane,Transmembrane domain,0.11299999803304672,0.06440000236034393,0.016100000590085983,0.7519000172615051,0.09610000252723694,0.009200000204145908,0.26159998774528503,0.5656999945640564,0.5072000026702881,0.01979999989271164
ENST00000522798.5,Cytoplasm,Nuclear localization signal,0.8174999952316284,0.37470000982284546,0.3197000026702881,0.15309999883174896,0.335999995470047,0.10000000149011612,0.03400000184774399,0.07429999858140945,0.13249999284744263,0.11680000275373459
ENST00000523220.5,Cytoplasm|Nucleus,Nuclear localization signal|Nuclear export signal,0.7573999762535095,0.5727999806404114,0.10869999974966049,0.2784000039100647,0.12319999933242798,0.012400000356137753,0.25609999895095825,0.22669999301433563,0.1973000019788742,0.01209999993443489
ENST00000523300.5,Cytoplasm,Nuclear localization signal,0.608299970626831,0.3603000044822693,0.22660000622272491,0.2915000021457672,0.20819999277591705,0.014499999582767487,0.0763000026345253,0.11500000208616257,0.2085999995470047,0.0210999995470047
ENST00000523501.5,Cytoplasm|Cell membrane,Nuclear localization signal|Nuclear export signal,0.6067000031471252,0.2687000036239624,0.031099999323487282,0.7213000059127808,0.23170000314712524,0.019300000742077827,0.30640000104904175,0.3075999915599823,0.4964999854564667,0.0035000001080334187
ENST00000523732.1,Cytoplasm,Nuclear localization signal|Nuclear export signal,0.8496999740600586,0.3537999987602234,0.05849999934434891,0.09640000015497208,0.23720000684261322,0.10350000113248825,0.2215999960899353,0.20010000467300415,0.1923000067472458,0.0778999999165535
ENST00000523782.6,Cytoplasm,Nuclear localization signal,0.7317000031471252,0.2962999939918518,0.1234000027179718,0.4341000020503998,0.14959999918937683,0.04740000143647194,0.120899997651577,0.15240000188350677,0.19439999759197235,0.009700000286102295
ENST00000524737.6,Cytoplasm|Nucleus,Nuclear localization signal|Nuclear export signal,0.5580999851226807,0.8253999948501587,0.018300000578165054,0.11219999939203262,0.09189999848604202,0.014499999582767487,0.07249999791383743,0.1234000027179718,0.03220000118017197,0.011800000444054604
ENST00000524893.5,Cytoplasm,,0.4975999891757965,0.4512999951839447,0.22509999573230743,0.0828000009059906,0.40059998631477356,0.05920000001788139,0.16820000112056732,0.047200001776218414,0.08510000258684158,0.01940000057220459
ENST00000525077.2,Cytoplasm,,0.628600001335144,0.3476000130176544,0.17910000681877136,0.3059999942779541,0.15790000557899475,0.0005000000237487257,0.14900000393390656,0.2872999906539917,0.36309999227523804,0.007199999876320362
ENST00000525115.1,Nucleus,Nuclear localization signal,0.3790999948978424,0.6383000016212463,0.11810000240802765,0.1307000070810318,0.12960000336170197,0.03139999881386757,0.16380000114440918,0.04490000009536743,0.17229999601840973,0.0706000030040741
ENST00000525141.1,Endoplasmic reticulum,Transmembrane domain,0.16940000653266907,0.37869998812675476,0.04479999840259552,0.10899999737739563,0.1468999981880188,0.023800000548362732,0.8930000066757202,0.12120000272989273,0.4187000095844269,0.010599999688565731
ENST00000525396.5,Mitochondrion,,0.4375,0.3684999942779541,0.2806999981403351,0.12060000002384186,0.7599999904632568,0.009399999864399433,0.12950000166893005,0.07069999724626541,0.15719999372959137,0.147599995136261
ENST00000525801.1,Cytoplasm|Nucleus|Mitochondrion,,0.5529000163078308,0.5471000075340271,0.5088000297546387,0.12200000137090683,0.6862000226974487,0.006800000090152025,0.08009999990463257,0.013000000268220901,0.03840000182390213,0.016300000250339508
ENST00000525866.5,Extracellular,Signal peptide,0.10719999670982361,0.04410000145435333,0.9348999857902527,0.24009999632835388,0.060100000351667404,0.0006000000284984708,0.15860000252723694,0.3537999987602234,0.1657000035047531,0.001500000013038516
ENST00000526145.6,Nucleus,Nuclear export signal,0.43209999799728394,0.7599999904632568,0.02810000069439411,0.1657000035047531,0.05249999836087227,0.004100000020116568,0.1931000053882599,0.24869999289512634,0.30550000071525574,0.10719999670982361
ENST00000526189.3,Cell membrane,Signal peptide|Transmembrane domain,0.16189999878406525,0.11569999903440475,0.21709999442100525,0.8982999920845032,0.03869999945163727,0.00800000037997961,0.2782000005245209,0.36880001425743103,0.2143000066280365,0.22709999978542328
ENST00000526629.1,Nucleus,Nuclear localization signal,0.4672999978065491,0.8482999801635742,0.11479999870061874,0.042899999767541885,0.1509999930858612,0.003599999938160181,0.09790000319480896,0.07199999690055847,0.04839999973773956,0.009700000286102295
ENST00000526708.6,Nucleus,,0.4011000096797943,0.44350001215934753,0.3409999907016754,0.08649999648332596,0.4156999886035919,0.14650000631809235,0.09189999848604202,0.01679999940097332,0.0575999990105629,0.0364999994635582
ENST00000526793.5,Cytoplasm,Nuclear export signal,0.7343000173568726,0.4018000066280365,0.08219999819993973,0.22419999539852142,0.16930000483989716,0.01600000075995922,0.21549999713897705,0.32170000672340393,0.22370000183582306,0.02810000069439411
ENST00000526869.1,Endoplasmic reticulum,Signal peptide|Transmembrane domain,0.16509999334812164,0.17949999868869781,0.04659999907016754,0.13729999959468842,0.1906999945640564,0.03009999915957451,0.8921999931335449,0.384799987077713,0.483599990606308,0.04230000078678131
ENST00000526937.5,Cytoplasm|Nucleus,Nuclear export signal,0.7853000164031982,0.5616000294685364,0.043800000101327896,0.26820001006126404,0.09220000356435776,0.044599998742341995,0.05660000070929527,0.22100000083446503,0.10520000010728836,0.08070000261068344
ENST00000526995.6,Cytoplasm,Nuclear export signal,0.6664999723434448,0.42410001158714294,0.0722000002861023,0.1428000032901764,0.14890000224113464,0.009700000286102295,0.2222999930381775,0.3792000114917755,0.2964000105857849,0.12080000340938568
ENST00000527013.6,Cytoplasm|Nucleus,Nuclear export signal,0.7795000076293945,0.582099974155426,0.03610000014305115,0.25060001015663147,0.1485999971628189,0.07769999653100967,0.06319999694824219,0.28630000352859497,0.0877000018954277,0.1687999963760376
ENST00000527089.5,Cytoplasm,Nuclear localization signal,0.7023000121116638,0.4507000148296356,0.16259999573230743,0.4366999864578247,0.09189999848604202,0.002199999988079071,0.24619999527931213,0.16210000216960907,0.31119999289512634,0.006000000052154064
ENST00000527149.5,Endoplasmic reticulum,Transmembrane domain,0.16940000653266907,0.37869998812675476,0.04479999840259552,0.10899999737739563,0.1468999981880188,0.023800000548362732,0.8930000066757202,0.12120000272989273,0.4187000095844269,0.010599999688565731
ENST00000527150.5,Cell membrane,Signal peptide|Transmembrane domain,0.21660000085830688,0.11540000140666962,0.2362000048160553,0.875,0.029999999329447746,0.01720000058412552,0.25690001249313354,0.4226999878883362,0.3353999853134155,0.11169999837875366
ENST00000527300.5,Cytoplasm,,0.617900013923645,0.4796999990940094,0.3149000108242035,0.10000000149011612,0.5138999819755554,0.011699999682605267,0.179299995303154,0.17829999327659607,0.4250999987125397,0.036400001496076584
ENST00000527411.5,Cytoplasm|Cell membrane,Nuclear localization signal,0.6122999787330627,0.23819999396800995,0.05959999933838844,0.6721000075340271,0.18050000071525574,0.035999998450279236,0.1687999963760376,0.3206000030040741,0.38760000467300415,0.007699999958276749
ENST00000527525.5,Cytoplasm,Nuclear export signal,0.6933000087738037,0.303600013256073,0.08429999649524689,0.44589999318122864,0.14059999585151672,0.00800000037997961,0.2732999920845032,0.45820000767707825,0.5074999928474426,0.03370000049471855
ENST00000527730.1,Cytoplasm,,0.5968000292778015,0.38659998774528503,0.14980000257492065,0.22419999539852142,0.28870001435279846,0.004999999888241291,0.24770000576972961,0.21199999749660492,0.21170000731945038,0.01549999974668026
ENST00000528438.5,Cell membrane|Lysosome/Vacuole,,0.329800009727478,0.2206999957561493,0.014600000344216824,0.6097000241279602,0.23759999871253967,0.005499999970197678,0.31150001287460327,0.6147000193595886,0.6481000185012817,0.047600001096725464
ENST00000528477.1,Cell membrane,Signal peptide,0.2460000067949295,0.30630001425743103,0.5041999816894531,0.5174999833106995,0.10689999908208847,0.005400000140070915,0.38420000672340393,0.21060000360012054,0.351500004529953,0.1216999962925911
ENST00000528542.6,Cytoplasm,Nuclear export signal,0.6371999979019165,0.3483000099658966,0.24130000174045563,0.36480000615119934,0.12389999628067017,0.0007999999797903001,0.10750000178813934,0.33640000224113464,0.3197999894618988,0.016899999231100082
ENST00000528697.6,Cell membrane,Signal peptide|Transmembrane domain,0.21660000085830688,0.11540000140666962,0.2362000048160553,0.875,0.029999999329447746,0.01720000058412552,0.25690001249313354,0.4226999878883362,0.3353999853134155,0.11169999837875366
ENST00000528845.5,Cytoplasm,Nuclear export signal,0.6902999877929688,0.349700003862381,0.06030000001192093,0.32010000944137573,0.32710000872612,0.01119999960064888,0.36399999260902405,0.2847000062465668,0.2459000051021576,0.09560000151395798
ENST00000528924.4,Cell membrane,Signal peptide|Transmembrane domain,0.296999990940094,0.1339000016450882,0.1881999969482422,0.8531000018119812,0.037300001829862595,0.008899999782443047,0.39010000228881836,0.5831000208854675,0.30799999833106995,0.19629999995231628
ENST00000529022.5,Cytoplasm,Nuclear export signal,0.670199990272522,0.44909998774528503,0.1639000028371811,0.30079999566078186,0.20589999854564667,0.004600000102072954,0.2363000065088272,0.1890999972820282,0.22179999947547913,0.009399999864399433
ENST00000529146.6,Cytoplasm,,0.5861999988555908,0.4092000126838684,0.29600000381469727,0.0982000008225441,0.5152000188827515,0.002300000051036477,0.13650000095367432,0.029400000348687172,0.17100000381469727,0.016100000590085983
ENST00000529208.5,Cytoplasm|Cell membrane,Nuclear localization signal,0.6122999787330627,0.23819999396800995,0.05959999933838844,0.6721000075340271,0.18050000071525574,0.035999998450279236,0.1687999963760376,0.3206000030040741,0.38760000467300415,0.007699999958276749
ENST00000530106.2,Nucleus,Nuclear localization signal,0.1762000024318695,0.9781000018119812,0.00860000029206276,0.032600000500679016,0.05389999970793724,0.0284000001847744,0.01899999938905239,0.015300000086426735,0.016499999910593033,0.03530000150203705
ENST00000530183.1,Cytoplasm|Nucleus,Nuclear localization signal,0.7735000252723694,0.5230000019073486,0.11509999632835388,0.27059999108314514,0.16210000216960907,0.00039999998989515007,0.29409998655319214,0.1451999992132187,0.28439998626708984,0.0284000001847744
ENST00000530385.5,Cytoplasm,,0.5335000157356262,0.45590001344680786,0.21199999749660492,0.1573999971151352,0.1551000028848648,0.043800000101327896,0.36230000853538513,0.2433999925851822,0.20469999313354492,0.016899999231100082
ENST00000530481.5,Cytoplasm|Cell membrane,Nuclear localization signal,0.6140999794006348,0.24130000174045563,0.05990000069141388,0.6814000010490417,0.18889999389648438,0.03970000147819519,0.1624000072479248,0.31380000710487366,0.38260000944137573,0.008200000040233135
ENST00000530763.5,Cell membrane,Signal peptide|Transmembrane domain,0.21660000085830688,0.11540000140666962,0.2362000048160553,0.875,0.029999999329447746,0.01720000058412552,0.25690001249313354,0.4226999878883362,0.3353999853134155,0.11169999837875366
ENST00000530854.1,Cytoplasm,,0.5382000207901001,0.4449999928474426,0.25769999623298645,0.1876000016927719,0.2513999938964844,0.006399999838322401,0.18940000236034393,0.20149999856948853,0.25209999084472656,0.06210000067949295
ENST00000530915.1,Cytoplasm,Nuclear localization signal,0.6294000148773193,0.30979999899864197,0.1120000034570694,0.4876999855041504,0.10790000110864639,0.013500000350177288,0.14219999313354492,0.3617999851703644,0.1941000074148178,0.003000000026077032
ENST00000530962.5,Cell membrane,Signal peptide|Transmembrane domain,0.23510000109672546,0.09950000047683716,0.1729000061750412,0.8823000192642212,0.022299999371170998,0.009100000374019146,0.3319999873638153,0.5407999753952026,0.2897999882698059,0.1216999962925911
ENST00000531205.5,Cell membrane|Lysosome/Vacuole,Signal peptide|Transmembrane domain,0.28690001368522644,0.09719999879598618,0.16990000009536743,0.8209999799728394,0.0674000009894371,0.006899999920278788,0.20000000298023224,0.616100013256073,0.39730000495910645,0.05180000141263008
ENST00000531316.1,Cytoplasm,Nuclear localization signal,0.8561000227928162,0.3310000002384186,0.04039999842643738,0.23000000417232513,0.10790000110864639,0.007600000128149986,0.11320000141859055,0.17100000381469727,0.19589999318122864,0.04010000079870224
ENST00000531387.5,Cytoplasm|Nucleus,,0.5976999998092651,0.5473999977111816,0.310699999332428,0.08730000257492065,0.44780001044273376,0.002099999925121665,0.3325999975204468,0.12439999729394913,0.13050000369548798,0.07069999724626541
ENST00000531482.2,Cytoplasm|Nucleus,,0.6510000228881836,0.5764999985694885,0.06750000268220901,0.13519999384880066,0.11339999735355377,0.014399999752640724,0.038600001484155655,0.10339999943971634,0.08780000358819962,0.19169999659061432
ENST00000531544.5,Cytoplasm|Nucleus,Nuclear localization signal,0.5396999716758728,0.7581999897956848,0.296999990940094,0.11249999701976776,0.3075000047683716,0.006300000008195639,0.05139999836683273,0.07859999686479568,0.05849999934434891,0.16099999845027924
ENST00000531833.1,Mitochondrion,,0.42340001463890076,0.32359999418258667,0.22619999945163727,0.1678999960422516,0.4921000003814697,0.010499999858438969,0.23989999294281006,0.11500000208616257,0.2662999927997589,0.10920000076293945
ENST00000531837.2,Cytoplasm,Nuclear export signal,0.7343000173568726,0.4018000066280365,0.08219999819993973,0.22419999539852142,0.16930000483989716,0.01600000075995922,0.21549999713897705,0.32170000672340393,0.22370000183582306,0.02810000069439411
ENST00000532309.5,Nucleus,Nuclear localization signal,0.2574999928474426,0.8564000129699707,0.22769999504089355,0.054499998688697815,0.18709999322891235,0.0032999999821186066,0.015300000086426735,0.05090000107884407,0.016300000250339508,0.05810000002384186
ENST00000532449.6,Cytoplasm|Nucleus,Nuclear localization signal|Nuclear export signal,0.5580999851226807,0.8253999948501587,0.018300000578165054,0.11219999939203262,0.09189999848604202,0.014499999582767487,0.07249999791383743,0.1234000027179718,0.03220000118017197,0.011800000444054604
ENST00000532643.5,Cytoplasm,Peroxisomal targeting signal,0.6715999841690063,0.4090999960899353,0.05860000103712082,0.10350000113248825,0.20980000495910645,0.016899999231100082,0.13050000369548798,0.22949999570846558,0.2020999938249588,0.34439998865127563
ENST00000532662.1,Cytoplasm|Nucleus,Nuclear localization signal,0.531000018119812,0.8858000040054321,0.2476000040769577,0.09049999713897705,0.10599999874830246,0.04360000044107437,0.0210999995470047,0.03020000085234642,0.005900000222027302,0.01140000019222498
ENST00000532663.1,Nucleus,Nuclear localization signal,0.2492000013589859,0.9348000288009644,0.13660000264644623,0.060600001364946365,0.1835000067949295,0.01679999940097332,0.025299999862909317,0.03400000184774399,0.052400000393390656,0.024800000712275505
ENST00000533095.2,Cytoplasm|Nucleus,,0.645799994468689,0.5953999757766724,0.10419999808073044,0.06880000233650208,0.33230000734329224,0.02449999935925007,0.10400000214576721,0.051600001752376556,0.09880000352859497,0.0649000033736229
ENST00000533265.5,Cell membrane,Signal peptide|Transmembrane domain,0.20229999721050262,0.07980000227689743,0.3231000006198883,0.8331000208854675,0.031300000846385956,0.004100000020116568,0.2906999886035919,0.5304999947547913,0.31220000982284546,0.05040000006556511
ENST00000533266.5,Cytoplasm|Nucleus,Nuclear localization signal,0.6316999793052673,0.5472000241279602,0.251800000667572,0.2084999978542328,0.28529998660087585,0.0017000000225380063,0.15680000185966492,0.21369999647140503,0.32339999079704285,0.00860000029206276
ENST00000533357.5,Cell membrane,Signal peptide|Transmembrane domain,0.1923999935388565,0.10520000010728836,0.1704999953508377,0.8919000029563904,0.03150000050663948,0.005200000014156103,0.258899986743927,0.4108000099658966,0.18780000507831573,0.13619999587535858
ENST00000533361.1,Cytoplasm,,0.5138999819755554,0.43950000405311584,0.09380000084638596,0.08889999985694885,0.0723000019788742,0.002899999963119626,0.07249999791383743,0.19740000367164612,0.19470000267028809,0.045499999076128006
ENST00000533852.7,Cytoplasm|Nucleus,Nuclear export signal,0.5404999852180481,0.5393999814987183,0.08990000188350677,0.13490000367164612,0.2802000045776367,0.009999999776482582,0.2524999976158142,0.2142000049352646,0.36230000853538513,0.07800000160932541
ENST00000533999.5,Extracellular,Signal peptide,0.25,0.3165999948978424,0.7519999742507935,0.13779999315738678,0.18690000474452972,0.003000000026077032,0.15080000460147858,0.07760000228881836,0.07190000265836716,0.023800000548362732
ENST00000534070.5,Cytoplasm|Nucleus,Nuclear localization signal|Nuclear export signal,0.5580999851226807,0.8253999948501587,0.018300000578165054,0.11219999939203262,0.09189999848604202,0.014499999582767487,0.07249999791383743,0.1234000027179718,0.03220000118017197,0.011800000444054604
ENST00000534093.5,Extracellular,,0.3025999963283539,0.33660000562667847,0.6146000027656555,0.12809999287128448,0.4528000056743622,0.003599999938160181,0.12210000306367874,0.07349999994039536,0.0812000036239624,0.00800000037997961
ENST00000534187.6,Cytoplasm,,0.4975999891757965,0.4512999951839447,0.22509999573230743,0.0828000009059906,0.40059998631477356,0.05920000001788139,0.16820000112056732,0.047200001776218414,0.08510000258684158,0.01940000057220459
ENST00000534313.6,Cytoplasm,Nuclear export signal,0.6552000045776367,0.3231000006198883,0.08479999750852585,0.49639999866485596,0.14920000731945038,0.007699999958276749,0.30410000681877136,0.39480000734329224,0.3831000030040741,0.01720000058412552
ENST00000534520.6,Nucleus,,0.4300999939441681,0.4471000134944916,0.16850000619888306,0.05820000171661377,0.23589999973773956,0.023000000044703484,0.32170000672340393,0.22190000116825104,0.23600000143051147,0.051500000059604645
ENST00000534632.5,Cytoplasm,Nuclear localization signal,0.6306999921798706,0.44429999589920044,0.2619999945163727,0.20800000429153442,0.3587999939918518,0.017000000923871994,0.14149999618530273,0.13519999384880066,0.17299999296665192,0.1251000016927719
ENST00000534751.3,Nucleus,Nuclear localization signal,0.19110000133514404,0.9458000063896179,0.04989999905228615,0.09269999712705612,0.08489999920129776,0.011599999852478504,0.061900001019239426,0.03420000150799751,0.027000000700354576,0.020400000736117363
ENST00000534842.1,Endoplasmic reticulum,Signal peptide|Transmembrane domain,0.10220000147819519,0.10000000149011612,0.040300000458955765,0.3813000023365021,0.15780000388622284,0.012400000356137753,0.6700999736785889,0.5376999974250793,0.4699999988079071,0.08110000193119049
ENST00000535549.5,Nucleus,Nuclear export signal,0.4221000075340271,0.7552000284194946,0.025499999523162842,0.17679999768733978,0.07109999656677246,0.002400000113993883,0.15960000455379486,0.20059999823570251,0.2517000138759613,0.09109999984502792
ENST00000535559.5,Nucleus,Nuclear localization signal,0.29440000653266907,0.8622000217437744,0.03669999912381172,0.08429999649524689,0.020800000056624413,0.009600000455975533,0.05389999970793724,0.08429999649524689,0.10540000349283218,0.007199999876320362
ENST00000536235.5,Cytoplasm|Nucleus,Nuclear export signal,0.5328999757766724,0.7300999760627747,0.03229999914765358,0.10429999977350235,0.13830000162124634,0.008999999612569809,0.17759999632835388,0.2815999984741211,0.19009999930858612,0.02319999970495701
ENST00000536531.5,Cytoplasm,,0.6190000176429749,0.29910001158714294,0.07680000364780426,0.260699987411499,0.21449999511241913,0.03220000118017197,0.10930000245571136,0.41839998960494995,0.1688999980688095,0.01510000042617321
ENST00000536845.7,Cell membrane,Signal peptide|Transmembrane domain,0.21199999749660492,0.13860000669956207,0.29429998993873596,0.7430999875068665,0.03290000185370445,0.02199999988079071,0.30000001192092896,0.47110000252723694,0.32600000500679016,0.031099999323487282
ENST00000537097.2,Cytoplasm,Nuclear localization signal,0.6812000274658203,0.3580000102519989,0.1363999992609024,0.2806999981403351,0.10010000318288803,0.047200001776218414,0.12489999830722809,0.10119999945163727,0.12960000336170197,0.0007999999797903001
ENST00000537449.5,Cell membrane|Lysosome/Vacuole|Golgi apparatus,Signal peptide|Transmembrane domain,0.29440000653266907,0.1088000014424324,0.08609999716281891,0.760699987411499,0.0560000017285347,0.009499999694526196,0.4242999851703644,0.7559999823570251,0.6496999859809875,0.06769999861717224
ENST00000537664.5,Cytoplasm|Nucleus,Nuclear localization signal,0.4871000051498413,0.744700014591217,0.06719999760389328,0.05009999871253967,0.2662000060081482,0.003599999938160181,0.23010000586509705,0.08500000089406967,0.11990000307559967,0.016699999570846558
ENST00000537898.5,Endoplasmic reticulum,Signal peptide|Transmembrane domain,0.08389999717473984,0.07850000262260437,0.11949999630451202,0.33880001306533813,0.20469999313354492,0.022700000554323196,0.8718000054359436,0.15600000321865082,0.3862999975681305,0.026499999687075615
ENST00000538035.6,Cytoplasm,Nuclear export signal,0.7184000015258789,0.30959999561309814,0.0689999982714653,0.4885999858379364,0.10769999772310257,0.019099999219179153,0.30480000376701355,0.5266000032424927,0.4307999908924103,0.013100000098347664
ENST00000538142.5,Cell membrane|Lysosome/Vacuole,Transmembrane domain,0.21979999542236328,0.15379999577999115,0.14399999380111694,0.8008999824523926,0.18860000371932983,0.006500000134110451,0.46700000762939453,0.6011999845504761,0.32760000228881836,0.013199999928474426
ENST00000538274.6,Cytoplasm,Nuclear export signal,0.6007000207901001,0.43369999527931213,0.057100001722574234,0.2596000134944916,0.15389999747276306,0.025200000032782555,0.2833999991416931,0.44429999589920044,0.44699999690055847,0.008700000122189522
ENST00000538396.5,Cytoplasm,Nuclear localization signal,0.6310999989509583,0.4986000061035156,0.07450000196695328,0.3986000120639801,0.1501999944448471,0.013799999840557575,0.14219999313354492,0.1914999932050705,0.1881999969482422,0.019899999722838402
ENST00000538695.2,Extracellular,Signal peptide,0.14880000054836273,0.15309999883174896,0.8076000213623047,0.25099998712539673,0.2029000073671341,0.0017999999690800905,0.20579999685287476,0.17800000309944153,0.1492999941110611,0.0005000000237487257
ENST00000538884.1,Nucleus|Extracellular,,0.44830000400543213,0.6363999843597412,0.715399980545044,0.05220000073313713,0.38370001316070557,0.01360000018030405,0.0754999965429306,0.023399999365210533,0.05999999865889549,0.031199999153614044
ENST00000538981.1,Cytoplasm,Nuclear export signal,0.6169000267982483,0.49149999022483826,0.1339000016450882,0.11289999634027481,0.2630000114440918,0.012400000356137753,0.3869999945163727,0.40790000557899475,0.36149999499320984,0.12030000239610672
ENST00000539896.1,Cell membrane,Transmembrane domain,0.09210000187158585,0.07190000265836716,0.05909999832510948,0.9031000137329102,0.03999999910593033,0.012600000016391277,0.24719999730587006,0.4551999866962433,0.16459999978542328,0.017400000244379044
ENST00000540010.1,Cytoplasm,Nuclear export signal,0.5781999826431274,0.4442000091075897,0.06769999861717224,0.19859999418258667,0.14309999346733093,0.003700000001117587,0.3037000000476837,0.38029998540878296,0.4016999900341034,0.029999999329447746
ENST00000540266.5,Cell membrane|Lysosome/Vacuole,Transmembrane domain,0.2029000073671341,0.09040000289678574,0.14419999718666077,0.8733999729156494,0.10989999771118164,0.013700000010430813,0.4108999967575073,0.6071000099182129,0.2791999876499176,0.016300000250339508
ENST00000540509.5,Cytoplasm|Nucleus,Nuclear localization signal,0.559499979019165,0.5853000283241272,0.031199999153614044,0.3709999918937683,0.09960000216960907,0.04039999842643738,0.07779999822378159,0.21969999372959137,0.17319999635219574,0.015799999237060547
ENST00000541245.1,Cytoplasm,,0.4104999899864197,0.3239000141620636,0.039799999445676804,0.31189998984336853,0.13289999961853027,0.00800000037997961,0.07519999891519547,0.36579999327659607,0.26589998602867126,0.0035000001080334187
ENST00000541509.5,Cytoplasm,Nuclear export signal,0.602400004863739,0.38519999384880066,0.03790000081062317,0.45179998874664307,0.12780000269412994,0.005200000014156103,0.16590000689029694,0.329800009727478,0.334199994802475,0.010499999858438969
ENST00000541565.5,Endoplasmic reticulum,Signal peptide|Transmembrane domain,0.1088000014424324,0.0738999992609024,0.13539999723434448,0.3628000020980835,0.12020000070333481,0.10360000282526016,0.8700000047683716,0.10769999772310257,0.24210000038146973,0.08229999989271164
ENST00000541586.5,Cytoplasm,Nuclear export signal,0.7602999806404114,0.3991999924182892,0.08919999748468399,0.29910001158714294,0.18129999935626984,0.01080000028014183,0.26750001311302185,0.4343000054359436,0.39570000767707825,0.013799999840557575
ENST00000542035.2,Cytoplasm|Nucleus,Nuclear export signal,0.6359000205993652,0.6448000073432922,0.058800000697374344,0.12600000202655792,0.12849999964237213,0.020099999383091927,0.13510000705718994,0.12849999964237213,0.11309999972581863,0.04820000007748604
ENST00000542547.5,Cytoplasm,Nuclear export signal,0.804099977016449,0.3637000024318695,0.022199999541044235,0.11640000343322754,0.1517000049352646,0.00419999985024333,0.11630000174045563,0.14270000159740448,0.1753000020980835,0.01899999938905239
ENST00000542575.6,Cell membrane,Transmembrane domain,0.094200000166893,0.055399999022483826,0.04050000011920929,0.8669999837875366,0.21080000698566437,0.010400000028312206,0.2198999971151352,0.46389999985694885,0.22619999945163727,0.023499999195337296
ENST00000542676.5,Cytoplasm|Lysosome/Vacuole,Nuclear export signal,0.5911999940872192,0.31839999556541443,0.06350000202655792,0.4377000033855438,0.24240000545978546,0.009600000455975533,0.3109999895095825,0.6103000044822693,0.3075000047683716,0.012500000186264515
ENST00000542920.1,Cell membrane,Signal peptide|Transmembrane domain,0.10239999741315842,0.05510000139474869,0.029999999329447746,0.843500018119812,0.03240000084042549,0.010700000450015068,0.42910000681877136,0.5608000159263611,0.3571000099182129,0.014100000262260437
ENST00000543082.5,Nucleus,Nuclear export signal,0.34060001373291016,0.9318000078201294,0.027699999511241913,0.04490000009536743,0.06310000270605087,0.01209999993443489,0.04639999940991402,0.07580000162124634,0.08150000125169754,0.00930000003427267
ENST00000543086.7,Cytoplasm,Nuclear localization signal,0.7422999739646912,0.38089999556541443,0.05510000139474869,0.2750000059604645,0.1200999990105629,0.01600000075995922,0.17870000004768372,0.21699999272823334,0.37459999322891235,0.06199999898672104
ENST00000543283.2,Cytoplasm,Nuclear localization signal,0.6541000008583069,0.48159998655319214,0.11779999732971191,0.164900004863739,0.12639999389648438,0.0044999998062849045,0.12150000035762787,0.24979999661445618,0.14480000734329224,0.019899999722838402
ENST00000543440.7,Nucleus,Nuclear localization signal|Nuclear export signal,0.3506999909877777,0.9049000144004822,0.03779999911785126,0.0763000026345253,0.13130000233650208,0.007499999832361937,0.053599998354911804,0.06830000132322311,0.07980000227689743,0.011800000444054604
ENST00000544363.5,Cytoplasm,Nuclear localization signal,0.6772000193595886,0.35010001063346863,0.10199999809265137,0.5151000022888184,0.16019999980926514,0.054499998688697815,0.24629999697208405,0.4909999966621399,0.3549000024795532,0.005200000014156103
ENST00000544373.5,Cytoplasm|Nucleus,Nuclear localization signal|Nuclear export signal,0.51419997215271,0.8672000169754028,0.017799999564886093,0.08869999647140503,0.08500000089406967,0.013100000098347664,0.07490000128746033,0.09719999879598618,0.02280000038444996,0.011900000274181366
ENST00000545145.6,Nucleus,Nuclear localization signal,0.303600013256073,0.7730000019073486,0.050700001418590546,0.04100000113248825,0.05860000103712082,0.008999999612569809,0.09960000216960907,0.08150000125169754,0.0820000022649765,0.005400000140070915
ENST00000545154.5,Endoplasmic reticulum,Signal peptide|Transmembrane domain,0.15870000422000885,0.08609999716281891,0.0478999987244606,0.3801000118255615,0.2766999900341034,0.01769999973475933,0.894599974155426,0.13590000569820404,0.2630999982357025,0.033799998462200165
ENST00000545156.5,Nucleus,Nuclear localization signal,0.2833999991416931,0.8726999759674072,0.026599999517202377,0.06459999829530716,0.07609999924898148,0.005499999970197678,0.04919999837875366,0.05869999900460243,0.06159999966621399,0.00419999985024333
ENST00000545174.5,Cytoplasm|Nucleus,Nuclear export signal,0.7160999774932861,0.7342000007629395,0.022199999541044235,0.23319999873638153,0.16050000488758087,0.0026000000070780516,0.2126999944448471,0.3084000051021576,0.21850000321865082,0.029100000858306885
ENST00000545495.5,Nucleus,Nuclear localization signal,0.2775999903678894,0.9276000261306763,0.1046999990940094,0.06499999761581421,0.08479999750852585,0.023000000044703484,0.02160000056028366,0.04879999905824661,0.027000000700354576,0.04729999974370003
ENST00000546191.5,Cytoplasm|Nucleus,Nuclear export signal,0.7160999774932861,0.7342000007629395,0.022199999541044235,0.23319999873638153,0.16050000488758087,0.0026000000070780516,0.2126999944448471,0.3084000051021576,0.21850000321865082,0.029100000858306885
ENST00000546567.5,Nucleus,,0.4702000021934509,0.5192999839782715,0.43689998984336853,0.09179999679327011,0.5054000020027161,0.0019000000320374966,0.19709999859333038,0.06239999830722809,0.19609999656677246,0.017100000753998756
ENST00000546632.1,Nucleus,Nuclear localization signal,0.42559999227523804,0.8791000247001648,0.06599999964237213,0.16920000314712524,0.09220000356435776,0.0007999999797903001,0.1298000067472458,0.039000000804662704,0.03150000050663948,0.009700000286102295
ENST00000546842.5,Nucleus,Nuclear localization signal,0.3986000120639801,0.8539000153541565,0.052299998700618744,0.1881999969482422,0.06939999759197235,0.0024999999441206455,0.2013999968767166,0.08370000123977661,0.0763000026345253,0.003599999938160181
ENST00000547423.5,Extracellular,Signal peptide,0.12280000001192093,0.0737999975681305,0.6685000061988831,0.17309999465942383,0.18050000071525574,0.00019999999494757503,0.46000000834465027,0.4966000020503998,0.44449999928474426,0.0006000000284984708
ENST00000547545.1,Nucleus,Nuclear localization signal,0.20960000157356262,0.9878000020980835,0.026399999856948853,0.06509999930858612,0.0706000030040741,0.050599999725818634,0.05249999836087227,0.007600000128149986,0.012000000104308128,0.020099999383091927
ENST00000547844.1,Cytoplasm|Nucleus|Mitochondrion,,0.6040999889373779,0.5558000206947327,0.26260000467300415,0.12559999525547028,0.6323999762535095,0.006500000134110451,0.12540000677108765,0.05380000174045563,0.1006999984383583,0.01080000028014183
ENST00000548360.1,Extracellular,Signal peptide,0.1265999972820282,0.06480000168085098,0.7017999887466431,0.1915999948978424,0.15800000727176666,9.999999747378752e-05,0.45509999990463257,0.5514000058174133,0.4259999990463257,0.0007999999797903001
ENST00000548887.5,Nucleus,Nuclear localization signal|Nuclear export signal,0.3188000023365021,0.9150999784469604,0.05739999935030937,0.19120000302791595,0.04809999838471413,0.007000000216066837,0.04010000079870224,0.04360000044107437,0.052400000393390656,0.0031999999191612005
ENST00000549318.5,Endoplasmic reticulum,Signal peptide,0.12849999964237213,0.11469999700784683,0.41429999470710754,0.21850000321865082,0.3506999909877777,0.009700000286102295,0.42320001125335693,0.11069999635219574,0.274399995803833,0.06340000033378601
ENST00000549832.1,Cytoplasm,Nuclear localization signal|Nuclear export signal,0.7426000237464905,0.3366999924182892,0.04910000041127205,0.47540000081062317,0.121799997985363,0.002300000051036477,0.14820000529289246,0.33149999380111694,0.33880001306533813,0.018200000748038292
ENST00000550763.1,Nucleus,Nuclear localization signal,0.4262999892234802,0.7021999955177307,0.21580000221729279,0.10999999940395355,0.3427000045776367,0.004699999932199717,0.10869999974966049,0.08799999952316284,0.10920000076293945,0.020600000396370888
ENST00000550770.1,Cytoplasm|Nucleus,Nuclear localization signal|Nuclear export signal,0.673799991607666,0.5777999758720398,0.15459999442100525,0.06239999830722809,0.5273000001907349,0.020600000396370888,0.0763000026345253,0.16750000417232513,0.147599995136261,0.014700000174343586
ENST00000550869.5,Cytoplasm,,0.5139999985694885,0.33000001311302185,0.4426000118255615,0.14300000667572021,0.5978999733924866,0.05849999934434891,0.02419999986886978,0.031099999323487282,0.05429999902844429,0.1867000013589859
ENST00000552255.5,Nucleus,Nuclear localization signal,0.36980000138282776,0.7055000066757202,0.13539999723434448,0.14149999618530273,0.164000004529953,0.0024999999441206455,0.11320000141859055,0.08259999752044678,0.05469999834895134,0.04320000112056732
ENST00000552590.6,Cytoplasm|Nucleus,Nuclear export signal,0.6646999716758728,0.5087000131607056,0.12120000272989273,0.06400000303983688,0.43869999051094055,0.025800000876188278,0.10809999704360962,0.11020000278949738,0.17589999735355377,0.013700000010430813
ENST00000552912.5,Cytoplasm,Nuclear export signal,0.5565000176429749,0.4580000042915344,0.05139999836683273,0.13699999451637268,0.07689999788999557,0.014999999664723873,0.19359999895095825,0.3898000121116638,0.30059999227523804,0.029600000008940697
ENST00000553200.1,Cytoplasm,,0.47940000891685486,0.4569000005722046,0.3003999888896942,0.05719999969005585,0.445499986410141,0.06080000102519989,0.060100000351667404,0.027699999511241913,0.03420000150799751,0.02800000086426735
ENST00000553310.6,Cytoplasm,,0.6600000262260437,0.18359999358654022,0.14339999854564667,0.5339999794960022,0.21930000185966492,0.008700000122189522,0.039400000125169754,0.09669999778270721,0.25049999356269836,0.008799999952316284
ENST00000553481.1,Cell membrane,Transmembrane domain,0.17000000178813934,0.0997999981045723,0.14839999377727509,0.8826000094413757,0.051899999380111694,0.06620000302791595,0.11079999804496765,0.18299999833106995,0.062199998646974564,0.30640000104904175
ENST00000553810.5,Nucleus,Nuclear localization signal,0.2906000018119812,0.9174000024795532,0.14499999582767487,0.030300000682473183,0.05820000171661377,0.005900000222027302,0.007000000216066837,0.03229999914765358,0.03530000150203705,0.01549999974668026
ENST00000554276.1,Extracellular,Signal peptide,0.14560000598430634,0.07590000331401825,0.8555999994277954,0.23019999265670776,0.05130000039935112,0.0010000000474974513,0.17960000038146973,0.34299999475479126,0.16050000488758087,0.006200000178068876
ENST00000554329.6,Cell membrane,Transmembrane domain,0.17579999566078186,0.17309999465942383,0.21170000731945038,0.7566999793052673,0.1624000072479248,0.033900000154972076,0.3328999876976013,0.5437999963760376,0.39559999108314514,0.14659999310970306
ENST00000554866.5,Extracellular,Signal peptide,0.14560000598430634,0.07590000331401825,0.8555999994277954,0.23019999265670776,0.05130000039935112,0.0010000000474974513,0.17960000038146973,0.34299999475479126,0.16050000488758087,0.006200000178068876
ENST00000555336.6,Cytoplasm,,0.6043999791145325,0.14569999277591705,0.07900000363588333,0.359499990940094,0.1120000034570694,0.029400000348687172,0.20730000734329224,0.357699990272522,0.30079999566078186,0.06400000303983688
ENST00000556141.1,Cell membrane,Signal peptide|Transmembrane domain,0.13490000367164612,0.0851999968290329,0.10170000046491623,0.8111000061035156,0.20980000495910645,0.011500000022351742,0.3127000033855438,0.38040000200271606,0.499099999666214,0.06199999898672104
ENST00000556154.5,Extracellular,Signal peptide,0.22509999573230743,0.17550000548362732,0.8445000052452087,0.388700008392334,0.07429999858140945,0.007799999788403511,0.1242000013589859,0.13600000739097595,0.15060000121593475,0.0017000000225380063
ENST00000556441.1,Nucleus,Peroxisomal targeting signal,0.45339998602867126,0.5144000053405762,0.09679999947547913,0.0966000035405159,0.33880001306533813,0.00570000009611249,0.491100013256073,0.15549999475479126,0.3188999891281128,0.34360000491142273
ENST00000556585.3,Cell membrane,Transmembrane domain,0.16140000522136688,0.25459998846054077,0.1526000052690506,0.7197999954223633,0.12359999865293503,0.010599999688565731,0.24770000576972961,0.5385000109672546,0.4828999936580658,0.10949999839067459
ENST00000556775.5,Extracellular,Signal peptide,0.11789999902248383,0.06040000170469284,0.8840000033378601,0.272599995136261,0.03750000149011612,0.00039999998989515007,0.16439999639987946,0.35929998755455017,0.20090000331401825,0.0044999998062849045
ENST00000557088.6,Extracellular,Signal peptide,0.07940000295639038,0.1404999941587448,0.9420999884605408,0.07190000265836716,0.1673000007867813,0.012000000104308128,0.11959999799728394,0.052299998700618744,0.15330000221729279,0.005400000140070915
ENST00000557284.7,Cytoplasm,Nuclear export signal,0.670199990272522,0.35659998655319214,0.03440000116825104,0.46540001034736633,0.16899999976158142,0.023499999195337296,0.2160000056028366,0.5005999803543091,0.34610000252723694,0.06310000270605087
ENST00000558008.3,Nucleus,Nuclear localization signal,0.3109999895095825,0.9304999709129333,0.03689999878406525,0.09260000288486481,0.226500004529953,0.019300000742077827,0.019200000911951065,0.01510000042617321,0.04879999905824661,0.0052999998442828655
ENST00000558012.6,Cytoplasm,Nuclear export signal,0.7544000148773193,0.32749998569488525,0.1386999934911728,0.48919999599456787,0.14650000631809235,0.005400000140070915,0.19249999523162842,0.5141000151634216,0.4510999917984009,0.021400000900030136
ENST00000558014.5,Cell membrane,Signal peptide|Transmembrane domain,0.21040000021457672,0.13410000503063202,0.2888999879360199,0.7397000193595886,0.03700000047683716,0.022199999541044235,0.32600000500679016,0.5062000155448914,0.35269999504089355,0.02930000051856041
ENST00000558022.5,Cytoplasm,Nuclear localization signal,0.7753999829292297,0.4250999987125397,0.19030000269412994,0.1851000040769577,0.09539999812841415,0.015200000256299973,0.11599999666213989,0.1242000013589859,0.12399999797344208,0.031300000846385956
ENST00000558466.5,Cytoplasm|Lysosome/Vacuole,,0.5133000016212463,0.27709999680519104,0.16519999504089355,0.3855000138282776,0.15539999306201935,0.0071000000461936,0.18310000002384186,0.8090999722480774,0.4251999855041504,0.004900000058114529
ENST00000558544.5,Cytoplasm|Nucleus,Nuclear localization signal,0.6295999884605408,0.5275999903678894,0.17190000414848328,0.24570000171661377,0.19550000131130219,0.0020000000949949026,0.03849999979138374,0.1046999990940094,0.2110999971628189,0.019600000232458115
ENST00000558767.6,Cytoplasm,Nuclear localization signal,0.7789999842643738,0.39879998564720154,0.19370000064373016,0.1800999939441681,0.08389999717473984,0.017100000753998756,0.10779999941587448,0.12060000002384186,0.1185000017285347,0.03880000114440918
ENST00000558857.5,Cytoplasm,,0.6769000291824341,0.49230000376701355,0.15860000252723694,0.31369999051094055,0.5074999928474426,0.004399999976158142,0.12950000166893005,0.020999999716877937,0.0828000009059906,0.051100000739097595
ENST00000558910.3,Cytoplasm,Nuclear export signal,0.6984000205993652,0.3375999927520752,0.07010000199079514,0.35030001401901245,0.3240000009536743,0.004800000227987766,0.12489999830722809,0.22840000689029694,0.3183000087738037,0.06620000302791595
ENST00000558937.1,Cytoplasm|Nucleus,Nuclear export signal,0.6669999957084656,0.6571999788284302,0.049300000071525574,0.2199999988079071,0.21649999916553497,0.002400000113993883,0.10339999943971634,0.18029999732971191,0.17489999532699585,0.017000000923871994
ENST00000558961.1,Cytoplasm,,0.4546999931335449,0.41269999742507935,0.19359999895095825,0.20589999854564667,0.2590999901294708,0.028699999675154686,0.10750000178813934,0.13539999723434448,0.17110000550746918,0.28439998626708984
ENST00000558984.1,Extracellular,Signal peptide,0.11559999734163284,0.19050000607967377,0.896399974822998,0.16689999401569366,0.08799999952316284,0.0013000000035390258,0.1477999985218048,0.12129999697208405,0.24529999494552612,0.0019000000320374966
ENST00000559087.5,Extracellular,Signal peptide,0.11559999734163284,0.19050000607967377,0.896399974822998,0.16689999401569366,0.08799999952316284,0.0013000000035390258,0.1477999985218048,0.12129999697208405,0.24529999494552612,0.0019000000320374966
ENST00000559161.5,Cytoplasm,Nuclear export signal,0.6801999807357788,0.367900013923645,0.25270000100135803,0.413100004196167,0.188400000333786,0.001500000013038516,0.13950000703334808,0.5041000247001648,0.328900009393692,0.006599999964237213
ENST00000559295.5,Cytoplasm,Nuclear export signal,0.7699999809265137,0.35690000653266907,0.23260000348091125,0.4049000144004822,0.13249999284744263,0.0035000001080334187,0.1777999997138977,0.52920001745224,0.4207000136375427,0.017500000074505806
ENST00000559314.5,Cytoplasm,,0.47099998593330383,0.30090001225471497,0.23479999601840973,0.39250001311302185,0.19859999418258667,0.010300000198185444,0.06459999829530716,0.015399999916553497,0.1388999968767166,0.28110000491142273
ENST00000559324.1,Extracellular,Signal peptide,0.08560000360012054,0.02969999983906746,0.696399986743927,0.19130000472068787,0.12600000202655792,0.0038999998942017555,0.39239999651908875,0.25529998540878296,0.4083999991416931,0.022099999710917473
ENST00000559404.5,Cytoplasm,,0.4674000144004822,0.44609999656677246,0.19789999723434448,0.2273000031709671,0.3808000087738037,0.005499999970197678,0.3183000087738037,0.27869999408721924,0.3700999915599823,0.06499999761581421
ENST00000559501.1,Extracellular,Nuclear localization signal,0.09939999878406525,0.36570000648498535,0.9041000008583069,0.1054999977350235,0.19290000200271606,0.0019000000320374966,0.07959999889135361,0.030400000512599945,0.14180000126361847,0.002899999963119626
ENST00000559519.5,Nucleus,Nuclear localization signal,0.23100000619888306,0.9520000219345093,0.0803999975323677,0.04309999942779541,0.2142000049352646,0.009399999864399433,0.03790000081062317,0.013000000268220901,0.01720000058412552,0.017899999395012856
ENST00000559651.1,Cytoplasm|Nucleus,Nuclear export signal,0.5983999967575073,0.5067999958992004,0.07370000332593918,0.27950000762939453,0.4318000078201294,0.0017999999690800905,0.3287000060081482,0.26249998807907104,0.31839999556541443,0.02160000056028366
ENST00000559750.5,Cytoplasm,Nuclear localization signal,0.6486999988555908,0.43130001425743103,0.28439998626708984,0.24879999458789825,0.20270000398159027,0.0007999999797903001,0.10000000149011612,0.53329998254776,0.4074999988079071,0.009100000374019146
ENST00000559785.5,Cytoplasm,,0.6277999877929688,0.47589999437332153,0.451200008392334,0.2305999994277954,0.2345000058412552,0.0017000000225380063,0.1784999966621399,0.3788999915122986,0.29100000858306885,0.01600000075995922
ENST00000559856.1,Cytoplasm,Nuclear localization signal|Nuclear export signal,0.7373999953269958,0.4065000116825104,0.17679999768733978,0.2433999925851822,0.2915000021457672,0.005200000014156103,0.09679999947547913,0.46219998598098755,0.32600000500679016,0.002300000051036477
ENST00000559859.5,Cytoplasm,Nuclear export signal,0.6629999876022339,0.42649999260902405,0.24400000274181366,0.37209999561309814,0.18950000405311584,0.0017000000225380063,0.11680000275373459,0.4754999876022339,0.3400999903678894,0.03269999846816063
ENST00000559931.5,Cytoplasm,Nuclear localization signal,0.5845000147819519,0.492000013589859,0.09459999948740005,0.4156000018119812,0.16130000352859497,0.00279999990016222,0.12240000069141388,0.4138999879360199,0.1826000064611435,0.006300000008195639
ENST00000560270.1,Extracellular,Signal peptide,0.21240000426769257,0.07029999792575836,0.8492000102996826,0.2678999900817871,0.18170000612735748,0.030500000342726707,0.2906999886035919,0.032999999821186066,0.25619998574256897,0.0617000013589859
ENST00000560448.5,Cytoplasm|Nucleus,Nuclear localization signal,0.5943999886512756,0.9097999930381775,0.19599999487400055,0.03500000014901161,0.23589999973773956,0.0019000000320374966,0.14429999887943268,0.03099999949336052,0.03920000046491623,0.15449999272823334
ENST00000560471.5,Cytoplasm|Golgi apparatus,,0.6378999948501587,0.33309999108314514,0.18129999935626984,0.4921000003814697,0.09120000153779984,0.004900000058114529,0.16519999504089355,0.459199994802475,0.6597999930381775,0.044199999421834946
ENST00000560540.5,Cytoplasm|Golgi apparatus,,0.6158999800682068,0.35499998927116394,0.19509999454021454,0.5152000188827515,0.0868000015616417,0.003599999938160181,0.1597999930381775,0.4361000061035156,0.651199996471405,0.0430000014603138
ENST00000560615.6,Cytoplasm,Nuclear export signal,0.7872999906539917,0.46230000257492065,0.05310000106692314,0.2685999870300293,0.24719999730587006,0.0034000000450760126,0.19259999692440033,0.13120000064373016,0.20630000531673431,0.05770000070333481
ENST00000560734.5,Cytoplasm,,0.644599974155426,0.32829999923706055,0.1477999985218048,0.5156000256538391,0.11490000039339066,0.00279999990016222,0.1688999980688095,0.3474000096321106,0.6460999846458435,0.02710000053048134
ENST00000560748.5,Cytoplasm|Nucleus,Nuclear export signal,0.5983999967575073,0.5067999958992004,0.07370000332593918,0.27950000762939453,0.4318000078201294,0.0017999999690800905,0.3287000060081482,0.26249998807907104,0.31839999556541443,0.02160000056028366
ENST00000560913.1,Mitochondrion,,0.4643000066280365,0.3828999996185303,0.36739999055862427,0.07760000228881836,0.6758999824523926,0.055799998342990875,0.13590000569820404,0.05849999934434891,0.06719999760389328,0.2004999965429306
ENST00000560979.1,Cytoplasm|Extracellular,Signal peptide,0.6484000086784363,0.24079999327659607,0.7577999830245972,0.19949999451637268,0.2766000032424927,0.005499999970197678,0.19130000472068787,0.07760000228881836,0.04560000076889992,0.2371000051498413
ENST00000561013.3,Nucleus,Nuclear localization signal,0.4424000084400177,0.873199999332428,0.04190000146627426,0.08820000290870667,0.08630000054836273,0.006800000090152025,0.03849999979138374,0.06790000200271606,0.036400001496076584,0.0038999998942017555
ENST00000561212.5,Nucleus,Nuclear localization signal|Nuclear export signal,0.4023999869823456,0.8651999831199646,0.01940000057220459,0.0966000035405159,0.0982000008225441,0.016100000590085983,0.033399999141693115,0.040699999779462814,0.03200000151991844,0.0044999998062849045
ENST00000561278.1,Cytoplasm,Peroxisomal targeting signal,0.5562000274658203,0.4113999903202057,0.1662999987602234,0.053700000047683716,0.3986000120639801,0.09459999948740005,0.08730000257492065,0.09210000187158585,0.1745000034570694,0.31869998574256897
ENST00000561421.6,Cytoplasm,Nuclear export signal,0.8148999810218811,0.4724999964237213,0.07959999889135361,0.18629999458789825,0.14669999480247498,0.0066999997943639755,0.23649999499320984,0.1728000044822693,0.2094999998807907,0.05299999937415123
ENST00000561437.1,Nucleus,,0.3547999858856201,0.5562999844551086,0.49059998989105225,0.13410000503063202,0.40070000290870667,0.007400000002235174,0.029400000348687172,0.11909999698400497,0.06549999862909317,0.2142000049352646
ENST00000561648.5,Nucleus,Nuclear localization signal,0.2784999907016754,0.8726000189781189,0.03579999879002571,0.09520000219345093,0.01979999989271164,0.007799999788403511,0.05139999836683273,0.08150000125169754,0.10599999874830246,0.0052999998442828655
ENST00000561817.5,Cytoplasm,,0.5662000179290771,0.35519999265670776,0.17110000550746918,0.23569999635219574,0.40230000019073486,0.006300000008195639,0.26510000228881836,0.14550000429153442,0.164900004863739,0.025100000202655792
