Protein_ID,Localizations,Signals,Cytoplasm,Nucleus,Extracellular,Cell membrane,Mitochondrion,Plastid,Endoplasmic reticulum,Lysosome/Vacuole,Golgi apparatus,Peroxisome
ENST00000568830.1,Cytoplasm|Nucleus,Nuclear localization signal|Nuclear export signal,0.8116000294685364,0.5892000198364258,0.211899995803833,0.10949999839067459,0.5142999887466431,0.002400000113993883,0.26089999079704285,0.1200999990105629,0.2985000014305115,0.0843999981880188
ENST00000569524.5,Nucleus,,0.43880000710487366,0.531499981880188,0.21639999747276306,0.09719999879598618,0.4381999969482422,0.02250000089406967,0.038600001484155655,0.05490000173449516,0.05939999967813492,0.06790000200271606
ENST00000569842.5,Cytoplasm|Nucleus,Nuclear export signal,0.49639999866485596,0.5343999862670898,0.08590000122785568,0.16380000114440918,0.14569999277591705,0.020400000736117363,0.3073999881744385,0.35740000009536743,0.34880000352859497,0.03420000150799751
ENST00000569863.5,Cytoplasm|Nucleus,,0.5625,0.5239999890327454,0.06870000064373016,0.13109999895095825,0.2928999960422516,0.008299999870359898,0.23260000348091125,0.10840000212192535,0.23890000581741333,0.15809999406337738
ENST00000570143.5,Nucleus,,0.43880000710487366,0.531499981880188,0.21639999747276306,0.09719999879598618,0.4381999969482422,0.02250000089406967,0.038600001484155655,0.05490000173449516,0.05939999967813492,0.06790000200271606
ENST00000570833.5,Cytoplasm,,0.5723999738693237,0.2053000032901764,0.2476000040769577,0.3257000148296356,0.3199999928474426,0.036400001496076584,0.11240000277757645,0.20010000467300415,0.04230000078678131,0.007699999958276749
ENST00000570856.1,Nucleus,Nuclear localization signal,0.3919999897480011,0.6543999910354614,0.17630000412464142,0.21060000360012054,0.017100000753998756,0.007000000216066837,0.08739999681711197,0.23319999873638153,0.18209999799728394,0.07069999724626541
ENST00000571253.1,Nucleus,,0.4327999949455261,0.6841999888420105,0.12630000710487366,0.1200999990105629,0.4943999946117401,0.0027000000700354576,0.24950000643730164,0.07680000364780426,0.09769999980926514,0.07180000096559525
ENST00000571360.5,Extracellular,Signal peptide,0.07320000231266022,0.03519999980926514,0.8698999881744385,0.24459999799728394,0.04500000178813934,0.0005000000237487257,0.17389999330043793,0.3248000144958496,0.16140000522136688,0.0006000000284984708
ENST00000571418.7,Cytoplasm|Nucleus,Nuclear export signal,0.6837000250816345,0.5324000120162964,0.049300000071525574,0.12229999899864197,0.4343000054359436,0.0010999999940395355,0.16089999675750732,0.1281999945640564,0.2199999988079071,0.04520000144839287
ENST00000572048.1,Cytoplasm|Extracellular,,0.6053000092506409,0.21170000731945038,0.6345000267028809,0.1216999962925911,0.5067999958992004,0.010999999940395355,0.4032999873161316,0.1517000049352646,0.08990000188350677,0.2547000050544739
ENST00000572647.5,Nucleus,,0.4268999993801117,0.6262999773025513,0.23469999432563782,0.10279999673366547,0.11110000312328339,0.001500000013038516,0.05990000069141388,0.21950000524520874,0.12720000743865967,0.00570000009611249
ENST00000573078.5,Cytoplasm,,0.4681999981403351,0.4350999891757965,0.0843999981880188,0.2094999998807907,0.2517000138759613,0.014600000344216824,0.04129999876022339,0.023399999365210533,0.02800000086426735,0.41499999165534973
ENST00000573478.5,Cytoplasm|Nucleus,Nuclear localization signal,0.6590999960899353,0.5198000073432922,0.05530000105500221,0.1200999990105629,0.12630000710487366,0.028300000354647636,0.18070000410079956,0.09470000118017197,0.10670000314712524,0.08590000122785568
ENST00000573759.1,Nucleus,,0.46470001339912415,0.8041999936103821,0.013100000098347664,0.028699999675154686,0.2361000031232834,0.021199999377131462,0.07599999755620956,0.09229999780654907,0.1046999990940094,0.13510000705718994
ENST00000573763.1,Extracellular,Peroxisomal targeting signal,0.40119999647140503,0.2257000058889389,0.6396999955177307,0.2011999934911728,0.25679999589920044,0.41429999470710754,0.10949999839067459,0.19460000097751617,0.08910000324249268,0.45320001244544983
ENST00000573928.1,Cytoplasm,Nuclear localization signal,0.6797999739646912,0.4788999855518341,0.11150000244379044,0.24369999766349792,0.2655999958515167,0.0038999998942017555,0.2289000004529953,0.22709999978542328,0.1673000007867813,0.01759999990463257
ENST00000574099.1,Nucleus,Peroxisomal targeting signal,0.382999986410141,0.7652000188827515,0.5497999787330627,0.030899999663233757,0.3898000121116638,0.015799999237060547,0.2345999926328659,0.16500000655651093,0.19329999387264252,0.2815999984741211
ENST00000574575.2,Nucleus,Nuclear localization signal,0.38749998807907104,0.9355000257492065,0.13300000131130219,0.10580000281333923,0.04529999941587448,0.004900000058114529,0.020500000566244125,0.03420000150799751,0.026599999517202377,0.00559999980032444
ENST00000575061.2,Cytoplasm|Nucleus,Nuclear localization signal,0.6502000093460083,0.5343000292778015,0.10419999808073044,0.37689998745918274,0.186599999666214,0.010099999606609344,0.17080000042915344,0.19419999420642853,0.19429999589920044,0.019999999552965164
ENST00000575162.2,Cytoplasm|Nucleus,,0.5024999976158142,0.5580000281333923,0.5008000135421753,0.14159999787807465,0.5475000143051147,0.0017999999690800905,0.1242000013589859,0.08749999850988388,0.18039999902248383,0.18389999866485596
ENST00000576263.5,Cytoplasm|Nucleus,Nuclear localization signal,0.4846000075340271,0.7541999816894531,0.10930000245571136,0.17249999940395355,0.15070000290870667,0.008899999782443047,0.0843999981880188,0.19089999794960022,0.13760000467300415,0.027699999511241913
ENST00000576416.5,Nucleus,Nuclear localization signal,0.4311000108718872,0.8601999878883362,0.13179999589920044,0.13300000131130219,0.04740000143647194,0.00279999990016222,0.027400000020861626,0.08649999648332596,0.0551999993622303,0.010499999858438969
ENST00000576431.5,Cytoplasm|Nucleus,Nuclear localization signal|Nuclear export signal,0.5733000040054321,0.6291000247001648,0.12330000102519989,0.2948000133037567,0.23890000581741333,0.0017000000225380063,0.12200000137090683,0.18369999527931213,0.25600001215934753,0.01140000019222498
ENST00000576570.5,Cytoplasm|Mitochondrion,Peroxisomal targeting signal,0.5131999850273132,0.47450000047683716,0.46459999680519104,0.052400000393390656,0.6780999898910522,0.032499998807907104,0.04690000042319298,0.09459999948740005,0.16040000319480896,0.193900004029274
ENST00000576863.1,Cytoplasm|Nucleus,,0.5033000111579895,0.6960999965667725,0.314300000667572,0.10660000145435333,0.07410000264644623,0.0007999999797903001,0.03680000081658363,0.16619999706745148,0.0885000005364418,0.009499999694526196
ENST00000576988.1,Cytoplasm|Nucleus,,0.4884999990463257,0.7700999975204468,0.08309999853372574,0.07349999994039536,0.07739999890327454,0.002199999988079071,0.0925000011920929,0.1477999985218048,0.04639999940991402,0.1890999972820282
ENST00000577035.5,Nucleus,,0.4327999949455261,0.6841999888420105,0.12630000710487366,0.1200999990105629,0.4943999946117401,0.0027000000700354576,0.24950000643730164,0.07680000364780426,0.09769999980926514,0.07180000096559525
ENST00000577339.5,Cytoplasm,,0.5734000205993652,0.4431000053882599,0.08709999918937683,0.07989999651908875,0.12880000472068787,0.020899999886751175,0.11230000108480453,0.1378999948501587,0.16140000522136688,0.13619999587535858
ENST00000577495.5,Cytoplasm,,0.5471000075340271,0.30149999260902405,0.5733000040054321,0.14429999887943268,0.49380001425743103,0.019899999722838402,0.014100000262260437,0.06270000338554382,0.11919999867677689,0.056299999356269836
ENST00000577511.1,Cell membrane,Signal peptide|Transmembrane domain,0.26809999346733093,0.07660000026226044,0.249099999666214,0.8837000131607056,0.015799999237060547,0.004600000102072954,0.13249999284744263,0.3416999876499176,0.31619998812675476,0.41350001096725464
ENST00000578328.6,Cytoplasm|Nucleus,Nuclear export signal,0.7346000075340271,0.5102999806404114,0.04280000180006027,0.23360000550746918,0.13670000433921814,0.026900000870227814,0.1670999974012375,0.4648999869823456,0.21230000257492065,0.03790000081062317
ENST00000578590.1,Cytoplasm,Nuclear localization signal,0.883400022983551,0.19210000336170197,0.15760000050067902,0.3122999966144562,0.3382999897003174,0.1518000066280365,0.10050000250339508,0.07720000296831131,0.10869999974966049,0.2547999918460846
ENST00000579590.5,Cytoplasm,Mitochondrial transit peptide,0.7200999855995178,0.4528000056743622,0.13740000128746033,0.0414000004529953,0.4912000000476837,0.0017000000225380063,0.16369999945163727,0.08009999990463257,0.25780001282691956,0.00930000003427267
ENST00000579827.6,Cytoplasm,Nuclear export signal,0.7480999827384949,0.45579999685287476,0.06400000303983688,0.18770000338554382,0.1348000019788742,0.026399999856948853,0.10859999805688858,0.26089999079704285,0.21870000660419464,0.07020000368356705
ENST00000580212.6,Cytoplasm,Nuclear export signal,0.6291000247001648,0.3328000009059906,0.0885000005364418,0.3637999892234802,0.09830000251531601,0.006099999882280827,0.2184000015258789,0.3635999858379364,0.3328999876976013,0.059700001031160355
ENST00000580434.5,Cytoplasm|Nucleus,Nuclear export signal,0.6229000091552734,0.7689999938011169,0.15680000185966492,0.2572999894618988,0.05979999899864197,0.06300000101327896,0.14589999616146088,0.5479999780654907,0.21979999542236328,0.14010000228881836
ENST00000580445.5,Endoplasmic reticulum,Signal peptide|Transmembrane domain,0.19679999351501465,0.25209999084472656,0.18400000035762787,0.08789999783039093,0.20600000023841858,0.015799999237060547,0.7584999799728394,0.08959999680519104,0.39500001072883606,0.01600000075995922
ENST00000581202.5,Cytoplasm,Nuclear localization signal,0.7710999846458435,0.4805000126361847,0.028999999165534973,0.04650000110268593,0.5687999725341797,0.00419999985024333,0.1306000053882599,0.013000000268220901,0.05609999969601631,0.03530000150203705
ENST00000581977.7,Cytoplasm|Nucleus,Nuclear export signal,0.7443000078201294,0.5260000228881836,0.04450000077486038,0.219200000166893,0.1492999941110611,0.02419999986886978,0.2354000061750412,0.4555000066757202,0.2151000052690506,0.047600001096725464
ENST00000582585.1,Nucleus,,0.3763999938964844,0.4551999866962433,0.39320001006126404,0.05889999866485596,0.249099999666214,0.03739999979734421,0.24480000138282776,0.03519999980926514,0.07900000363588333,0.051500000059604645
ENST00000582593.1,Cytoplasm|Extracellular,,0.4961000084877014,0.4650000035762787,0.7215999960899353,0.09539999812841415,0.590399980545044,0.02280000038444996,0.24040000140666962,0.042899999767541885,0.10849999636411667,0.07760000228881836
ENST00000582907.5,Cytoplasm,,0.6162999868392944,0.4011000096797943,0.043800000101327896,0.10970000177621841,0.5054000020027161,0.00559999980032444,0.049800001084804535,0.037700001150369644,0.040699999779462814,0.07109999656677246
ENST00000584086.5,Cytoplasm,Nuclear localization signal,0.9021000266075134,0.28360000252723694,0.1525000035762787,0.21410000324249268,0.35100001096725464,0.09149999916553497,0.09229999780654907,0.041200000792741776,0.06499999761581421,0.2732999920845032
ENST00000584411.5,Cytoplasm,,0.5924000144004822,0.5012999773025513,0.2734000086784363,0.04699999839067459,0.2806999981403351,0.014700000174343586,0.18719999492168427,0.05079999938607216,0.19040000438690186,0.12700000405311584
ENST00000584602.1,Cytoplasm,,0.5163000226020813,0.36390000581741333,0.051500000059604645,0.07919999957084656,0.12710000574588776,0.052799999713897705,0.14659999310970306,0.558899998664856,0.22269999980926514,0.6718999743461609
ENST00000584797.5,Endoplasmic reticulum,Signal peptide|Transmembrane domain,0.337799996137619,0.2264000028371811,0.06560000032186508,0.22990000247955322,0.15889999270439148,0.0035000001080334187,0.8464000225067139,0.16259999573230743,0.26089999079704285,0.007000000216066837
ENST00000585034.5,Endoplasmic reticulum,Signal peptide|Transmembrane domain,0.25679999589920044,0.18219999969005585,0.043299999088048935,0.23190000653266907,0.14079999923706055,0.007499999832361937,0.8567000031471252,0.1145000010728836,0.2653999924659729,0.004100000020116568
ENST00000585436.5,Cytoplasm,Peroxisomal targeting signal,0.5957000255584717,0.45010000467300415,0.11670000106096268,0.06210000067949295,0.31790000200271606,0.01590000092983246,0.21459999680519104,0.1550000011920929,0.25380000472068787,0.2531000077724457
ENST00000585811.1,Cytoplasm,,0.7222999930381775,0.3025999963283539,0.11230000108480453,0.07609999924898148,0.49149999022483826,0.004000000189989805,0.3564000129699707,0.17579999566078186,0.18080000579357147,0.042899999767541885
ENST00000585909.1,Mitochondrion,,0.46799999475479126,0.24719999730587006,0.5347999930381775,0.20469999313354492,0.5498999953269958,0.05180000141263008,0.241799995303154,0.21140000224113464,0.22370000183582306,0.30000001192092896
ENST00000586157.2,Cytoplasm|Nucleus,Nuclear localization signal,0.7307000160217285,0.5795999765396118,0.08259999752044678,0.08609999716281891,0.07660000026226044,0.005200000014156103,0.1103999987244606,0.1500999927520752,0.18979999423027039,0.002099999925121665
ENST00000586366.5,Cell membrane|Endoplasmic reticulum|Lysosome/Vacuole,Transmembrane domain,0.11949999630451202,0.18080000579357147,0.039500001817941666,0.801800012588501,0.11969999969005585,0.008799999952316284,0.609000027179718,0.5990999937057495,0.6115000247955322,0.013399999588727951
ENST00000586672.5,Cell membrane,Transmembrane domain,0.125,0.14640000462532043,0.05810000002384186,0.8234999775886536,0.1354999989271164,0.005900000222027302,0.5931000113487244,0.5623999834060669,0.5788999795913696,0.01810000091791153
ENST00000586722.5,Cell membrane,Transmembrane domain,0.14489999413490295,0.17170000076293945,0.04820000007748604,0.8445000052452087,0.12680000066757202,0.012299999594688416,0.49790000915527344,0.5424000024795532,0.6450999975204468,0.012799999676644802
ENST00000586792.5,Mitochondrion,,0.4359000027179718,0.45879998803138733,0.4611000120639801,0.04800000041723251,0.7577999830245972,0.009200000204145908,0.022700000554323196,0.032600000500679016,0.04490000009536743,0.027400000020861626
ENST00000586836.5,Cytoplasm,Nuclear localization signal,0.7243000268936157,0.22789999842643738,0.022299999371170998,0.44940000772476196,0.10320000350475311,0.006000000052154064,0.062199998646974564,0.16680000722408295,0.19930000603199005,0.000699999975040555
ENST00000586916.6,Endoplasmic reticulum,Transmembrane domain,0.1143999993801117,0.2296999990940094,0.03139999881386757,0.13220000267028809,0.4553000032901764,0.05429999902844429,0.8173999786376953,0.1720000058412552,0.2257000058889389,0.08529999852180481
ENST00000587077.6,Cell membrane|Lysosome/Vacuole,Signal peptide|Transmembrane domain,0.21060000360012054,0.12219999730587006,0.3255999982357025,0.6115000247955322,0.03400000184774399,0.013500000350177288,0.48019999265670776,0.6442999839782715,0.4867999851703644,0.051899999380111694
ENST00000587133.1,Cytoplasm|Nucleus,Nuclear export signal,0.5097000002861023,0.5288000106811523,0.10589999705553055,0.07970000058412552,0.2937999963760376,0.0210999995470047,0.31049999594688416,0.3156000077724457,0.3353999853134155,0.1023000031709671
ENST00000587161.5,Nucleus,,0.3853999972343445,0.6899999976158142,0.5458999872207642,0.08299999684095383,0.22789999842643738,0.050700001418590546,0.0551999993622303,0.019899999722838402,0.03750000149011612,0.03500000014901161
ENST00000587262.1,Cytoplasm,Nuclear export signal,0.6118999719619751,0.47859999537467957,0.09449999779462814,0.10329999774694443,0.24199999868869781,0.042100001126527786,0.2815999984741211,0.5127999782562256,0.4032000005245209,0.04410000145435333
ENST00000587515.5,Cytoplasm|Nucleus,Nuclear localization signal|Nuclear export signal,0.5378999710083008,0.6570000052452087,0.07829999923706055,0.16779999434947968,0.10849999636411667,0.007499999832361937,0.09049999713897705,0.09740000218153,0.13330000638961792,0.042500000447034836
ENST00000587805.1,Cytoplasm|Golgi apparatus,Nuclear export signal|Peroxisomal targeting signal,0.6638000011444092,0.2614000141620636,0.0934000015258789,0.2037000060081482,0.1696999967098236,0.014700000174343586,0.43529999256134033,0.5052000284194946,0.6836000084877014,0.5023999810218811
ENST00000588146.1,Nucleus,,0.3050999939441681,0.720300018787384,0.3837999999523163,0.12229999899864197,0.014399999752640724,0.04019999876618385,0.024399999529123306,0.043699998408555984,0.04019999876618385,0.00570000009611249
ENST00000588176.5,Peroxisome,,0.43950000405311584,0.2980000078678131,0.0421999990940094,0.2815000116825104,0.05829999968409538,0.07699999958276749,0.10660000145435333,0.07769999653100967,0.05550000071525574,0.44620001316070557
ENST00000588600.1,Nucleus,,0.4699000120162964,0.5723000168800354,0.2736000120639801,0.13750000298023224,0.5436999797821045,0.016100000590085983,0.09679999947547913,0.023900000378489494,0.03420000150799751,0.009399999864399433
ENST00000588649.7,Mitochondrion,Mitochondrial transit peptide,0.17949999868869781,0.19300000369548798,0.00989999994635582,0.07079999893903732,0.9476000070571899,0.007199999876320362,0.05999999865889549,0.05480000004172325,0.04500000178813934,0.01899999938905239
ENST00000588759.1,Cytoplasm|Nucleus,,0.492000013589859,0.661899983882904,0.06379999965429306,0.16380000114440918,0.09600000083446503,0.0066999997943639755,0.120899997651577,0.11010000109672546,0.17839999496936798,0.032600000500679016
ENST00000588934.5,Cytoplasm,,0.6274999976158142,0.388700008392334,0.09109999984502792,0.047600001096725464,0.3140999972820282,0.002899999963119626,0.21529999375343323,0.3179999887943268,0.47920000553131104,0.06719999760389328
ENST00000589117.5,Nucleus,Nuclear localization signal,0.32580000162124634,0.7142000198364258,0.056299999356269836,0.13429999351501465,0.016499999910593033,0.057100001722574234,0.07000000029802322,0.07329999655485153,0.05460000038146973,0.005400000140070915
ENST00000589165.5,Nucleus,Nuclear export signal,0.4140999913215637,0.8113999962806702,0.04010000079870224,0.04859999939799309,0.2029999941587448,0.0210999995470047,0.05609999969601631,0.1005999967455864,0.09510000050067902,0.01720000058412552
ENST00000589326.5,Cytoplasm,Nuclear export signal,0.7610999941825867,0.3034000098705292,0.08320000022649765,0.29120001196861267,0.21699999272823334,0.03689999878406525,0.30469998717308044,0.3537999987602234,0.35580000281333923,0.03840000182390213
ENST00000589381.5,Cytoplasm|Nucleus,Nuclear localization signal,0.5235999822616577,0.7835000157356262,0.03449999913573265,0.05400000140070915,0.31369999051094055,0.007600000128149986,0.1006999984383583,0.07270000129938126,0.03959999978542328,0.003700000001117587
ENST00000590370.5,Endoplasmic reticulum,Signal peptide|Transmembrane domain,0.12759999930858612,0.16680000722408295,0.04410000145435333,0.15690000355243683,0.3734999895095825,0.05380000174045563,0.6917999982833862,0.11349999904632568,0.1754000037908554,0.12039999663829803
ENST00000590477.5,Endoplasmic reticulum,,0.4255000054836273,0.3993000090122223,0.0430000014603138,0.26030001044273376,0.33399999141693115,0.013000000268220901,0.4699999988079071,0.11420000344514847,0.2872999906539917,0.026399999856948853
ENST00000590588.5,Nucleus,Nuclear localization signal,0.36579999327659607,0.7279000282287598,0.13259999454021454,0.11029999703168869,0.05460000038146973,0.012799999676644802,0.039900001138448715,0.12070000171661377,0.06120000034570694,0.01979999989271164
ENST00000590893.5,Cytoplasm|Nucleus,,0.5916000008583069,0.6281999945640564,0.21140000224113464,0.13689999282360077,0.28949999809265137,0.015599999576807022,0.16179999709129333,0.03790000081062317,0.10019999742507935,0.012000000104308128
ENST00000590958.5,Cytoplasm,,0.7469000220298767,0.3312000036239624,0.09989999979734421,0.13689999282360077,0.4009000062942505,0.01080000028014183,0.26019999384880066,0.18559999763965607,0.3495999872684479,0.2809999883174896
ENST00000591179.5,Cytoplasm,Nuclear localization signal,0.7211999893188477,0.23389999568462372,0.02370000071823597,0.4334999918937683,0.08649999648332596,0.004600000102072954,0.07419999688863754,0.13979999721050262,0.19220000505447388,0.0013000000035390258
ENST00000591409.5,Cytoplasm|Nucleus,,0.49889999628067017,0.6003999710083008,0.07029999792575836,0.023900000378489494,0.1225999966263771,0.00860000029206276,0.3174000084400177,0.3749000132083893,0.38199999928474426,0.02199999988079071
ENST00000591585.1,Cytoplasm|Nucleus,Nuclear localization signal,0.5582000017166138,0.6941999793052673,0.21549999713897705,0.14880000054836273,0.1923000067472458,0.0017000000225380063,0.09560000151395798,0.17710000276565552,0.24500000476837158,0.01640000008046627
ENST00000591625.5,Cytoplasm,,0.6227999925613403,0.46160000562667847,0.36039999127388,0.06759999692440033,0.5781999826431274,0.0012000000569969416,0.05469999834895134,0.08330000191926956,0.14190000295639038,0.06769999861717224
ENST00000591710.5,Nucleus,Nuclear localization signal,0.32710000872612,0.7056999802589417,0.2199999988079071,0.15060000121593475,0.03660000115633011,0.01209999993443489,0.055799998342990875,0.06679999828338623,0.054099999368190765,0.005499999970197678
ENST00000591779.5,Cytoplasm|Nucleus,Nuclear localization signal|Nuclear export signal,0.754800021648407,0.5455999970436096,0.047200001776218414,0.21220000088214874,0.2556000053882599,0.05090000107884407,0.2766000032424927,0.1656000018119812,0.14480000734329224,0.03480000048875809
ENST00000591811.1,Cytoplasm,,0.5662999749183655,0.4465000033378601,0.22779999673366547,0.16120000183582306,0.31679999828338623,0.03530000150203705,0.04830000177025795,0.00989999994635582,0.025200000032782555,0.044599998742341995
ENST00000591844.5,Nucleus,,0.3635999858379364,0.7610999941825867,0.1729000061750412,0.07989999651908875,0.10490000247955322,0.008200000040233135,0.1071000024676323,0.1662999987602234,0.1965000033378601,0.014999999664723873
ENST00000592033.5,Cytoplasm,,0.5662999749183655,0.4465000033378601,0.22779999673366547,0.16120000183582306,0.31679999828338623,0.03530000150203705,0.04830000177025795,0.00989999994635582,0.025200000032782555,0.044599998742341995
ENST00000592083.5,Nucleus,,0.3950999975204468,0.8016999959945679,0.03709999844431877,0.04839999973773956,0.21240000426769257,0.027699999511241913,0.041999999433755875,0.07349999994039536,0.10700000077486038,0.015799999237060547
ENST00000592160.5,Nucleus,,0.3012999892234802,0.635200023651123,0.09799999743700027,0.1738000065088272,0.05860000103712082,0.013700000010430813,0.03849999979138374,0.0949999988079071,0.06629999727010727,0.03500000014901161
ENST00000592490.5,Mitochondrion,,0.46810001134872437,0.4577000141143799,0.2800999879837036,0.03970000147819519,0.5569000244140625,0.010700000450015068,0.09449999779462814,0.03909999877214432,0.15729999542236328,0.13079999387264252
ENST00000592789.5,Extracellular,Signal peptide,0.1039000004529953,0.042500000447034836,0.8669000267982483,0.2662999927997589,0.04520000144839287,0.0005000000237487257,0.5338000059127808,0.24230000376701355,0.4115000069141388,0.0008999999845400453
ENST00000592863.2,Nucleus,,0.3853999972343445,0.5005999803543091,0.35190001130104065,0.061000000685453415,0.2906000018119812,0.019500000402331352,0.06499999761581421,0.016599999740719795,0.0478999987244606,0.0471000000834465
ENST00000593500.1,Nucleus,Nuclear localization signal,0.22499999403953552,0.9388999938964844,0.04899999871850014,0.11729999631643295,0.11710000038146973,0.0035000001080334187,0.024399999529123306,0.04149999842047691,0.04879999905824661,0.00139999995008111
ENST00000594064.5,Nucleus,Nuclear localization signal,0.4115000069141388,0.7736999988555908,0.07859999686479568,0.14480000734329224,0.21089999377727509,0.0034000000450760126,0.08380000293254852,0.1485999971628189,0.14319999516010284,0.013799999840557575
ENST00000594180.1,Nucleus|Mitochondrion,,0.3788999915122986,0.5024999976158142,0.2583000063896179,0.039400000125169754,0.7141000032424927,0.016699999570846558,0.09470000118017197,0.03240000084042549,0.039500001817941666,0.011300000362098217
ENST00000594384.5,Nucleus,Nuclear localization signal,0.2930000126361847,0.7092999815940857,0.305400013923645,0.17020000517368317,0.07720000296831131,0.0012000000569969416,0.06069999933242798,0.15209999680519104,0.11209999769926071,0.007199999876320362
ENST00000594658.5,Cytoplasm|Nucleus,Nuclear localization signal|Nuclear export signal,0.642300009727478,0.7046999931335449,0.02930000051856041,0.21580000221729279,0.05480000004172325,0.006300000008195639,0.06620000302791595,0.11020000278949738,0.07479999959468842,0.00930000003427267
ENST00000594991.5,Cell membrane,Transmembrane domain,0.20679999887943268,0.06800000369548798,0.05820000171661377,0.8913000226020813,0.3578000068664551,0.010700000450015068,0.2085999995470047,0.3939000070095062,0.11100000143051147,0.05270000174641609
ENST00000594999.1,Mitochondrion,Mitochondrial transit peptide,0.10199999809265137,0.10719999670982361,0.06970000267028809,0.02160000056028366,0.8942999839782715,0.0038999998942017555,0.06019999831914902,0.014299999922513962,0.02979999966919422,0.04089999943971634
ENST00000595068.5,Nucleus,Nuclear localization signal|Nuclear export signal,0.38449999690055847,0.8177000284194946,0.04170000180602074,0.15209999680519104,0.11259999871253967,0.0027000000700354576,0.06889999657869339,0.1656000018119812,0.11500000208616257,0.0032999999821186066
ENST00000595142.5,Cytoplasm,,0.5558000206947327,0.3921999931335449,0.24070000648498535,0.0714000016450882,0.446399986743927,0.08799999952316284,0.15950000286102295,0.05950000137090683,0.08219999819993973,0.2542000114917755
ENST00000595213.1,Cytoplasm,Peroxisomal targeting signal,0.5041999816894531,0.3479999899864197,0.4171000123023987,0.04399999976158142,0.4415999948978424,0.0478999987244606,0.06989999860525131,0.03539999946951866,0.08169999718666077,0.262800008058548
ENST00000595444.1,Mitochondrion,Mitochondrial transit peptide,0.18770000338554382,0.11819999665021896,0.1281999945640564,0.04490000009536743,0.822700023651123,0.006500000134110451,0.08879999816417694,0.014299999922513962,0.06830000132322311,0.0551999993622303
ENST00000595763.1,Cytoplasm,,0.5181000232696533,0.44020000100135803,0.23029999434947968,0.060100000351667404,0.4952000081539154,0.006399999838322401,0.13660000264644623,0.05510000139474869,0.07590000331401825,0.0019000000320374966
ENST00000595962.6,Nucleus,Nuclear localization signal,0.3578000068664551,0.6948000192642212,0.0771000012755394,0.2378000020980835,0.03500000014901161,0.016699999570846558,0.11330000311136246,0.1437000036239624,0.09260000288486481,0.001500000013038516
ENST00000595981.5,Nucleus,Nuclear localization signal|Nuclear export signal,0.3562000095844269,0.7376000285148621,0.10760000348091125,0.22540000081062317,0.04830000177025795,0.006800000090152025,0.053700000047683716,0.1340000033378601,0.13099999725818634,0.016200000420212746
ENST00000596297.1,Cytoplasm|Nucleus,Nuclear export signal,0.48980000615119934,0.7700999975204468,0.10779999941587448,0.07779999822378159,0.19689999520778656,0.0019000000320374966,0.14910000562667847,0.08030000329017639,0.2590000033378601,0.07410000264644623
ENST00000596677.5,Nucleus,Nuclear localization signal,0.2653000056743622,0.7664999961853027,0.21320000290870667,0.15549999475479126,0.07840000092983246,0.0010000000474974513,0.06930000334978104,0.16220000386238098,0.10580000281333923,0.007699999958276749
ENST00000596929.5,Nucleus,Nuclear localization signal,0.4544000029563904,0.866599977016449,0.11309999972581863,0.031099999323487282,0.0430000014603138,0.006899999920278788,0.016699999570846558,0.03370000049471855,0.038100000470876694,0.007199999876320362
ENST00000597240.5,Nucleus,Nuclear localization signal,0.38019999861717224,0.7519999742507935,0.09080000221729279,0.16050000488758087,0.04809999838471413,0.004100000020116568,0.05130000039935112,0.11299999803304672,0.10360000282526016,0.013100000098347664
ENST00000598016.5,Cytoplasm|Nucleus,Nuclear localization signal,0.565500020980835,0.5708000063896179,0.20649999380111694,0.1225999966263771,0.07940000295639038,0.010999999940395355,0.12330000102519989,0.10559999942779541,0.19210000336170197,0.002099999925121665
ENST00000599227.5,Nucleus,Nuclear localization signal,0.2930000126361847,0.7092999815940857,0.305400013923645,0.17020000517368317,0.07720000296831131,0.0012000000569969416,0.06069999933242798,0.15209999680519104,0.11209999769926071,0.007199999876320362
ENST00000599385.5,Nucleus,Nuclear localization signal,0.22499999403953552,0.9388999938964844,0.04899999871850014,0.11729999631643295,0.11710000038146973,0.0035000001080334187,0.024399999529123306,0.04149999842047691,0.04879999905824661,0.00139999995008111
ENST00000599389.1,Cell membrane,Signal peptide,0.25040000677108765,0.06729999929666519,0.4221999943256378,0.8646000027656555,0.038600001484155655,0.0019000000320374966,0.2003999948501587,0.25279998779296875,0.25459998846054077,0.039000000804662704
ENST00000600044.5,Nucleus,Nuclear localization signal,0.30889999866485596,0.7202000021934509,0.052799999713897705,0.19910000264644623,0.04430000111460686,0.024299999698996544,0.10429999977350235,0.14830000698566437,0.06270000338554382,0.006500000134110451
ENST00000601724.5,Cytoplasm|Nucleus,,0.5562999844551086,0.6557999849319458,0.20669999718666077,0.11819999665021896,0.3587000072002411,0.10459999740123749,0.1193000003695488,0.025299999862909317,0.041200000792741776,0.1462000012397766
ENST00000601916.1,Cytoplasm|Nucleus,Nuclear export signal,0.6201000213623047,0.6970000267028809,0.03180000185966492,0.2214999943971634,0.06310000270605087,0.006200000178068876,0.08290000259876251,0.14579999446868896,0.08649999648332596,0.010400000028312206
ENST00000602117.1,Lysosome/Vacuole,Signal peptide|Transmembrane domain,0.16859999299049377,0.13349999487400055,0.0284000001847744,0.5491999983787537,0.1395999938249588,0.03629999980330467,0.5623999834060669,0.675000011920929,0.5016999840736389,0.016300000250339508
ENST00000602624.7,Endoplasmic reticulum,Signal peptide,0.18629999458789825,0.09709999710321426,0.04259999841451645,0.2282000035047531,0.06889999657869339,0.007699999958276749,0.8920000195503235,0.445499986410141,0.5719000101089478,0.010999999940395355
ENST00000603548.6,Nucleus,Nuclear localization signal|Nuclear export signal,0.43639999628067017,0.83160001039505,0.0272000003606081,0.2054000049829483,0.1331000030040741,0.021400000900030136,0.10970000177621841,0.17800000309944153,0.1501999944448471,0.021700000390410423
ENST00000603841.1,Nucleus,Nuclear localization signal|Nuclear export signal,0.43639999628067017,0.83160001039505,0.0272000003606081,0.2054000049829483,0.1331000030040741,0.021400000900030136,0.10970000177621841,0.17800000309944153,0.1501999944448471,0.021700000390410423
ENST00000604957.1,Cytoplasm,Nuclear localization signal,0.661899983882904,0.3725999891757965,0.07100000232458115,0.4309999942779541,0.08349999785423279,0.02449999935925007,0.4787999987602234,0.0737999975681305,0.20489999651908875,0.00930000003427267
ENST00000606162.6,Mitochondrion|Endoplasmic reticulum,Mitochondrial transit peptide,0.30090001225471497,0.17270000278949738,0.2734000086784363,0.1875,0.7163000106811523,0.1615999937057495,0.7488999962806702,0.1282999962568283,0.17810000479221344,0.053599998354911804
ENST00000608083.5,Cytoplasm|Nucleus,Nuclear export signal,0.6585000157356262,0.5702999830245972,0.030799999833106995,0.1784999966621399,0.26499998569488525,0.007699999958276749,0.2386000007390976,0.15029999613761902,0.14980000257492065,0.03739999979734421
ENST00000608872.6,Cytoplasm,Nuclear export signal,0.6963000297546387,0.4049000144004822,0.013500000350177288,0.1265999972820282,0.33889999985694885,0.0038999998942017555,0.26759999990463257,0.32749998569488525,0.29120001196861267,0.00860000029206276
ENST00000608999.6,Cytoplasm,Nuclear localization signal,0.7102000117301941,0.313400000333786,0.09279999881982803,0.400299996137619,0.08129999786615372,0.012199999764561653,0.11949999630451202,0.16859999299049377,0.3158999979496002,0.007499999832361937
ENST00000609454.5,Cytoplasm,,0.6495000123977661,0.4625999927520752,0.24729999899864197,0.12530000507831573,0.32120001316070557,0.00430000014603138,0.12229999899864197,0.22830000519752502,0.41359999775886536,0.028200000524520874
ENST00000610402.5,Cytoplasm|Lysosome/Vacuole,Nuclear export signal,0.5792999863624573,0.2768999934196472,0.05380000174045563,0.4253000020980835,0.131400004029274,0.00989999994635582,0.34380000829696655,0.5888000130653381,0.6270999908447266,0.04390000179409981
ENST00000610420.4,Cytoplasm|Nucleus,Nuclear export signal,0.8313000202178955,0.527899980545044,0.02879999950528145,0.14380000531673431,0.2858000099658966,0.03929999843239784,0.10170000046491623,0.09640000015497208,0.06080000102519989,0.09700000286102295
ENST00000610556.4,Cytoplasm,Nuclear localization signal,0.7896000146865845,0.3046000003814697,0.08429999649524689,0.4327999949455261,0.16210000216960907,0.02329999953508377,0.11150000244379044,0.08529999852180481,0.12489999830722809,0.006399999838322401
ENST00000610745.5,Endoplasmic reticulum,Signal peptide|Transmembrane domain,0.10559999942779541,0.05939999967813492,0.08540000021457672,0.1965000033378601,0.3937000036239624,0.20999999344348907,0.8373000025749207,0.11800000071525574,0.1445000022649765,0.47029998898506165
ENST00000611091.5,Nucleus,,0.46470001339912415,0.8041999936103821,0.013100000098347664,0.028699999675154686,0.2361000031232834,0.021199999377131462,0.07599999755620956,0.09229999780654907,0.1046999990940094,0.13510000705718994
ENST00000611590.2,Cell membrane,Signal peptide|Transmembrane domain,0.1597999930381775,0.07320000231266022,0.15320000052452087,0.8062000274658203,0.05739999935030937,0.009200000204145908,0.3172000050544739,0.5435000061988831,0.5723999738693237,0.012500000186264515
ENST00000611712.4,Nucleus,Nuclear localization signal,0.3285999894142151,0.8507999777793884,0.013000000268220901,0.046799998730421066,0.09099999815225601,0.026100000366568565,0.01889999955892563,0.04089999943971634,0.025800000876188278,0.0008999999845400453
ENST00000611854.4,Nucleus,,0.47119998931884766,0.6295999884605408,0.09229999780654907,0.10490000247955322,0.1517000049352646,0.03350000083446503,0.06669999659061432,0.04500000178813934,0.06199999898672104,0.0478999987244606
ENST00000611976.1,Cytoplasm|Cell membrane,Nuclear localization signal,0.6521999835968018,0.3386000096797943,0.06650000065565109,0.6195999979972839,0.18369999527931213,0.01590000092983246,0.18410000205039978,0.4345000088214874,0.34599998593330383,0.008999999612569809
ENST00000612117.4,Cytoplasm|Cell membrane,Nuclear localization signal,0.6297000050544739,0.2644999921321869,0.1386999934911728,0.5746999979019165,0.2305999994277954,0.01080000028014183,0.19859999418258667,0.3409000039100647,0.3630000054836273,0.006399999838322401
ENST00000612133.4,Cytoplasm|Cell membrane,Nuclear localization signal|Nuclear export signal,0.6037999987602234,0.26669999957084656,0.03060000017285347,0.7307000160217285,0.2168000042438507,0.02419999986886978,0.30000001192092896,0.3125,0.5042999982833862,0.0035000001080334187
ENST00000612753.5,Cytoplasm,Nuclear export signal,0.6876999735832214,0.4611999988555908,0.039000000804662704,0.2612000107765198,0.11129999905824661,0.005900000222027302,0.1988999992609024,0.5584999918937683,0.4977000057697296,0.050200000405311584
ENST00000612809.4,Nucleus,,0.47119998931884766,0.6295999884605408,0.09229999780654907,0.10490000247955322,0.1517000049352646,0.03350000083446503,0.06669999659061432,0.04500000178813934,0.06199999898672104,0.0478999987244606
ENST00000613405.4,Cytoplasm,Nuclear export signal,0.7423999905586243,0.3531000018119812,0.03709999844431877,0.3082999885082245,0.20270000398159027,0.011300000362098217,0.0957999974489212,0.3700999915599823,0.31610000133514404,0.017400000244379044
ENST00000613507.4,Cytoplasm,Nuclear export signal,0.6435999870300293,0.271699994802475,0.05939999967813492,0.5164999961853027,0.12380000203847885,0.0406000018119812,0.2996000051498413,0.4810999929904938,0.41780000925064087,0.019099999219179153
ENST00000614357.4,Cytoplasm,Nuclear export signal,0.7062000036239624,0.28220000863075256,0.03460000082850456,0.19820000231266022,0.4478999972343445,0.0020000000949949026,0.14350000023841858,0.1428000032901764,0.20239999890327454,0.03779999911785126
ENST00000614386.1,Cytoplasm|Nucleus,Nuclear export signal,0.5105000138282776,0.6258000135421753,0.16290000081062317,0.16609999537467957,0.2606000006198883,0.01590000092983246,0.19009999930858612,0.2524000108242035,0.2856999933719635,0.0478999987244606
ENST00000614445.5,Mitochondrion,Transmembrane domain,0.24979999661445618,0.07959999889135361,0.14830000698566437,0.06859999895095825,0.832099974155426,0.05999999865889549,0.328000009059906,0.20659999549388885,0.3666999936103821,0.045099999755620956
ENST00000614462.4,Cytoplasm|Nucleus,,0.5932000279426575,0.6909000277519226,0.16019999980926514,0.11890000104904175,0.09279999881982803,0.022099999710917473,0.10360000282526016,0.03220000118017197,0.03840000182390213,0.08640000224113464
ENST00000614526.2,Nucleus,Nuclear localization signal,0.33329999446868896,0.847100019454956,0.010499999858438969,0.04450000077486038,0.0851999968290329,0.029600000008940697,0.019099999219179153,0.03739999979734421,0.028200000524520874,0.0007999999797903001
ENST00000614574.4,Cytoplasm,Nuclear export signal,0.6467000246047974,0.4602999985218048,0.4406000077724457,0.2053000032901764,0.17880000174045563,0.012900000438094139,0.1859000027179718,0.2563999891281128,0.3343000113964081,0.21089999377727509
ENST00000614600.4,Cytoplasm,Nuclear export signal,0.5386000275611877,0.26669999957084656,0.04259999841451645,0.48989999294281006,0.13779999315738678,0.016100000590085983,0.3537999987602234,0.5249000191688538,0.5831000208854675,0.11779999732971191
ENST00000614624.4,Cytoplasm|Nucleus,,0.5685999989509583,0.6395999789237976,0.0551999993622303,0.03869999945163727,0.11309999972581863,0.005799999926239252,0.33009999990463257,0.17100000381469727,0.3488999903202057,0.013899999670684338
ENST00000614890.4,Cytoplasm|Nucleus,Nuclear export signal,0.6448000073432922,0.5656999945640564,0.09690000116825104,0.12470000237226486,0.46810001134872437,0.008799999952316284,0.3208000063896179,0.13860000669956207,0.1873999983072281,0.01730000041425228
ENST00000615084.4,Cytoplasm|Nucleus,Nuclear export signal,0.5386999845504761,0.5676000118255615,0.009200000204145908,0.18459999561309814,0.14419999718666077,0.004699999932199717,0.20180000364780426,0.18870000541210175,0.13619999587535858,0.42320001125335693
ENST00000615277.5,Cytoplasm,Nuclear export signal,0.6944000124931335,0.4291999936103821,0.048900000751018524,0.5126000046730042,0.12559999525547028,0.02800000086426735,0.3052000105381012,0.5131000280380249,0.23520000278949738,0.03720000013709068
ENST00000615911.4,Cytoplasm|Nucleus,,0.4943000078201294,0.7670999765396118,0.1550000011920929,0.13349999487400055,0.12890000641345978,0.006500000134110451,0.14720000326633453,0.10409999638795853,0.32249999046325684,0.01769999973475933
ENST00000616003.5,Cytoplasm,Nuclear export signal,0.7113000154495239,0.27399998903274536,0.11219999939203262,0.12030000239610672,0.16439999639987946,0.0044999998062849045,0.20080000162124634,0.5511000156402588,0.5893999934196472,0.13050000369548798
ENST00000616622.1,Cytoplasm,Nuclear export signal,0.7013000249862671,0.2818000018596649,0.06880000233650208,0.45489999651908875,0.1509000062942505,0.0044999998062849045,0.15219999849796295,0.38089999556541443,0.2736000120639801,0.03669999912381172
ENST00000616738.4,Cell membrane,Signal peptide|Transmembrane domain,0.27489998936653137,0.14640000462532043,0.21040000021457672,0.7648000121116638,0.04699999839067459,0.012400000356137753,0.32409998774528503,0.5271999835968018,0.4372999966144562,0.0820000022649765
ENST00000617389.4,Cytoplasm|Nucleus,Nuclear export signal,0.5386999845504761,0.5676000118255615,0.009200000204145908,0.18459999561309814,0.14419999718666077,0.004699999932199717,0.20180000364780426,0.18870000541210175,0.13619999587535858,0.42320001125335693
ENST00000617695.5,Extracellular,Signal peptide,0.186599999666214,0.13410000503063202,0.6588000059127808,0.424699991941452,0.11599999666213989,0.002400000113993883,0.1979999989271164,0.27900001406669617,0.0885000005364418,0.0044999998062849045
ENST00000617874.5,Mitochondrion,Transmembrane domain,0.24979999661445618,0.07959999889135361,0.14830000698566437,0.06859999895095825,0.832099974155426,0.05999999865889549,0.328000009059906,0.20659999549388885,0.3666999936103821,0.045099999755620956
ENST00000618236.2,Cell membrane,Transmembrane domain,0.16760000586509705,0.08550000190734863,0.14659999310970306,0.871999979019165,0.15479999780654907,0.006300000008195639,0.3921000063419342,0.48030000925064087,0.33660000562667847,0.019099999219179153
ENST00000618336.4,Cell membrane|Lysosome/Vacuole,Signal peptide|Transmembrane domain,0.2151000052690506,0.06350000202655792,0.3700000047683716,0.8353000283241272,0.03200000151991844,0.014299999922513962,0.3411000072956085,0.6212000250816345,0.46160000562667847,0.04769999906420708
ENST00000618372.4,Extracellular,Signal peptide,0.1039000004529953,0.042500000447034836,0.8669000267982483,0.2662999927997589,0.04520000144839287,0.0005000000237487257,0.5338000059127808,0.24230000376701355,0.4115000069141388,0.0008999999845400453
ENST00000618385.1,Nucleus,,0.4693000018596649,0.5454999804496765,0.2460000067949295,0.02250000089406967,0.491100013256073,0.03480000048875809,0.0608999989926815,0.011599999852478504,0.06520000100135803,0.08259999752044678
ENST00000618897.4,Cytoplasm,,0.7578999996185303,0.38190001249313354,0.037300001829862595,0.1467999964952469,0.3361000120639801,0.0364999994635582,0.262800008058548,0.12890000641345978,0.10010000318288803,0.20190000534057617
ENST00000619447.4,Cytoplasm,,0.6531999707221985,0.3962000012397766,0.4415000081062317,0.2953000068664551,0.18459999561309814,0.007799999788403511,0.14509999752044678,0.09260000288486481,0.09399999678134918,0.01640000008046627
ENST00000619527.4,Cell membrane,Signal peptide|Transmembrane domain,0.21660000085830688,0.11540000140666962,0.2362000048160553,0.875,0.029999999329447746,0.01720000058412552,0.25690001249313354,0.4226999878883362,0.3353999853134155,0.11169999837875366
ENST00000619564.3,Extracellular,Signal peptide,0.08760000020265579,0.06930000334978104,0.9200999736785889,0.3427000045776367,0.048700001090765,0.002199999988079071,0.23440000414848328,0.12849999964237213,0.210999995470047,0.0020000000949949026
ENST00000619594.5,Nucleus,,0.47119998931884766,0.6295999884605408,0.09229999780654907,0.10490000247955322,0.1517000049352646,0.03350000083446503,0.06669999659061432,0.04500000178813934,0.06199999898672104,0.0478999987244606
ENST00000619644.5,Cytoplasm,Nuclear localization signal|Nuclear export signal,0.7351999878883362,0.3059999942779541,0.10869999974966049,0.545199990272522,0.16030000150203705,0.012199999764561653,0.15729999542236328,0.25619998574256897,0.3203999996185303,0.03200000151991844
ENST00000619706.5,Nucleus,Nuclear localization signal,0.26159998774528503,0.9126999974250793,0.010400000028312206,0.06379999965429306,0.07540000230073929,0.022199999541044235,0.026599999517202377,0.03830000013113022,0.023399999365210533,0.07739999890327454
ENST00000619799.4,Extracellular,Signal peptide,0.1039000004529953,0.042500000447034836,0.8669000267982483,0.2662999927997589,0.04520000144839287,0.0005000000237487257,0.5338000059127808,0.24230000376701355,0.4115000069141388,0.0008999999845400453
ENST00000620260.6,Cytoplasm,Nuclear export signal,0.6424000263214111,0.35280001163482666,0.0560000017285347,0.5347999930381775,0.18459999561309814,0.012400000356137753,0.2093999981880188,0.46459999680519104,0.43059998750686646,0.01510000042617321
ENST00000620350.5,Cytoplasm|Nucleus,Nuclear export signal,0.7218000292778015,0.527999997138977,0.03539999946951866,0.09610000252723694,0.14640000462532043,0.013700000010430813,0.13609999418258667,0.21080000698566437,0.23549999296665192,0.007300000172108412
ENST00000620739.4,Nucleus,Nuclear localization signal,0.3499999940395355,0.9222999811172485,0.057999998331069946,0.14409999549388885,0.08330000191926956,0.0031999999191612005,0.04230000078678131,0.044199999421834946,0.03460000082850456,0.0034000000450760126
ENST00000621525.4,Cytoplasm,Nuclear localization signal,0.7099000215530396,0.30329999327659607,0.13650000095367432,0.4097000062465668,0.14579999446868896,0.008999999612569809,0.2143000066280365,0.09730000048875809,0.08550000190734863,0.019700000062584877
ENST00000621536.4,Cytoplasm,,0.6531999707221985,0.3962000012397766,0.4415000081062317,0.2953000068664551,0.18459999561309814,0.007799999788403511,0.14509999752044678,0.09260000288486481,0.09399999678134918,0.01640000008046627
ENST00000621846.4,Cytoplasm,Nuclear export signal,0.8701000213623047,0.3176000118255615,0.1565999984741211,0.1266999989748001,0.35530000925064087,0.08760000020265579,0.34369999170303345,0.4494999945163727,0.20239999890327454,0.1404999941587448
ENST00000621914.4,Cytoplasm|Lysosome/Vacuole,Nuclear export signal,0.5823000073432922,0.2791999876499176,0.054499998688697815,0.4223000109195709,0.13189999759197235,0.009800000116229057,0.33820000290870667,0.5882999897003174,0.6344000101089478,0.04670000076293945
ENST00000622142.5,Nucleus,Nuclear localization signal,0.2799000144004822,0.8787999749183655,0.04479999840259552,0.14489999413490295,0.10970000177621841,0.004900000058114529,0.09000000357627869,0.05860000103712082,0.053700000047683716,0.004100000020116568
ENST00000622237.4,Extracellular,Signal peptide,0.10909999907016754,0.04410000145435333,0.8709999918937683,0.24330000579357147,0.05920000001788139,0.00039999998989515007,0.48649999499320984,0.2655999958515167,0.38749998807907104,0.001500000013038516
ENST00000622476.4,Nucleus,Nuclear export signal,0.36980000138282776,0.7682999968528748,0.023099999874830246,0.1071000024676323,0.17679999768733978,0.013100000098347664,0.05090000107884407,0.0794999971985817,0.1193000003695488,0.024900000542402267
ENST00000622878.4,Nucleus,Nuclear localization signal,0.2484000027179718,0.9176999926567078,0.3303000032901764,0.045099999755620956,0.08169999718666077,0.011300000362098217,0.025699999183416367,0.006200000178068876,0.01119999960064888,0.006200000178068876
ENST00000625323.2,Nucleus,Nuclear localization signal|Nuclear export signal,0.3711000084877014,0.8804000020027161,0.016100000590085983,0.10520000010728836,0.11999999731779099,0.006800000090152025,0.07020000368356705,0.10369999706745148,0.07119999825954437,0.008299999870359898
ENST00000625626.1,Nucleus,Nuclear localization signal|Nuclear export signal,0.41339999437332153,0.8648999929428101,0.051100000739097595,0.02250000089406967,0.3122999966144562,0.003700000001117587,0.2768000066280365,0.07349999994039536,0.14309999346733093,0.023800000548362732
ENST00000625860.2,Cytoplasm,,0.6862999796867371,0.24240000545978546,0.06920000165700912,0.13289999961853027,0.08959999680519104,0.03009999915957451,0.19539999961853027,0.20909999310970306,0.1639000028371811,0.054999999701976776
ENST00000626547.2,Cytoplasm,,0.4754999876022339,0.4390999972820282,0.07209999859333038,0.0860000029206276,0.14980000257492065,0.06889999657869339,0.1850000023841858,0.155799999833107,0.13349999487400055,0.03970000147819519
ENST00000626909.2,Cytoplasm,Nuclear localization signal,0.6291999816894531,0.3935999870300293,0.24310000240802765,0.5415999889373779,0.10830000042915344,0.005900000222027302,0.10580000281333923,0.07500000298023224,0.2524999976158142,0.015399999916553497
ENST00000627534.2,Cell membrane|Lysosome/Vacuole,Signal peptide|Transmembrane domain,0.13670000433921814,0.04390000179409981,0.019300000742077827,0.5945000052452087,0.034299999475479126,0.013100000098347664,0.41440001130104065,0.7384999990463257,0.6337000131607056,0.11949999630451202
ENST00000627716.2,Cytoplasm,,0.7928000092506409,0.23800000548362732,0.20909999310970306,0.11569999903440475,0.25589999556541443,0.019300000742077827,0.11029999703168869,0.1371999979019165,0.1860000044107437,0.06300000101327896
ENST00000627783.2,Cytoplasm,Nuclear localization signal,0.7888000011444092,0.2962000072002411,0.18160000443458557,0.3237999975681305,0.22910000383853912,0.05869999900460243,0.1274999976158142,0.16500000655651093,0.16840000450611115,0.017000000923871994
ENST00000628542.2,Cytoplasm|Cell membrane,Nuclear localization signal,0.6122999787330627,0.23819999396800995,0.05959999933838844,0.6721000075340271,0.18050000071525574,0.035999998450279236,0.1687999963760376,0.3206000030040741,0.38760000467300415,0.007699999958276749
ENST00000628593.1,Mitochondrion,Mitochondrial transit peptide,0.23399999737739563,0.325300008058548,0.10400000214576721,0.164900004863739,0.9290000200271606,0.007199999876320362,0.12630000710487366,0.10660000145435333,0.07540000230073929,0.04089999943971634
ENST00000630130.2,Extracellular,Signal peptide,0.2442999929189682,0.11159999668598175,0.909600019454956,0.2572000026702881,0.050700001418590546,0.0007999999797903001,0.2393999993801117,0.11879999935626984,0.09399999678134918,0.00139999995008111
ENST00000633025.1,Cytoplasm,,0.7928000092506409,0.23800000548362732,0.20909999310970306,0.11569999903440475,0.25589999556541443,0.019300000742077827,0.11029999703168869,0.1371999979019165,0.1860000044107437,0.06300000101327896
ENST00000633923.1,Cytoplasm,,0.8452000021934509,0.13429999351501465,0.21170000731945038,0.17669999599456787,0.23729999363422394,0.019200000911951065,0.07109999656677246,0.11999999731779099,0.17829999327659607,0.13570000231266022
ENST00000634371.1,Mitochondrion,,0.4738999903202057,0.29670000076293945,0.3587999939918518,0.07039999961853027,0.6384000182151794,0.0035000001080334187,0.3111000061035156,0.08330000191926956,0.25440001487731934,0.47350001335144043
ENST00000634903.1,Cytoplasm,Nuclear localization signal|Nuclear export signal,0.7519999742507935,0.3131999969482422,0.09679999947547913,0.2727000117301941,0.12790000438690186,0.009800000116229057,0.1378999948501587,0.15199999511241913,0.4099999964237213,0.05180000141263008
ENST00000635015.1,Golgi apparatus,Signal peptide|Transmembrane domain,0.06549999862909317,0.07779999822378159,0.04639999940991402,0.3434000015258789,0.25609999895095825,0.012400000356137753,0.41929998993873596,0.10480000078678131,0.7260000109672546,0.19140000641345978
ENST00000635082.1,Cytoplasm|Nucleus,Nuclear localization signal,0.7822999954223633,0.5392000079154968,0.17440000176429749,0.08990000188350677,0.08820000290870667,0.002899999963119626,0.0868000015616417,0.16590000689029694,0.24819999933242798,0.027300000190734863
ENST00000635099.1,Cytoplasm|Nucleus,Nuclear localization signal,0.7075999975204468,0.5414999723434448,0.1477999985218048,0.09709999710321426,0.1501999944448471,0.007699999958276749,0.18479999899864197,0.1818999946117401,0.35089999437332153,0.027799999341368675
ENST00000635123.1,Cytoplasm,Nuclear export signal,0.5795000195503235,0.3921000063419342,0.0502999983727932,0.4505000114440918,0.13019999861717224,0.02370000071823597,0.3043999969959259,0.3560999929904938,0.325300008058548,0.01269999984651804
ENST00000635238.1,Golgi apparatus,Signal peptide|Transmembrane domain,0.07440000027418137,0.07280000299215317,0.058800000697374344,0.26669999957084656,0.2029000073671341,0.03060000017285347,0.46869999170303345,0.10719999670982361,0.767799973487854,0.20280000567436218
ENST00000635285.1,Golgi apparatus,Signal peptide|Transmembrane domain,0.10159999877214432,0.08609999716281891,0.05260000005364418,0.36910000443458557,0.2434999942779541,0.016200000420212746,0.45739999413490295,0.23270000517368317,0.7495999932289124,0.25200000405311584
ENST00000635464.1,Nucleus,,0.3361999988555908,0.8554999828338623,0.08160000294446945,0.0494999997317791,0.17489999532699585,0.0017999999690800905,0.12700000405311584,0.1996999979019165,0.227400004863739,0.060100000351667404
ENST00000636569.1,Cytoplasm,Nuclear export signal,0.6420000195503235,0.4706000089645386,0.04569999873638153,0.23770000040531158,0.15780000388622284,0.012199999764561653,0.06759999692440033,0.22660000622272491,0.22630000114440918,0.020400000736117363
ENST00000636882.1,Cytoplasm|Golgi apparatus,Nuclear export signal,0.5508000254631042,0.3864000141620636,0.032600000500679016,0.3643999993801117,0.305400013923645,0.017999999225139618,0.49390000104904175,0.4652000069618225,0.6840999722480774,0.11010000109672546
ENST00000637036.1,Cell membrane,,0.2533999979496002,0.1225999966263771,0.019200000911951065,0.7246000170707703,0.1460999995470047,0.003800000064074993,0.28859999775886536,0.4034999907016754,0.2522999942302704,0.004999999888241291
ENST00000637174.1,Cytoplasm,,0.6075999736785889,0.26269999146461487,0.2912999987602234,0.2061000019311905,0.3061000108718872,0.00430000014603138,0.41929998993873596,0.33329999446868896,0.21050000190734863,0.0020000000949949026
ENST00000637195.1,Cell membrane|Lysosome/Vacuole,Signal peptide|Transmembrane domain,0.1339000016450882,0.03929999843239784,0.025599999353289604,0.6207000017166138,0.06129999831318855,0.010200000368058681,0.4641999900341034,0.7354999780654907,0.5703999996185303,0.061900001019239426
ENST00000637255.1,Cytoplasm,Nuclear export signal,0.49000000953674316,0.323199987411499,0.04019999876618385,0.4374000132083893,0.1965000033378601,0.022199999541044235,0.17990000545978546,0.439300000667572,0.4812999963760376,0.02250000089406967
ENST00000638948.1,Mitochondrion,Mitochondrial transit peptide,0.13189999759197235,0.07940000295639038,0.07370000332593918,0.12839999794960022,0.9049999713897705,0.0010000000474974513,0.18150000274181366,0.09120000153779984,0.09889999777078629,0.04190000146627426
ENST00000639561.1,Cytoplasm|Nucleus,,0.614300012588501,0.6279000043869019,0.0478999987244606,0.05999999865889549,0.4101000130176544,0.0210999995470047,0.14959999918937683,0.0203000009059906,0.056699998676776886,0.26409998536109924
ENST00000639739.2,Extracellular,Signal peptide,0.1842000037431717,0.05590000003576279,0.9229000210762024,0.24740000069141388,0.16670000553131104,0.004600000102072954,0.22220000624656677,0.17710000276565552,0.21379999816417694,0.0026000000070780516
ENST00000640370.1,Mitochondrion,Mitochondrial transit peptide,0.12630000710487366,0.07410000264644623,0.04580000042915344,0.14419999718666077,0.9437999725341797,0.0012000000569969416,0.11349999904632568,0.10239999741315842,0.09650000184774399,0.06539999693632126
ENST00000642195.1,Nucleus,Nuclear localization signal|Nuclear export signal,0.4171999990940094,0.8646000027656555,0.03319999948143959,0.2101999968290329,0.23729999363422394,0.03420000150799751,0.10679999738931656,0.13670000433921814,0.04479999840259552,0.006099999882280827
ENST00000642633.1,Cytoplasm|Nucleus,,0.6427000164985657,0.7024000287055969,0.5200999975204468,0.11429999768733978,0.34540000557899475,0.18440000712871552,0.0803999975323677,0.12880000472068787,0.07370000332593918,0.07779999822378159
ENST00000643799.1,Nucleus,Nuclear localization signal|Nuclear export signal,0.3578000068664551,0.854200005531311,0.023000000044703484,0.19670000672340393,0.2280000001192093,0.033399999141693115,0.10660000145435333,0.13300000131130219,0.044599998742341995,0.004900000058114529
ENST00000643898.2,Cytoplasm,Nuclear export signal,0.678600013256073,0.27959999442100525,0.06989999860525131,0.5228999853134155,0.12129999697208405,0.023900000378489494,0.28119999170303345,0.5270000100135803,0.4569000005722046,0.012799999676644802
ENST00000644411.1,Cytoplasm,,0.6668999791145325,0.30979999899864197,0.08900000154972076,0.4982999861240387,0.0868000015616417,0.019899999722838402,0.23600000143051147,0.35100001096725464,0.38440001010894775,0.020400000736117363
ENST00000644621.1,Cytoplasm,,0.7120000123977661,0.3472000062465668,0.11330000311136246,0.43529999256134033,0.08410000056028366,0.011800000444054604,0.2669999897480011,0.41440001130104065,0.35600000619888306,0.024000000208616257
ENST00000644850.1,Cell membrane,Signal peptide|Transmembrane domain,0.2361000031232834,0.09880000352859497,0.06909999996423721,0.892300009727478,0.01940000057220459,0.09390000253915787,0.45559999346733093,0.5770999789237976,0.26989999413490295,0.09799999743700027
ENST00000644971.2,Extracellular,Signal peptide,0.2558000087738037,0.12139999866485596,0.8416000008583069,0.400299996137619,0.07419999688863754,0.00559999980032444,0.15690000355243683,0.29319998621940613,0.24690000712871552,0.008899999782443047
ENST00000645141.1,Cytoplasm|Nucleus,Nuclear localization signal,0.49140000343322754,0.6998999714851379,0.05570000037550926,0.15000000596046448,0.2410999983549118,0.061900001019239426,0.08269999921321869,0.11140000075101852,0.03869999945163727,0.020400000736117363
ENST00000645357.1,Cytoplasm|Nucleus,Nuclear localization signal,0.5782999992370605,0.5180000066757202,0.21870000660419464,0.4221999943256378,0.09220000356435776,0.22540000081062317,0.05950000137090683,0.07119999825954437,0.17749999463558197,0.060600001364946365
ENST00000646045.2,Cytoplasm,Nuclear localization signal,0.8181999921798706,0.20649999380111694,0.13099999725818634,0.45179998874664307,0.0812000036239624,0.013500000350177288,0.1632000058889389,0.20579999685287476,0.3458000123500824,0.004800000227987766
ENST00000646335.1,Cytoplasm|Nucleus,Nuclear localization signal,0.6607999801635742,0.5656999945640564,0.27149999141693115,0.4255000054836273,0.1152999997138977,0.20469999313354492,0.053700000047683716,0.05849999934434891,0.19030000269412994,0.09799999743700027
ENST00000647309.1,Cytoplasm|Nucleus,,0.6862000226974487,0.5738999843597412,0.06390000134706497,0.2533999979496002,0.2085999995470047,0.004699999932199717,0.20919999480247498,0.09690000116825104,0.09130000323057175,0.11379999667406082
ENST00000647633.1,Extracellular,Signal peptide,0.26919999718666077,0.11240000277757645,0.9025999903678894,0.39800000190734863,0.06909999996423721,0.004999999888241291,0.13989999890327454,0.22370000183582306,0.23010000586509705,0.00930000003427267
ENST00000647861.1,Extracellular|Cell membrane,Signal peptide,0.15780000388622284,0.10040000081062317,0.6322000026702881,0.6448000073432922,0.04690000042319298,0.0010000000474974513,0.31380000710487366,0.28029999136924744,0.22599999606609344,0.00430000014603138
ENST00000648095.1,Cell membrane,Signal peptide|Transmembrane domain,0.26809999346733093,0.07660000026226044,0.249099999666214,0.8837000131607056,0.015799999237060547,0.004600000102072954,0.13249999284744263,0.3416999876499176,0.31619998812675476,0.41350001096725464
ENST00000648451.1,Cytoplasm,Nuclear localization signal,0.675000011920929,0.45239999890327454,0.13030000030994415,0.3790000081062317,0.10779999941587448,0.00559999980032444,0.1444000005722046,0.25690001249313354,0.14949999749660492,0.10459999740123749
ENST00000648661.1,Cytoplasm,,0.7239999771118164,0.4390999972820282,0.5497000217437744,0.10450000315904617,0.47209998965263367,0.030799999833106995,0.37389999628067017,0.04479999840259552,0.09309999644756317,0.020099999383091927
ENST00000649279.2,Nucleus,Nuclear localization signal,0.1949000060558319,0.9843000173568726,0.03400000184774399,0.04470000043511391,0.05209999904036522,0.03830000013113022,0.026900000870227814,0.018799999728798866,0.010499999858438969,0.012400000356137753
ENST00000650409.1,Cytoplasm,,0.6115999817848206,0.2295999974012375,0.0771000012755394,0.37549999356269836,0.17569999396800995,0.036400001496076584,0.3400999903678894,0.32690000534057617,0.37389999628067017,0.01860000006854534
ENST00000650623.2,Cytoplasm|Lysosome/Vacuole,,0.6055999994277954,0.1632000058889389,0.06549999862909317,0.4018000066280365,0.21889999508857727,0.05299999937415123,0.3472000062465668,0.5978000164031982,0.5623000264167786,0.02850000001490116
ENST00000650739.1,Cytoplasm,Nuclear export signal,0.7175999879837036,0.423799991607666,0.013100000098347664,0.46869999170303345,0.1054999977350235,0.009100000374019146,0.10679999738931656,0.398499995470047,0.24660000205039978,0.009800000116229057
ENST00000650772.1,Nucleus,Nuclear localization signal|Nuclear export signal,0.453900009393692,0.7856000065803528,0.011900000274181366,0.1388999968767166,0.16099999845027924,0.003800000064074993,0.06199999898672104,0.10700000077486038,0.07429999858140945,0.0019000000320374966
ENST00000650773.1,Cytoplasm,,0.7416999936103821,0.38850000500679016,0.23090000450611115,0.05730000138282776,0.28529998660087585,0.012799999676644802,0.2011999934911728,0.04450000077486038,0.10639999806880951,0.012600000016391277
ENST00000650808.1,Cell membrane,Signal peptide|Transmembrane domain,0.10339999943971634,0.07500000298023224,0.08399999886751175,0.6601999998092651,0.11209999769926071,0.016300000250339508,0.4242999851703644,0.501800000667572,0.385699987411499,0.20340000092983246
ENST00000650893.1,Nucleus,Nuclear localization signal|Nuclear export signal,0.45590001344680786,0.8499000072479248,0.03359999880194664,0.09049999713897705,0.18230000138282776,0.003000000026077032,0.05719999969005585,0.045899998396635056,0.05050000175833702,0.001500000013038516
ENST00000650966.1,Nucleus,Nuclear localization signal,0.3529999852180481,0.9549000263214111,0.027799999341368675,0.026399999856948853,0.04820000007748604,0.017100000753998756,0.04280000180006027,0.05350000038743019,0.04450000077486038,0.010599999688565731
ENST00000651111.1,Cytoplasm,,0.7236999869346619,0.3125,0.10700000077486038,0.19939999282360077,0.31209999322891235,0.014700000174343586,0.5677000284194946,0.2624000012874603,0.23360000550746918,0.05270000174641609
ENST00000651298.1,Nucleus,Nuclear localization signal|Nuclear export signal,0.45590001344680786,0.8499000072479248,0.03359999880194664,0.09049999713897705,0.18230000138282776,0.003000000026077032,0.05719999969005585,0.045899998396635056,0.05050000175833702,0.001500000013038516
ENST00000651571.1,Cytoplasm,,0.6247000098228455,0.4830999970436096,0.24860000610351562,0.0877000018954277,0.16060000658035278,0.01860000006854534,0.19519999623298645,0.2619999945163727,0.15790000557899475,0.0608999989926815
ENST00000651624.1,Nucleus,Nuclear localization signal,0.2574000060558319,0.921500027179718,0.05130000039935112,0.08190000057220459,0.04179999977350235,0.02070000022649765,0.027899999171495438,0.05139999836683273,0.04670000076293945,0.002300000051036477
ENST00000651992.1,Nucleus,Nuclear localization signal,0.3095000088214874,0.933899998664856,0.10350000113248825,0.08399999886751175,0.0608999989926815,0.012500000186264515,0.024299999698996544,0.03099999949336052,0.03280000016093254,0.002300000051036477
ENST00000652201.1,Nucleus,Nuclear localization signal,0.2930000126361847,0.7092999815940857,0.305400013923645,0.17020000517368317,0.07720000296831131,0.0012000000569969416,0.06069999933242798,0.15209999680519104,0.11209999769926071,0.007199999876320362
ENST00000652245.1,Cell membrane,Signal peptide|Transmembrane domain,0.21539999544620514,0.13130000233650208,0.30390000343322754,0.8309999704360962,0.02419999986886978,0.013899999670684338,0.2563000023365021,0.5467000007629395,0.34860000014305115,0.09359999746084213
ENST00000652497.1,Nucleus,Nuclear localization signal,0.3840000033378601,0.6775000095367432,0.061900001019239426,0.03830000013113022,0.42480000853538513,0.003599999938160181,0.25130000710487366,0.07779999822378159,0.15960000455379486,0.005400000140070915
ENST00000652542.1,Cytoplasm,Nuclear localization signal,0.6812000274658203,0.3580000102519989,0.1363999992609024,0.2806999981403351,0.10010000318288803,0.047200001776218414,0.12489999830722809,0.10119999945163727,0.12960000336170197,0.0007999999797903001
ENST00000652576.1,Nucleus,Nuclear localization signal,0.3091999888420105,0.930899977684021,0.10189999639987946,0.08829999715089798,0.061000000685453415,0.012199999764561653,0.024000000208616257,0.030899999663233757,0.03400000184774399,0.002300000051036477
ENST00000652689.1,Nucleus,Nuclear localization signal,0.3091999888420105,0.930899977684021,0.10189999639987946,0.08829999715089798,0.061000000685453415,0.012199999764561653,0.024000000208616257,0.030899999663233757,0.03400000184774399,0.002300000051036477
ENST00000652762.2,Cytoplasm|Nucleus,Nuclear localization signal,0.715399980545044,0.5842000246047974,0.10040000081062317,0.06729999929666519,0.1526000052690506,0.005200000014156103,0.16369999945163727,0.03370000049471855,0.07079999893903732,0.04619999974966049
ENST00000653217.1,Cell membrane|Lysosome/Vacuole,Signal peptide|Transmembrane domain,0.2517000138759613,0.08760000020265579,0.29750001430511475,0.8974999785423279,0.03869999945163727,0.017799999564886093,0.30300000309944153,0.6513000130653381,0.4214000105857849,0.1404000073671341
ENST00000654719.1,Cytoplasm,Nuclear export signal,0.7175999879837036,0.423799991607666,0.013100000098347664,0.46869999170303345,0.1054999977350235,0.009100000374019146,0.10679999738931656,0.398499995470047,0.24660000205039978,0.009800000116229057
ENST00000659993.1,Extracellular,Signal peptide,0.2800999879837036,0.11110000312328339,0.7263000011444092,0.550599992275238,0.03350000083446503,0.003100000089034438,0.24690000712871552,0.2865000069141388,0.25859999656677246,0.01679999940097332
ENST00000661457.1,Extracellular,Signal peptide,0.1589999943971634,0.10360000282526016,0.9067999720573425,0.2671000063419342,0.04820000007748604,0.00019999999494757503,0.14399999380111694,0.26600000262260437,0.3239000141620636,0.004100000020116568
ENST00000662603.1,Cytoplasm,,0.6568999886512756,0.2547000050544739,0.053199999034404755,0.4837000072002411,0.2500999867916107,0.004699999932199717,0.08799999952316284,0.1460999995470047,0.30720001459121704,0.0649000033736229
ENST00000662884.1,Cell membrane|Lysosome/Vacuole,Signal peptide|Transmembrane domain,0.14010000228881836,0.07329999655485153,0.04520000144839287,0.8173999786376953,0.050599999725818634,0.006300000008195639,0.41530001163482666,0.6657000184059143,0.4196999967098236,0.012799999676644802
ENST00000664640.1,Cytoplasm|Cell membrane,Nuclear localization signal|Nuclear export signal,0.6924999952316284,0.2206999957561493,0.04729999974370003,0.5685999989509583,0.25600001215934753,0.008799999952316284,0.09399999678134918,0.1754000037908554,0.31859999895095825,0.025100000202655792
ENST00000666110.2,Endoplasmic reticulum,Signal peptide,0.2870999872684479,0.09669999778270721,0.1485999971628189,0.2378000020980835,0.11010000109672546,0.003700000001117587,0.7073000073432922,0.44780001044273376,0.3582000136375427,0.01810000091791153
ENST00000668808.1,Nucleus,Nuclear localization signal,0.2759000062942505,0.7623000144958496,0.05310000106692314,0.2362000048160553,0.03759999945759773,0.004000000189989805,0.1096000000834465,0.07079999893903732,0.12129999697208405,0.0006000000284984708
ENST00000671923.1,Cytoplasm,Nuclear export signal,0.7278000116348267,0.30410000681877136,0.042100001126527786,0.37599998712539673,0.3206999897956848,0.019300000742077827,0.07720000296831131,0.22110000252723694,0.33469998836517334,0.02810000069439411
ENST00000671960.1,Cytoplasm,Nuclear localization signal,0.7856000065803528,0.25929999351501465,0.2443999946117401,0.22269999980926514,0.26159998774528503,0.011599999852478504,0.2700999975204468,0.12049999833106995,0.40610000491142273,0.019700000062584877
ENST00000672093.1,Cytoplasm|Cell membrane,Nuclear localization signal|Nuclear export signal,0.6924999952316284,0.2206999957561493,0.04729999974370003,0.5685999989509583,0.25600001215934753,0.008799999952316284,0.09399999678134918,0.1754000037908554,0.31859999895095825,0.025100000202655792
ENST00000672285.1,Cytoplasm,Nuclear localization signal,0.7856000065803528,0.25929999351501465,0.2443999946117401,0.22269999980926514,0.26159998774528503,0.011599999852478504,0.2700999975204468,0.12049999833106995,0.40610000491142273,0.019700000062584877
ENST00000672328.1,Cytoplasm,Nuclear localization signal,0.7856000065803528,0.25929999351501465,0.2443999946117401,0.22269999980926514,0.26159998774528503,0.011599999852478504,0.2700999975204468,0.12049999833106995,0.40610000491142273,0.019700000062584877
ENST00000672341.1,Cytoplasm,Nuclear localization signal,0.7856000065803528,0.25929999351501465,0.2443999946117401,0.22269999980926514,0.26159998774528503,0.011599999852478504,0.2700999975204468,0.12049999833106995,0.40610000491142273,0.019700000062584877
ENST00000673123.1,Cytoplasm,Nuclear localization signal,0.7856000065803528,0.25929999351501465,0.2443999946117401,0.22269999980926514,0.26159998774528503,0.011599999852478504,0.2700999975204468,0.12049999833106995,0.40610000491142273,0.019700000062584877
ENST00000673682.1,Mitochondrion,,0.37880000472068787,0.2662000060081482,0.21940000355243683,0.10750000178813934,0.6922000050544739,0.28630000352859497,0.35519999265670776,0.08540000021457672,0.20810000598430634,0.652899980545044
ENST00000673724.1,Cytoplasm|Nucleus,Nuclear localization signal|Nuclear export signal,0.5031999945640564,0.8242999911308289,0.03229999914765358,0.10520000010728836,0.0835999995470047,0.004999999888241291,0.050200000405311584,0.10450000315904617,0.06340000033378601,0.005400000140070915
ENST00000673737.2,Extracellular,Signal peptide,0.18729999661445618,0.08340000361204147,0.8007000088691711,0.3346000015735626,0.14419999718666077,0.001500000013038516,0.46639999747276306,0.36039999127388,0.4027999937534332,0.00570000009611249
ENST00000673881.1,Cytoplasm,Nuclear localization signal,0.5629000067710876,0.38440001010894775,0.1378999948501587,0.5264000296592712,0.16130000352859497,0.013500000350177288,0.18479999899864197,0.11509999632835388,0.2363000065088272,0.012600000016391277
ENST00000673935.2,Endoplasmic reticulum,Signal peptide|Transmembrane domain,0.1987999975681305,0.17659999430179596,0.34060001373291016,0.32839998602867126,0.16920000314712524,0.040300000458955765,0.8073999881744385,0.3700999915599823,0.5877000093460083,0.031599998474121094
ENST00000674200.2,Cytoplasm|Nucleus,Nuclear export signal,0.6855000257492065,0.5805000066757202,0.06870000064373016,0.12129999697208405,0.515500009059906,0.0006000000284984708,0.15440000593662262,0.12639999389648438,0.21060000360012054,0.031599998474121094
ENST00000674213.1,Cell membrane|Endoplasmic reticulum|Lysosome/Vacuole|Golgi apparatus,Signal peptide|Transmembrane domain,0.15610000491142273,0.08299999684095383,0.021400000900030136,0.7240999937057495,0.10050000250339508,0.006899999920278788,0.6983000040054321,0.7091000080108643,0.7864999771118164,0.02500000037252903
ENST00000674310.1,Cytoplasm,Nuclear localization signal,0.7177000045776367,0.4997999966144562,0.05119999870657921,0.16619999706745148,0.33480000495910645,0.009100000374019146,0.19089999794960022,0.039500001817941666,0.04859999939799309,0.02930000051856041
ENST00000674398.1,Cytoplasm|Nucleus,Nuclear localization signal,0.7264999747276306,0.5088000297546387,0.05290000140666962,0.16040000319480896,0.3474999964237213,0.007600000128149986,0.1915999948978424,0.04919999837875366,0.0494999997317791,0.03189999982714653
ENST00000674405.1,Cytoplasm,Nuclear localization signal,0.7730000019073486,0.337799996137619,0.19779999554157257,0.211899995803833,0.20810000598430634,0.1062999963760376,0.13050000369548798,0.12359999865293503,0.06769999861717224,0.04309999942779541
ENST00000674429.1,Endoplasmic reticulum,Signal peptide,0.2870999872684479,0.09669999778270721,0.1485999971628189,0.2378000020980835,0.11010000109672546,0.003700000001117587,0.7073000073432922,0.44780001044273376,0.3582000136375427,0.01810000091791153
ENST00000674773.1,Cytoplasm,Nuclear localization signal,0.5629000067710876,0.38440001010894775,0.1378999948501587,0.5264000296592712,0.16130000352859497,0.013500000350177288,0.18479999899864197,0.11509999632835388,0.2363000065088272,0.012600000016391277
ENST00000675519.1,Cytoplasm|Nucleus,Nuclear localization signal,0.705299973487854,0.6563000082969666,0.09769999980926514,0.2842999994754791,0.15129999816417694,0.024800000712275505,0.041099999099969864,0.03929999843239784,0.060499999672174454,0.07490000128746033
ENST00000675709.1,Cell membrane,Transmembrane domain,0.14390000700950623,0.0754999965429306,0.03709999844431877,0.847000002861023,0.04280000180006027,0.0027000000700354576,0.25220000743865967,0.3228999972343445,0.29280000925064087,0.0010000000474974513
ENST00000676153.1,Cell membrane,Transmembrane domain,0.14069999754428864,0.09690000116825104,0.04960000142455101,0.8934999704360962,0.08619999885559082,0.002899999963119626,0.24869999289512634,0.3000999987125397,0.25929999351501465,0.0020000000949949026
ENST00000676716.1,Extracellular,Signal peptide,0.19499999284744263,0.10480000078678131,0.7282999753952026,0.16750000417232513,0.10429999977350235,0.006099999882280827,0.21369999647140503,0.4153999984264374,0.241799995303154,0.002099999925121665
ENST00000676824.1,Extracellular,Signal peptide,0.1615999937057495,0.06109999865293503,0.7979999780654907,0.21389999985694885,0.06019999831914902,0.00139999995008111,0.21570000052452087,0.552299976348877,0.24220000207424164,0.0017999999690800905
ENST00000676846.1,Extracellular,Signal peptide,0.26759999990463257,0.1298999935388565,0.7226999998092651,0.4189000129699707,0.11860000342130661,0.008100000210106373,0.5479999780654907,0.39579999446868896,0.4952000081539154,0.007699999958276749
ENST00000676970.1,Extracellular,Signal peptide,0.17669999599456787,0.06080000102519989,0.7932999730110168,0.218299999833107,0.06019999831914902,0.001500000013038516,0.2248000055551529,0.5468000173568726,0.2533000111579895,0.0019000000320374966
ENST00000677068.1,Nucleus,Nuclear localization signal,0.1949000060558319,0.9843000173568726,0.03400000184774399,0.04470000043511391,0.05209999904036522,0.03830000013113022,0.026900000870227814,0.018799999728798866,0.010499999858438969,0.012400000356137753
ENST00000677077.1,Nucleus,Nuclear localization signal,0.1949000060558319,0.9843000173568726,0.03400000184774399,0.04470000043511391,0.05209999904036522,0.03830000013113022,0.026900000870227814,0.018799999728798866,0.010499999858438969,0.012400000356137753
ENST00000677130.1,Nucleus,Nuclear localization signal,0.1949000060558319,0.9843000173568726,0.03400000184774399,0.04470000043511391,0.05209999904036522,0.03830000013113022,0.026900000870227814,0.018799999728798866,0.010499999858438969,0.012400000356137753
ENST00000677260.1,Extracellular,Signal peptide,0.2475000023841858,0.16699999570846558,0.7809000015258789,0.45559999346733093,0.125,0.008500000461935997,0.5490000247955322,0.36820000410079956,0.4092999994754791,0.00839999970048666
ENST00000677699.1,Nucleus,Nuclear localization signal,0.1949000060558319,0.9843000173568726,0.03400000184774399,0.04470000043511391,0.05209999904036522,0.03830000013113022,0.026900000870227814,0.018799999728798866,0.010499999858438969,0.012400000356137753
ENST00000677891.1,Cytoplasm,Nuclear export signal,0.6586999893188477,0.4032999873161316,0.020400000736117363,0.27300000190734863,0.1753000020980835,0.005400000140070915,0.0812000036239624,0.23649999499320984,0.32519999146461487,0.03060000017285347
ENST00000678152.1,Nucleus,Nuclear localization signal,0.1949000060558319,0.9843000173568726,0.03400000184774399,0.04470000043511391,0.05209999904036522,0.03830000013113022,0.026900000870227814,0.018799999728798866,0.010499999858438969,0.012400000356137753
ENST00000678636.1,Cytoplasm|Nucleus,Nuclear localization signal,0.7188000082969666,0.7692000269889832,0.10289999842643738,0.07530000060796738,0.2184000015258789,0.019700000062584877,0.029999999329447746,0.05640000104904175,0.09480000287294388,0.016499999910593033
ENST00000678720.1,Cytoplasm,Nuclear export signal,0.6171000003814697,0.4731999933719635,0.016899999231100082,0.23739999532699585,0.2198999971151352,0.007499999832361937,0.07479999959468842,0.19499999284744263,0.3837999999523163,0.02979999966919422
ENST00000678856.1,Cytoplasm,Nuclear export signal,0.6171000003814697,0.4731999933719635,0.016899999231100082,0.23739999532699585,0.2198999971151352,0.007499999832361937,0.07479999959468842,0.19499999284744263,0.3837999999523163,0.02979999966919422
ENST00000679260.1,Extracellular,Signal peptide,0.14419999718666077,0.04879999905824661,0.8443999886512756,0.19189999997615814,0.05260000005364418,0.0010999999940395355,0.18770000338554382,0.5551000237464905,0.2329999953508377,0.0010999999940395355
ENST00000679419.1,Cytoplasm,Nuclear export signal,0.6955000162124634,0.3305000066757202,0.08550000190734863,0.16259999573230743,0.41110000014305115,0.164000004529953,0.14319999516010284,0.07240000367164612,0.14079999923706055,0.13609999418258667
ENST00000679751.1,Cytoplasm|Nucleus,Nuclear localization signal,0.6754000186920166,0.5950000286102295,0.14239999651908875,0.06260000169277191,0.2054000049829483,0.009999999776482582,0.14409999549388885,0.04349999874830246,0.1623000055551529,0.007600000128149986
ENST00000679847.1,Mitochondrion,Mitochondrial transit peptide,0.21140000224113464,0.11620000004768372,0.0357000008225441,0.09679999947547913,0.8931000232696533,0.004900000058114529,0.14489999413490295,0.08160000294446945,0.1128000020980835,0.018400000408291817
ENST00000680014.1,Nucleus,Nuclear localization signal,0.2962999939918518,0.9168000221252441,0.028200000524520874,0.07010000199079514,0.03370000049471855,0.005100000184029341,0.03189999982714653,0.031300000846385956,0.033900000154972076,0.007400000002235174
ENST00000680158.1,Endoplasmic reticulum,Signal peptide,0.08739999681711197,0.12520000338554382,0.42309999465942383,0.09989999979734421,0.20340000092983246,0.005200000014156103,0.7300000190734863,0.25870001316070557,0.3481999933719635,0.006000000052154064
ENST00000680821.2,Cytoplasm,,0.6823999881744385,0.20430000126361847,0.18569999933242798,0.39899998903274536,0.11159999668598175,0.007699999958276749,0.0869000032544136,0.18649999797344208,0.23190000653266907,0.08309999853372574
ENST00000680960.1,Cytoplasm,Nuclear localization signal,0.5928999781608582,0.3587000072002411,0.21130000054836273,0.2784999907016754,0.21660000085830688,0.018400000408291817,0.225600004196167,0.11060000211000443,0.2630000114440918,0.012799999676644802
ENST00000681192.1,Cytoplasm|Nucleus,Nuclear export signal,0.7484999895095825,0.5335000157356262,0.02710000053048134,0.11209999769926071,0.38100001215934753,0.011900000274181366,0.2500999867916107,0.06750000268220901,0.1858000010251999,0.0478999987244606
ENST00000681213.1,Cytoplasm,Nuclear export signal,0.6955000162124634,0.3305000066757202,0.08550000190734863,0.16259999573230743,0.41110000014305115,0.164000004529953,0.14319999516010284,0.07240000367164612,0.14079999923706055,0.13609999418258667
ENST00000681511.1,Cytoplasm,Mitochondrial transit peptide,0.7942000031471252,0.24009999632835388,0.09669999778270721,0.0828000009059906,0.40290001034736633,0.053599998354911804,0.15780000388622284,0.06800000369548798,0.16030000150203705,0.13670000433921814
ENST00000681672.1,Cytoplasm|Nucleus,Nuclear localization signal,0.5609999895095825,0.6776999831199646,0.025800000876188278,0.1160999983549118,0.3312999904155731,0.011800000444054604,0.1525000035762787,0.16089999675750732,0.3073999881744385,0.0013000000035390258
ENST00000681684.1,Cytoplasm|Nucleus,Nuclear localization signal,0.4765999913215637,0.9057000279426575,0.025200000032782555,0.11640000343322754,0.09969999641180038,0.004399999976158142,0.07639999687671661,0.03620000183582306,0.03480000048875809,0.0032999999821186066
ENST00000682200.1,Extracellular,Signal peptide,0.16850000619888306,0.08380000293254852,0.7752000093460083,0.2371000051498413,0.14959999918937683,0.002199999988079071,0.5773000121116638,0.4618000090122223,0.5712000131607056,0.004100000020116568
ENST00000682688.1,Endoplasmic reticulum,Transmembrane domain,0.260699987411499,0.26179999113082886,0.0723000019788742,0.219200000166893,0.40059998631477356,0.039000000804662704,0.6626999974250793,0.31540000438690186,0.40869998931884766,0.07620000094175339
ENST00000682738.1,Endoplasmic reticulum,Transmembrane domain,0.3540000021457672,0.22139999270439148,0.08089999854564667,0.27309998869895935,0.36329999566078186,0.07490000128746033,0.6182000041007996,0.47839999198913574,0.536300003528595,0.1404000073671341
ENST00000683068.1,Nucleus,Nuclear localization signal,0.40149998664855957,0.6008999943733215,0.09709999710321426,0.11760000139474869,0.09260000288486481,0.01720000058412552,0.05290000140666962,0.18639999628067017,0.2287999987602234,0.00930000003427267
ENST00000683152.1,Nucleus,Nuclear localization signal,0.2799000144004822,0.8787999749183655,0.04479999840259552,0.14489999413490295,0.10970000177621841,0.004900000058114529,0.09000000357627869,0.05860000103712082,0.053700000047683716,0.004100000020116568
ENST00000683162.1,Cytoplasm,Nuclear localization signal,0.6477000117301941,0.18780000507831573,0.4016999900341034,0.3125,0.39750000834465027,0.16030000150203705,0.1941000074148178,0.0617000013589859,0.1500999927520752,0.05869999900460243
ENST00000683393.1,Nucleus,Nuclear localization signal,0.29739999771118164,0.8974999785423279,0.06700000166893005,0.09290000051259995,0.13439999520778656,0.004999999888241291,0.0737999975681305,0.07249999791383743,0.0731000006198883,0.009999999776482582
ENST00000683603.1,Extracellular,Signal peptide,0.18770000338554382,0.11249999701976776,0.8398000001907349,0.34950000047683716,0.13189999759197235,0.001500000013038516,0.41290000081062317,0.34950000047683716,0.3553999960422516,0.0066999997943639755
ENST00000683607.1,Cytoplasm,,0.49619999527931213,0.41659998893737793,0.04960000142455101,0.16920000314712524,0.26660001277923584,0.00570000009611249,0.3917999863624573,0.28839999437332153,0.26600000262260437,0.2727000117301941
ENST00000683760.1,Nucleus,Nuclear localization signal,0.43630000948905945,0.8621000051498413,0.09210000187158585,0.10909999907016754,0.11389999836683273,0.015300000086426735,0.048500001430511475,0.053599998354911804,0.05869999900460243,0.0010999999940395355
ENST00000683815.1,Cell membrane,Signal peptide|Transmembrane domain,0.2619999945163727,0.10260000079870224,0.1388999968767166,0.7720999717712402,0.08020000159740448,0.01140000019222498,0.3425999879837036,0.4505000114440918,0.2987000048160553,0.03579999879002571
ENST00000683819.1,Nucleus,,0.44119998812675476,0.45809999108314514,0.05770000070333481,0.16609999537467957,0.06780000030994415,0.007799999788403511,0.09449999779462814,0.29649999737739563,0.3296000063419342,0.048700001090765
ENST00000683975.1,Cytoplasm,,0.652999997138977,0.4260999858379364,0.08479999750852585,0.12460000067949295,0.26489999890327454,0.003100000089034438,0.12370000034570694,0.3831000030040741,0.12030000239610672,0.05220000073313713
ENST00000684001.1,Cytoplasm,Nuclear export signal,0.6963000297546387,0.4049000144004822,0.013500000350177288,0.1265999972820282,0.33889999985694885,0.0038999998942017555,0.26759999990463257,0.32749998569488525,0.29120001196861267,0.00860000029206276
ENST00000684047.1,Cytoplasm,Nuclear export signal,0.6963000297546387,0.4049000144004822,0.013500000350177288,0.1265999972820282,0.33889999985694885,0.0038999998942017555,0.26759999990463257,0.32749998569488525,0.29120001196861267,0.00860000029206276
ENST00000684118.1,Endoplasmic reticulum,Transmembrane domain,0.3578999936580658,0.22930000722408295,0.08020000159740448,0.2777999937534332,0.37070000171661377,0.08299999684095383,0.616100013256073,0.49570000171661377,0.5390999913215637,0.10080000013113022
ENST00000684143.1,Cell membrane|Lysosome/Vacuole,Signal peptide|Transmembrane domain,0.1535000056028366,0.07580000162124634,0.18930000066757202,0.8199999928474426,0.029200000688433647,0.0024999999441206455,0.2784999907016754,0.7275999784469604,0.5264999866485596,0.03660000115633011
ENST00000684181.1,Extracellular,Signal peptide,0.20360000431537628,0.11140000075101852,0.7886999845504761,0.3874000012874603,0.11240000277757645,0.00279999990016222,0.4196999967098236,0.2953000068664551,0.33739998936653137,0.009100000374019146
ENST00000684362.1,Nucleus,Nuclear localization signal,0.38839998841285706,0.7878000140190125,0.12200000137090683,0.18379999697208405,0.05490000173449516,0.007000000216066837,0.04470000043511391,0.09790000319480896,0.03999999910593033,0.016200000420212746
ENST00000684405.1,Cytoplasm,Nuclear export signal,0.6376000046730042,0.49959999322891235,0.03869999945163727,0.09709999710321426,0.1915999948978424,0.011800000444054604,0.13779999315738678,0.3305000066757202,0.22920000553131104,0.03790000081062317
ENST00000684493.1,Endoplasmic reticulum,Signal peptide|Transmembrane domain,0.19930000603199005,0.17599999904632568,0.3522000014781952,0.3269999921321869,0.17229999601840973,0.0406000018119812,0.7958999872207642,0.39989998936653137,0.607699990272522,0.02419999986886978
ENST00000684504.1,Cytoplasm,Nuclear localization signal,0.7864999771118164,0.21940000355243683,0.1979999989271164,0.19499999284744263,0.25279998779296875,0.005900000222027302,0.27250000834465027,0.14180000126361847,0.40459999442100525,0.0203000009059906
ENST00000684629.1,Extracellular,Signal peptide,0.13120000064373016,0.06859999895095825,0.8112000226974487,0.33640000224113464,0.18799999356269836,0.0020000000949949026,0.5205000042915344,0.5271000266075134,0.5812000036239624,0.0035000001080334187
ENST00000684659.1,Extracellular,Signal peptide,0.14959999918937683,0.07840000092983246,0.8065999746322632,0.26840001344680786,0.18400000035762787,0.002199999988079071,0.4916999936103821,0.5095000267028809,0.597100019454956,0.00419999985024333
ENST00000684764.1,Cytoplasm,Nuclear localization signal|Nuclear export signal,0.7365000247955322,0.30140000581741333,0.1023000031709671,0.5048999786376953,0.12269999831914902,0.011599999852478504,0.17579999566078186,0.30140000581741333,0.27250000834465027,0.062199998646974564
ENST00000685312.1,Nucleus,Nuclear localization signal,0.2660999894142151,0.9054999947547913,0.029999999329447746,0.09070000052452087,0.09529999643564224,0.020899999886751175,0.08259999752044678,0.09300000220537186,0.09390000253915787,0.011099999770522118
ENST00000686204.1,Nucleus,Nuclear localization signal,0.3285999894142151,0.8507999777793884,0.013000000268220901,0.046799998730421066,0.09099999815225601,0.026100000366568565,0.01889999955892563,0.04089999943971634,0.025800000876188278,0.0008999999845400453
ENST00000686459.1,Cytoplasm|Cell membrane|Lysosome/Vacuole,,0.5716000199317932,0.15489999949932098,0.1290999948978424,0.5857999920845032,0.520799994468689,0.013199999928474426,0.26440000534057617,0.6011999845504761,0.4422999918460846,0.012000000104308128
ENST00000686615.1,Endoplasmic reticulum|Golgi apparatus,Signal peptide|Transmembrane domain,0.0982000008225441,0.06360000371932983,0.10520000010728836,0.5217000246047974,0.054499998688697815,0.00430000014603138,0.7096999883651733,0.39010000228881836,0.7804999947547913,0.002099999925121665
ENST00000686913.1,Nucleus,Nuclear localization signal,0.3285999894142151,0.8507999777793884,0.013000000268220901,0.046799998730421066,0.09099999815225601,0.026100000366568565,0.01889999955892563,0.04089999943971634,0.025800000876188278,0.0008999999845400453
ENST00000686926.1,Nucleus,Nuclear localization signal,0.3285999894142151,0.8507999777793884,0.013000000268220901,0.046799998730421066,0.09099999815225601,0.026100000366568565,0.01889999955892563,0.04089999943971634,0.025800000876188278,0.0008999999845400453
ENST00000687008.1,Cytoplasm,Nuclear export signal,0.6995999813079834,0.3244999945163727,0.07720000296831131,0.1274999976158142,0.17640000581741333,0.004699999932199717,0.19709999859333038,0.573199987411499,0.5612000226974487,0.16769999265670776
ENST00000687164.1,Nucleus,Nuclear localization signal,0.3285999894142151,0.8507999777793884,0.013000000268220901,0.046799998730421066,0.09099999815225601,0.026100000366568565,0.01889999955892563,0.04089999943971634,0.025800000876188278,0.0008999999845400453
ENST00000687702.1,Endoplasmic reticulum|Golgi apparatus,Signal peptide|Transmembrane domain,0.09260000288486481,0.05959999933838844,0.09989999979734421,0.5299000144004822,0.04230000078678131,0.0031999999191612005,0.8046000003814697,0.44209998846054077,0.847100019454956,0.002300000051036477
ENST00000687789.1,Nucleus,Nuclear localization signal,0.3197000026702881,0.7260000109672546,0.051500000059604645,0.2167000025510788,0.04780000075697899,0.019300000742077827,0.08550000190734863,0.14300000667572021,0.061400000005960464,0.0066999997943639755
ENST00000688396.1,Nucleus,Nuclear localization signal,0.3285999894142151,0.8507999777793884,0.013000000268220901,0.046799998730421066,0.09099999815225601,0.026100000366568565,0.01889999955892563,0.04089999943971634,0.025800000876188278,0.0008999999845400453
ENST00000688455.1,Nucleus,Nuclear localization signal,0.3285999894142151,0.8507999777793884,0.013000000268220901,0.046799998730421066,0.09099999815225601,0.026100000366568565,0.01889999955892563,0.04089999943971634,0.025800000876188278,0.0008999999845400453
ENST00000688799.1,Extracellular,Signal peptide,0.32280001044273376,0.20180000364780426,0.9086999893188477,0.47200000286102295,0.06400000303983688,0.04340000078082085,0.20759999752044678,0.3463999927043915,0.16459999978542328,0.014100000262260437
ENST00000688922.2,Golgi apparatus,,0.45190000534057617,0.1589999943971634,0.1145000010728836,0.41769999265670776,0.4165000021457672,0.009999999776482582,0.1868000030517578,0.5374000072479248,0.54339998960495,0.005900000222027302
ENST00000689161.1,Nucleus,Nuclear localization signal,0.3147999942302704,0.8881000280380249,0.05700000002980232,0.056299999356269836,0.17520000040531158,0.005799999926239252,0.03200000151991844,0.03530000150203705,0.03449999913573265,0.04859999939799309
ENST00000689843.1,Nucleus,Nuclear localization signal,0.2660999894142151,0.9054999947547913,0.029999999329447746,0.09070000052452087,0.09529999643564224,0.020899999886751175,0.08259999752044678,0.09300000220537186,0.09390000253915787,0.011099999770522118
ENST00000690004.1,Cytoplasm,Nuclear export signal,0.7239999771118164,0.32510000467300415,0.07599999755620956,0.15870000422000885,0.15440000593662262,0.004100000020116568,0.19009999930858612,0.554099977016449,0.5152000188827515,0.1396999955177307
ENST00000691050.1,Nucleus,Nuclear localization signal,0.3253999948501587,0.9074000120162964,0.03060000017285347,0.06949999928474426,0.0697999969124794,0.017100000753998756,0.06909999996423721,0.03200000151991844,0.07090000063180923,0.008999999612569809
ENST00000691612.1,Nucleus,,0.4562999904155731,0.503000020980835,0.5415999889373779,0.04439999908208847,0.44530001282691956,0.01080000028014183,0.025100000202655792,0.039900001138448715,0.026900000870227814,0.15790000557899475
ENST00000692222.1,Nucleus,Nuclear localization signal,0.3285999894142151,0.8507999777793884,0.013000000268220901,0.046799998730421066,0.09099999815225601,0.026100000366568565,0.01889999955892563,0.04089999943971634,0.025800000876188278,0.0008999999845400453
ENST00000693560.1,Cytoplasm,,0.5371000170707703,0.42800000309944153,0.3052000105381012,0.438400000333786,0.2393999993801117,0.030799999833106995,0.2574000060558319,0.32739999890327454,0.31459999084472656,0.07519999891519547
ENST00000695323.1,Mitochondrion,Mitochondrial transit peptide,0.09679999947547913,0.08950000256299973,0.013700000010430813,0.1808999925851822,0.968500018119812,0.012000000104308128,0.02800000086426735,0.02410000003874302,0.022299999371170998,0.021900000050663948
ENST00000695334.2,Mitochondrion,Mitochondrial transit peptide,0.10379999876022339,0.07129999995231628,0.0215000007301569,0.21809999644756317,0.9747999906539917,0.012299999594688416,0.02889999933540821,0.019999999552965164,0.028200000524520874,0.030300000682473183
ENST00000695382.1,Mitochondrion,Mitochondrial transit peptide,0.10379999876022339,0.07129999995231628,0.0215000007301569,0.21809999644756317,0.9747999906539917,0.012299999594688416,0.02889999933540821,0.019999999552965164,0.028200000524520874,0.030300000682473183
ENST00000695383.2,Cytoplasm|Nucleus|Mitochondrion,,0.5116999745368958,0.5537999868392944,0.4104999899864197,0.15209999680519104,0.7264999747276306,0.10819999873638153,0.0940999984741211,0.024000000208616257,0.036400001496076584,0.07129999995231628
ENST00000695391.1,Mitochondrion,Mitochondrial transit peptide,0.10379999876022339,0.07129999995231628,0.0215000007301569,0.21809999644756317,0.9747999906539917,0.012299999594688416,0.02889999933540821,0.019999999552965164,0.028200000524520874,0.030300000682473183
ENST00000695979.1,Extracellular,Signal peptide,0.23639999330043793,0.11339999735355377,0.9078999757766724,0.25440001487731934,0.04780000075697899,0.0007999999797903001,0.2451000064611435,0.11840000003576279,0.09610000252723694,0.0012000000569969416
ENST00000695981.1,Extracellular,Signal peptide,0.27469998598098755,0.14169999957084656,0.7479000091552734,0.29120001196861267,0.03970000147819519,0.0013000000035390258,0.2578999996185303,0.15049999952316284,0.09950000047683716,0.0035000001080334187
ENST00000695984.1,Extracellular,Signal peptide,0.2770000100135803,0.12860000133514404,0.9175999760627747,0.24310000240802765,0.042100001126527786,0.0013000000035390258,0.20569999516010284,0.11569999903440475,0.09109999984502792,0.0017999999690800905
ENST00000696016.1,Extracellular,Signal peptide,0.26260000467300415,0.18250000476837158,0.531000018119812,0.30149999260902405,0.11320000141859055,0.0017999999690800905,0.2969000041484833,0.2971999943256378,0.1444000005722046,0.00559999980032444
ENST00000696048.1,Cell membrane,Signal peptide|Transmembrane domain,0.1597999930381775,0.07320000231266022,0.15320000052452087,0.8062000274658203,0.05739999935030937,0.009200000204145908,0.3172000050544739,0.5435000061988831,0.5723999738693237,0.012500000186264515
ENST00000696149.1,Cytoplasm,Nuclear export signal,0.6823999881744385,0.2574999928474426,0.11680000275373459,0.2596000134944916,0.1768999993801117,0.007199999876320362,0.16539999842643738,0.45159998536109924,0.2800999879837036,0.01899999938905239
ENST00000696151.1,Cytoplasm,,0.5016999840736389,0.3352000117301941,0.5516999959945679,0.390500009059906,0.3172000050544739,0.014100000262260437,0.18520000576972961,0.19750000536441803,0.21870000660419464,0.10270000249147415
ENST00000696483.1,Cytoplasm,Nuclear export signal,0.6333000063896179,0.37940001487731934,0.06560000032186508,0.13199999928474426,0.09480000287294388,0.02850000001490116,0.2987000048160553,0.4099999964237213,0.383899986743927,0.057500001043081284
ENST00000696485.1,Cytoplasm,Nuclear export signal,0.6333000063896179,0.37940001487731934,0.06560000032186508,0.13199999928474426,0.09480000287294388,0.02850000001490116,0.2987000048160553,0.4099999964237213,0.383899986743927,0.057500001043081284
ENST00000696490.1,Cytoplasm,Nuclear export signal,0.6333000063896179,0.37940001487731934,0.06560000032186508,0.13199999928474426,0.09480000287294388,0.02850000001490116,0.2987000048160553,0.4099999964237213,0.383899986743927,0.057500001043081284
ENST00000696702.1,Cytoplasm|Nucleus,Peroxisomal targeting signal,0.6251999735832214,0.5873000025749207,0.1858000010251999,0.0471000000834465,0.550599992275238,0.007699999958276749,0.14180000126361847,0.20059999823570251,0.272599995136261,0.18889999389648438
ENST00000696703.1,Cytoplasm|Nucleus,Peroxisomal targeting signal,0.6251999735832214,0.5873000025749207,0.1858000010251999,0.0471000000834465,0.550599992275238,0.007699999958276749,0.14180000126361847,0.20059999823570251,0.272599995136261,0.18889999389648438
ENST00000696708.1,Cytoplasm|Nucleus,Peroxisomal targeting signal,0.6251999735832214,0.5873000025749207,0.1858000010251999,0.0471000000834465,0.550599992275238,0.007699999958276749,0.14180000126361847,0.20059999823570251,0.272599995136261,0.18889999389648438
ENST00000696713.1,Cytoplasm|Nucleus,Nuclear export signal,0.6636999845504761,0.5235000252723694,0.1404000073671341,0.21160000562667847,0.43230000138282776,0.017500000074505806,0.36800000071525574,0.3239000141620636,0.41659998893737793,0.0471000000834465
ENST00000697274.1,Cytoplasm,Nuclear export signal,0.7404999732971191,0.4546999931335449,0.046300001442432404,0.06989999860525131,0.3138999938964844,0.013100000098347664,0.21860000491142273,0.3684000074863434,0.25429999828338623,0.17739999294281006
ENST00000698783.1,Mitochondrion,Mitochondrial transit peptide,0.10379999876022339,0.07129999995231628,0.0215000007301569,0.21809999644756317,0.9747999906539917,0.012299999594688416,0.02889999933540821,0.019999999552965164,0.028200000524520874,0.030300000682473183
ENST00000698913.1,Endoplasmic reticulum,Transmembrane domain,0.3231000006198883,0.3100000023841858,0.002199999988079071,0.2587999999523163,0.2827000021934509,0.03449999913573265,0.7583000063896179,0.2418999969959259,0.41449999809265137,0.3418000042438507
ENST00000698914.1,Endoplasmic reticulum,Signal peptide|Transmembrane domain,0.19550000131130219,0.22050000727176666,0.003599999938160181,0.25690001249313354,0.263700008392334,0.008500000461935997,0.8537999987602234,0.31220000982284546,0.5372999906539917,0.23919999599456787
ENST00000699277.1,Extracellular,Signal peptide,0.29820001125335693,0.12280000001192093,0.6930999755859375,0.5273000001907349,0.06849999725818634,0.0010000000474974513,0.3564000129699707,0.19009999930858612,0.2087000012397766,0.002099999925121665
ENST00000699278.1,Cell membrane,Signal peptide|Transmembrane domain,0.1599999964237213,0.0658000037074089,0.3345000147819519,0.9298999905586243,0.04610000178217888,0.00419999985024333,0.09619999676942825,0.3416000008583069,0.12309999763965607,0.04560000076889992
ENST00000699279.1,Cell membrane,Signal peptide|Transmembrane domain,0.16619999706745148,0.061500001698732376,0.20880000293254852,0.9714000225067139,0.045899998396635056,0.00930000003427267,0.06260000169277191,0.3077000081539154,0.09399999678134918,0.1754000037908554
ENST00000700021.1,Cytoplasm|Cell membrane,,0.6424999833106995,0.20520000159740448,0.14790000021457672,0.6159999966621399,0.3188000023365021,0.004800000227987766,0.2921999990940094,0.5153999924659729,0.39579999446868896,0.009399999864399433
ENST00000700022.1,Cytoplasm|Cell membrane|Lysosome/Vacuole,,0.5878000259399414,0.1257999986410141,0.10300000011920929,0.593999981880188,0.5084999799728394,0.012400000356137753,0.2842000126838684,0.616100013256073,0.5430999994277954,0.010999999940395355
ENST00000700108.1,Cytoplasm|Cell membrane,Nuclear localization signal,0.6601999998092651,0.17980000376701355,0.28949999809265137,0.8033999800682068,0.13269999623298645,0.0010000000474974513,0.18240000307559967,0.30250000953674316,0.453900009393692,0.004100000020116568
ENST00000700158.1,Cytoplasm|Cell membrane,Nuclear localization signal,0.6601999998092651,0.17980000376701355,0.28949999809265137,0.8033999800682068,0.13269999623298645,0.0010000000474974513,0.18240000307559967,0.30250000953674316,0.453900009393692,0.004100000020116568
ENST00000700159.1,Cell membrane,Signal peptide|Transmembrane domain,0.14790000021457672,0.1046999990940094,0.1875,0.7502999901771545,0.035599999129772186,0.012299999594688416,0.29600000381469727,0.32170000672340393,0.4546999931335449,0.04830000177025795
ENST00000703551.1,Cytoplasm|Nucleus,,0.6172000169754028,0.6956999897956848,0.12470000237226486,0.08560000360012054,0.2824999988079071,0.015200000256299973,0.16439999639987946,0.11980000138282776,0.29429998993873596,0.006899999920278788
ENST00000703554.1,Nucleus,Nuclear localization signal,0.3474999964237213,0.9440000057220459,0.10729999840259552,0.07039999961853027,0.10040000081062317,0.006300000008195639,0.03660000115633011,0.03139999881386757,0.039900001138448715,0.019200000911951065
ENST00000706130.1,Cell membrane,Signal peptide|Transmembrane domain,0.22529999911785126,0.11829999834299088,0.11270000040531158,0.8094000220298767,0.016100000590085983,0.0017999999690800905,0.2687000036239624,0.5701000094413757,0.46959999203681946,0.007899999618530273
ENST00000706365.1,Cytoplasm|Cell membrane,Nuclear localization signal,0.625,0.2078000009059906,0.0658000037074089,0.6552000045776367,0.1525000035762787,0.029600000008940697,0.18359999358654022,0.3463999927043915,0.4291999936103821,0.007899999618530273
ENST00000706691.1,Cell membrane,Signal peptide|Transmembrane domain,0.2029999941587448,0.12530000507831573,0.09160000085830688,0.9291999936103821,0.04129999876022339,0.0052999998442828655,0.20469999313354492,0.49129998683929443,0.3628000020980835,0.30300000309944153
ENST00000706693.1,Cytoplasm|Extracellular,Signal peptide,0.482699990272522,0.18639999628067017,0.868399977684021,0.23340000212192535,0.5644000172615051,0.0038999998942017555,0.15219999849796295,0.036400001496076584,0.17219999432563782,0.034699998795986176
ENST00000706948.1,Cytoplasm,Nuclear localization signal,0.6869000196456909,0.4805999994277954,0.1062999963760376,0.28929999470710754,0.17110000550746918,0.10830000042915344,0.15960000455379486,0.10300000011920929,0.2207999974489212,0.03909999877214432
ENST00000707000.1,Nucleus,Nuclear localization signal,0.3481000065803528,0.9431999921798706,0.025200000032782555,0.03750000149011612,0.11100000143051147,0.008299999870359898,0.049800001084804535,0.04749999940395355,0.03449999913573265,0.010599999688565731
ENST00000710358.1,Nucleus,Nuclear localization signal,0.45579999685287476,0.7386999726295471,0.4862000048160553,0.09059999883174896,0.11169999837875366,0.011500000022351742,0.0982000008225441,0.09570000320672989,0.10980000346899033,0.0019000000320374966
ENST00000710813.1,Cytoplasm|Nucleus,Nuclear export signal,0.48019999265670776,0.6850000023841858,0.032099999487400055,0.12080000340938568,0.18860000371932983,0.03530000150203705,0.06859999895095825,0.09860000014305115,0.10270000249147415,0.0575999990105629
