Protein_ID,Localizations,Signals,Cytoplasm,Nucleus,Extracellular,Cell membrane,Mitochondrion,Plastid,Endoplasmic reticulum,Lysosome/Vacuole,Golgi apparatus,Peroxisome
ENST00000005259.9,Endoplasmic reticulum,Signal peptide|Transmembrane domain,0.16820000112056732,0.11240000277757645,0.025200000032782555,0.32269999384880066,0.10140000283718109,0.011800000444054604,0.8166999816894531,0.3930000066757202,0.5134000182151794,0.019700000062584877
ENST00000006777.11,Endoplasmic reticulum,Transmembrane domain,0.09470000118017197,0.1615999937057495,0.07419999688863754,0.3431999981403351,0.1031000018119812,0.1251000016927719,0.756600022315979,0.3564000129699707,0.5029000043869019,0.024399999529123306
ENST00000011684.11,Cytoplasm,Nuclear localization signal|Nuclear export signal,0.7365000247955322,0.30140000581741333,0.1023000031709671,0.5048999786376953,0.12269999831914902,0.011599999852478504,0.17579999566078186,0.30140000581741333,0.27250000834465027,0.062199998646974564
ENST00000013807.9,Nucleus,,0.40779998898506165,0.7973999977111816,0.032099999487400055,0.05090000107884407,0.2565999925136566,0.025299999862909317,0.06260000169277191,0.07720000296831131,0.08799999952316284,0.017799999564886093
ENST00000052754.10,Extracellular,Signal peptide,0.19380000233650208,0.08919999748468399,0.944100022315979,0.320499986410141,0.09960000216960907,0.004000000189989805,0.2167000025510788,0.24379999935626984,0.1899999976158142,0.00139999995008111
ENST00000160262.10,Cell membrane,Signal peptide|Transmembrane domain,0.2433999925851822,0.13220000267028809,0.18440000712871552,0.8808000087738037,0.04740000143647194,0.003599999938160181,0.2840999960899353,0.3946000039577484,0.37299999594688416,0.057500001043081284
ENST00000161559.11,Cell membrane,Signal peptide|Transmembrane domain,0.25040000677108765,0.07880000025033951,0.2930999994277954,0.8694000244140625,0.031700000166893005,0.002899999963119626,0.15369999408721924,0.30790001153945923,0.25270000100135803,0.02669999934732914
ENST00000165698.9,Endoplasmic reticulum,Signal peptide|Transmembrane domain,0.15119999647140503,0.09440000355243683,0.22259999811649323,0.2615000009536743,0.4162999987602234,0.0017999999690800905,0.6830999851226807,0.4429999887943268,0.5171999931335449,0.03139999881386757
ENST00000166139.9,Extracellular,Signal peptide,0.19419999420642853,0.10670000314712524,0.9463000297546387,0.23819999396800995,0.16019999980926514,0.005200000014156103,0.24490000307559967,0.3418999910354614,0.32829999923706055,0.00559999980032444
ENST00000199320.9,Cytoplasm|Nucleus,Nuclear localization signal|Nuclear export signal,0.6345000267028809,0.6351000070571899,0.029100000858306885,0.1459999978542328,0.33250001072883606,0.011500000022351742,0.18639999628067017,0.16050000488758087,0.29980000853538513,0.004900000058114529
ENST00000215375.7,Mitochondrion,Mitochondrial transit peptide,0.08320000022649765,0.12370000034570694,0.03629999980330467,0.17739999294281006,0.9451000094413757,0.003800000064074993,0.030500000342726707,0.09610000252723694,0.0714000016450882,0.027899999171495438
ENST00000215555.7,Lysosome/Vacuole,Signal peptide|Transmembrane domain,0.16859999299049377,0.13349999487400055,0.0284000001847744,0.5491999983787537,0.1395999938249588,0.03629999980330467,0.5623999834060669,0.675000011920929,0.5016999840736389,0.016300000250339508
ENST00000215730.12,Cytoplasm|Lysosome/Vacuole,Nuclear export signal,0.5270000100135803,0.20679999887943268,0.03060000017285347,0.4514999985694885,0.438400000333786,0.01080000028014183,0.32600000500679016,0.6320000290870667,0.5192000269889832,0.09269999712705612
ENST00000215829.8,Cytoplasm|Nucleus,Nuclear localization signal,0.5533000230789185,0.6776999831199646,0.10909999907016754,0.08209999650716782,0.15950000286102295,0.011900000274181366,0.14319999516010284,0.07289999723434448,0.065700002014637,0.0019000000320374966
ENST00000215917.11,Cytoplasm,,0.6747999787330627,0.4618000090122223,0.14419999718666077,0.05169999971985817,0.24779999256134033,0.0006000000284984708,0.13920000195503235,0.11789999902248383,0.2574000060558319,0.023099999874830246
ENST00000215941.9,Cytoplasm,Nuclear export signal,0.5853999853134155,0.4828999936580658,0.05339999869465828,0.35850000381469727,0.2361000031232834,0.006200000178068876,0.15839999914169312,0.24480000138282776,0.29440000653266907,0.01850000023841858
ENST00000216061.9,Cytoplasm,Nuclear export signal,0.6869999766349792,0.46209999918937683,0.038600001484155655,0.26190000772476196,0.11190000176429749,0.005799999926239252,0.1972000002861023,0.5587000250816345,0.49549999833106995,0.050999999046325684
ENST00000217109.9,Cytoplasm|Nucleus,Nuclear export signal,0.5217999815940857,0.5271999835968018,0.010999999940395355,0.11760000139474869,0.09449999779462814,0.00139999995008111,0.24050000309944153,0.22050000727176666,0.4375999867916107,0.021299999207258224
ENST00000219097.7,Nucleus,Nuclear localization signal,0.1606999933719635,0.9473000168800354,0.023099999874830246,0.03240000084042549,0.12020000070333481,0.032099999487400055,0.018699999898672104,0.007000000216066837,0.014000000432133675,0.01080000028014183
ENST00000220669.10,Cytoplasm|Nucleus,Nuclear export signal,0.6945000290870667,0.5073000192642212,0.020600000396370888,0.05869999900460243,0.17309999465942383,0.010099999606609344,0.09539999812841415,0.1657000035047531,0.24250000715255737,0.03590000048279762
ENST00000222122.10,Nucleus,Nuclear localization signal|Nuclear export signal,0.2896000146865845,0.9193999767303467,0.025599999353289604,0.12020000070333481,0.13740000128746033,0.003700000001117587,0.044199999421834946,0.08640000224113464,0.08190000057220459,0.007300000172108412
ENST00000222305.8,Nucleus,Nuclear localization signal|Nuclear export signal,0.40560001134872437,0.8258000016212463,0.05999999865889549,0.164900004863739,0.12929999828338623,0.002300000051036477,0.0737999975681305,0.19099999964237213,0.14350000023841858,0.00430000014603138
ENST00000222330.8,Cytoplasm|Nucleus,Nuclear export signal,0.6638000011444092,0.6812000274658203,0.03720000013709068,0.21889999508857727,0.1542000025510788,0.013199999928474426,0.12710000574588776,0.1168999969959259,0.21960000693798065,0.05350000038743019
ENST00000222803.10,Endoplasmic reticulum,Signal peptide,0.2280000001192093,0.13120000064373016,0.5349000096321106,0.24969999492168427,0.13079999387264252,0.002099999925121665,0.7903000116348267,0.2393999993801117,0.3091000020503998,0.004900000058114529
ENST00000223190.8,Nucleus,Nuclear localization signal,0.3481999933719635,0.8948000073432922,0.02160000056028366,0.15569999814033508,0.08009999990463257,0.019899999722838402,0.061000000685453415,0.030899999663233757,0.06560000032186508,0.0038999998942017555
ENST00000223210.5,Nucleus,Nuclear localization signal,0.2734000086784363,0.8111000061035156,0.028599999845027924,0.08489999920129776,0.11460000276565552,0.02759999968111515,0.0997999981045723,0.09839999675750732,0.09790000319480896,0.0066999997943639755
ENST00000223795.3,Cell membrane,Signal peptide|Transmembrane domain,0.15279999375343323,0.0812000036239624,0.25029999017715454,0.7983999848365784,0.01810000091791153,0.0017999999690800905,0.3050000071525574,0.3450999855995178,0.4142000079154968,0.006200000178068876
ENST00000225916.10,Nucleus,Nuclear export signal,0.43959999084472656,0.8671000003814697,0.032999999821186066,0.12559999525547028,0.1388999968767166,0.008200000040233135,0.13199999928474426,0.13860000669956207,0.1177000030875206,0.015200000256299973
ENST00000227135.7,Cytoplasm,,0.7853000164031982,0.3107999861240387,0.179299995303154,0.17010000348091125,0.21469999849796295,0.0017999999690800905,0.13269999623298645,0.11389999836683273,0.2732999920845032,0.010900000110268593
ENST00000227349.7,Cytoplasm,Nuclear localization signal,0.8561000227928162,0.3310000002384186,0.04039999842643738,0.23000000417232513,0.10790000110864639,0.007600000128149986,0.11320000141859055,0.17100000381469727,0.19589999318122864,0.04010000079870224
ENST00000228705.7,Cytoplasm,Nuclear export signal,0.6376000046730042,0.47450000047683716,0.026599999517202377,0.5526999831199646,0.32589998841285706,0.015399999916553497,0.32749998569488525,0.3027999997138977,0.573199987411499,0.026200000196695328
ENST00000229583.9,Endoplasmic reticulum,Transmembrane domain,0.125900000333786,0.07419999688863754,0.03959999978542328,0.26570001244544983,0.12540000677108765,0.03350000083446503,0.7354999780654907,0.1873999983072281,0.4041999876499176,0.025599999353289604
ENST00000231004.5,Extracellular,Signal peptide,0.25519999861717224,0.15039999783039093,0.9146999716758728,0.32339999079704285,0.09610000252723694,0.0032999999821186066,0.30469998717308044,0.2531000077724457,0.3127000033855438,0.0024999999441206455
ENST00000231198.12,Cytoplasm,Mitochondrial transit peptide,0.49070000648498535,0.38659998774528503,0.33149999380111694,0.09139999747276306,0.6126999855041504,0.07509999722242355,0.3287000060081482,0.09780000150203705,0.24500000476837158,0.09560000151395798
ENST00000231751.9,Extracellular,Signal peptide,0.18279999494552612,0.06960000097751617,0.7516999840736389,0.28369998931884766,0.050200000405311584,0.002300000051036477,0.3176000118255615,0.5223000049591064,0.1873999983072281,0.0038999998942017555
ENST00000232458.9,Cytoplasm|Nucleus,Nuclear localization signal,0.559499979019165,0.5853000283241272,0.031199999153614044,0.3709999918937683,0.09960000216960907,0.04039999842643738,0.07779999822378159,0.21969999372959137,0.17319999635219574,0.015799999237060547
ENST00000234256.4,Cell membrane,Transmembrane domain,0.11069999635219574,0.08110000193119049,0.05339999869465828,0.84579998254776,0.25540000200271606,0.005499999970197678,0.21469999849796295,0.36719998717308044,0.18440000712871552,0.039900001138448715
ENST00000235310.7,Cytoplasm,Nuclear export signal,0.6934000253677368,0.478300005197525,0.03799999877810478,0.12349999696016312,0.2867000102996826,0.00860000029206276,0.1981000006198883,0.45179998874664307,0.33160001039505005,0.04859999939799309
ENST00000238892.4,Cytoplasm|Nucleus,Nuclear export signal,0.5019999742507935,0.7339000105857849,0.021400000900030136,0.06909999996423721,0.2797999978065491,0.014100000262260437,0.13369999825954437,0.0940999984741211,0.13519999384880066,0.006500000134110451
ENST00000238936.8,Cell membrane,Transmembrane domain,0.14980000257492065,0.11400000005960464,0.10559999942779541,0.6065999865531921,0.2574999928474426,0.006300000008195639,0.5044999718666077,0.46549999713897705,0.39559999108314514,0.19760000705718994
ENST00000242591.10,Cytoplasm,Nuclear export signal,0.5565000176429749,0.4580000042915344,0.05139999836683273,0.13699999451637268,0.07689999788999557,0.014999999664723873,0.19359999895095825,0.3898000121116638,0.30059999227523804,0.029600000008940697
ENST00000242729.7,Cell membrane,Transmembrane domain,0.15690000355243683,0.10010000318288803,0.10100000351667404,0.854200005531311,0.04899999871850014,0.006099999882280827,0.30140000581741333,0.5519000291824341,0.5048999786376953,0.01640000008046627
ENST00000243050.5,Nucleus,Nuclear export signal,0.4668000042438507,0.8385999798774719,0.022299999371170998,0.12319999933242798,0.16179999709129333,0.008500000461935997,0.08590000122785568,0.09809999912977219,0.08940000087022781,0.012400000356137753
ENST00000243112.9,Cytoplasm|Nucleus,,0.6227999925613403,0.8159999847412109,0.15479999780654907,0.030700000002980232,0.3116999864578247,0.0005000000237487257,0.09880000352859497,0.08380000293254852,0.07639999687671661,0.01360000018030405
ENST00000244020.5,Nucleus,Nuclear localization signal,0.27140000462532043,0.7384999990463257,0.048500001430511475,0.20569999516010284,0.04259999841451645,0.0035000001080334187,0.10729999840259552,0.08169999718666077,0.12120000272989273,0.0006000000284984708
ENST00000245451.9,Extracellular,Signal peptide,0.11559999734163284,0.19050000607967377,0.896399974822998,0.16689999401569366,0.08799999952316284,0.0013000000035390258,0.1477999985218048,0.12129999697208405,0.24529999494552612,0.0019000000320374966
ENST00000246174.6,Cytoplasm,Nuclear localization signal,0.661899983882904,0.3725999891757965,0.07100000232458115,0.4309999942779541,0.08349999785423279,0.02449999935925007,0.4787999987602234,0.0737999975681305,0.20489999651908875,0.00930000003427267
ENST00000248114.7,Cytoplasm,Nuclear export signal,0.5812000036239624,0.42239999771118164,0.10279999673366547,0.0860000029206276,0.4239000082015991,0.013199999928474426,0.32030001282691956,0.2295999974012375,0.45809999108314514,0.24570000171661377
ENST00000250173.5,Cytoplasm|Nucleus,Nuclear localization signal,0.6640999913215637,0.5138999819755554,0.02539999969303608,0.07029999792575836,0.11219999939203262,0.00279999990016222,0.14839999377727509,0.16949999332427979,0.32260000705718994,0.0013000000035390258
ENST00000251993.11,Cytoplasm,Nuclear localization signal,0.626800000667572,0.3208000063896179,0.07810000330209732,0.5113999843597412,0.15000000596046448,0.08259999752044678,0.27320000529289246,0.3871000111103058,0.3481999933719635,0.052299998700618744
ENST00000252674.9,Nucleus,Nuclear localization signal,0.31679999828338623,0.9325000047683716,0.04520000144839287,0.1193000003695488,0.03530000150203705,0.004699999932199717,0.0502999983727932,0.05920000001788139,0.0820000022649765,0.003700000001117587
ENST00000254722.9,Extracellular,Signal peptide,0.16500000655651093,0.06319999694824219,0.9031000137329102,0.2669999897480011,0.09149999916553497,0.0017999999690800905,0.2493000030517578,0.28769999742507935,0.20479999482631683,0.0027000000700354576
ENST00000255189.8,Mitochondrion,Mitochondrial transit peptide,0.3294000029563904,0.14419999718666077,0.05510000139474869,0.10999999940395355,0.7777000069618225,0.0027000000700354576,0.14470000565052032,0.12540000677108765,0.10729999840259552,0.062300000339746475
ENST00000256178.8,Cell membrane,Signal peptide|Transmembrane domain,0.15559999644756317,0.1054999977350235,0.4749000072479248,0.8349999785423279,0.024299999698996544,0.010099999606609344,0.1446000039577484,0.3767000138759613,0.23469999432563782,0.029999999329447746
ENST00000256996.9,Nucleus,Nuclear localization signal,0.27070000767707825,0.8447999954223633,0.02889999933540821,0.05660000070929527,0.10980000346899033,0.007300000172108412,0.06549999862909317,0.03189999982714653,0.029100000858306885,0.003800000064074993
ENST00000257637.8,Endoplasmic reticulum|Lysosome/Vacuole,Signal peptide|Transmembrane domain,0.13950000703334808,0.22769999504089355,0.04039999842643738,0.2678000032901764,0.08630000054836273,0.01810000091791153,0.7046999931335449,0.6057999730110168,0.49000000953674316,0.06610000133514404
ENST00000258457.7,Nucleus,Nuclear localization signal,0.2847999930381775,0.8968999981880188,0.042100001126527786,0.09319999814033508,0.1257999986410141,0.01140000019222498,0.023000000044703484,0.01769999973475933,0.0272000003606081,0.013399999588727951
ENST00000261458.8,Endoplasmic reticulum,Signal peptide|Transmembrane domain,0.11209999769926071,0.0689999982714653,0.055399999022483826,0.4350999891757965,0.22540000081062317,0.03500000014901161,0.9061999917030334,0.17829999327659607,0.41589999198913574,0.024399999529123306
ENST00000261534.9,Endoplasmic reticulum,Signal peptide|Transmembrane domain,0.12800000607967377,0.10689999908208847,0.03709999844431877,0.32820001244544983,0.18459999561309814,0.0034000000450760126,0.9007999897003174,0.2287999987602234,0.5508999824523926,0.018400000408291817
ENST00000261755.9,Cytoplasm,Nuclear export signal,0.8148999810218811,0.4724999964237213,0.07959999889135361,0.18629999458789825,0.14669999480247498,0.0066999997943639755,0.23649999499320984,0.1728000044822693,0.2094999998807907,0.05299999937415123
ENST00000262722.11,Extracellular,Signal peptide,0.21529999375343323,0.1290999948978424,0.7756999731063843,0.33730000257492065,0.10570000112056732,0.002300000051036477,0.20919999480247498,0.29660001397132874,0.22059999406337738,0.006300000008195639
ENST00000262726.12,Cytoplasm,Nuclear localization signal,0.5809000134468079,0.31859999895095825,0.06400000303983688,0.25589999556541443,0.11860000342130661,0.015699999406933784,0.02590000070631504,0.05790000036358833,0.047200001776218414,0.03280000016093254
ENST00000262765.10,Cytoplasm,,0.6456000208854675,0.3677000105381012,0.188400000333786,0.2289000004529953,0.1565999984741211,0.009100000374019146,0.0348999984562397,0.24660000205039978,0.052400000393390656,0.056299999356269836
ENST00000263056.6,Cytoplasm,Nuclear export signal,0.804099977016449,0.3637000024318695,0.022199999541044235,0.11640000343322754,0.1517000049352646,0.00419999985024333,0.11630000174045563,0.14270000159740448,0.1753000020980835,0.01899999938905239
ENST00000263688.4,Endoplasmic reticulum,Signal peptide,0.14630000293254852,0.12200000137090683,0.34459999203681946,0.23600000143051147,0.17870000004768372,0.015200000256299973,0.7258999943733215,0.2653999924659729,0.5332000255584717,0.01860000006854534
ENST00000263974.4,Nucleus,Nuclear localization signal,0.2660999894142151,0.9054999947547913,0.029999999329447746,0.09070000052452087,0.09529999643564224,0.020899999886751175,0.08259999752044678,0.09300000220537186,0.09390000253915787,0.011099999770522118
ENST00000263991.9,Cytoplasm,,0.659600019454956,0.3296999931335449,0.11900000274181366,0.45100000500679016,0.1459999978542328,0.020600000396370888,0.10819999873638153,0.33880001306533813,0.31690001487731934,0.028599999845027924
ENST00000264343.4,Cytoplasm,Nuclear export signal,0.7014999985694885,0.3319000005722046,0.051600001752376556,0.4052000045776367,0.16680000722408295,0.017799999564886093,0.17810000479221344,0.5009999871253967,0.3824000060558319,0.01080000028014183
ENST00000264644.10,Cytoplasm,Nuclear export signal,0.6075000166893005,0.31839999556541443,0.03440000116825104,0.48829999566078186,0.19529999792575836,0.01119999960064888,0.17180000245571136,0.42590001225471497,0.36480000615119934,0.00800000037997961
ENST00000264904.8,Cytoplasm,Nuclear export signal,0.667900025844574,0.3127000033855438,0.04340000078082085,0.3325999975204468,0.0794999971985817,0.007400000002235174,0.3091000020503998,0.5442000031471252,0.5623999834060669,0.03709999844431877
ENST00000265382.8,Cytoplasm,Nuclear export signal,0.6028000116348267,0.3747999966144562,0.03959999978542328,0.44110000133514404,0.15559999644756317,0.006000000052154064,0.16689999401569366,0.3977999985218048,0.34860000014305115,0.021400000900030136
ENST00000266304.9,Nucleus,Nuclear localization signal,0.31709998846054077,0.9117000102996826,0.018699999898672104,0.13259999454021454,0.11590000241994858,0.006599999964237213,0.04960000142455101,0.07320000231266022,0.06019999831914902,0.004999999888241291
ENST00000266718.5,Extracellular,Signal peptide,0.18029999732971191,0.09989999979734421,0.9082000255584717,0.3571000099182129,0.06809999793767929,0.005799999926239252,0.23280000686645508,0.13750000298023224,0.20659999549388885,0.0017000000225380063
ENST00000266736.7,Cytoplasm|Nucleus,Nuclear export signal,0.7786999940872192,0.5080000162124634,0.031099999323487282,0.10970000177621841,0.41990000009536743,0.02630000002682209,0.21870000660419464,0.1745000034570694,0.17440000176429749,0.31630000472068787
ENST00000267101.8,Cell membrane|Lysosome/Vacuole,Signal peptide|Transmembrane domain,0.2045000046491623,0.12319999933242798,0.16990000009536743,0.8622999787330627,0.08209999650716782,0.015399999916553497,0.3109000027179718,0.589900016784668,0.4900999963283539,0.14339999854564667
ENST00000267383.5,Cell membrane,Signal peptide|Transmembrane domain,0.22040000557899475,0.10840000212192535,0.1923999935388565,0.8240000009536743,0.02800000086426735,0.0017999999690800905,0.27320000529289246,0.42890000343322754,0.3693000078201294,0.07180000096559525
ENST00000269095.9,Cytoplasm|Cell membrane,Nuclear localization signal|Nuclear export signal,0.6037999987602234,0.26669999957084656,0.03060000017285347,0.7307000160217285,0.2168000042438507,0.02419999986886978,0.30000001192092896,0.3125,0.5042999982833862,0.0035000001080334187
ENST00000269305.9,Nucleus,Nuclear localization signal|Nuclear export signal,0.36010000109672546,0.9089999794960022,0.04520000144839287,0.13940000534057617,0.08020000159740448,0.003800000064074993,0.05389999970793724,0.057500001043081284,0.04010000079870224,0.003700000001117587
ENST00000269318.9,Cytoplasm,Nuclear localization signal|Nuclear export signal,0.670799970626831,0.37540000677108765,0.07450000196695328,0.17880000174045563,0.11460000276565552,0.00279999990016222,0.1120000034570694,0.11990000307559967,0.18629999458789825,0.019999999552965164
ENST00000269932.10,Cytoplasm,Nuclear export signal,0.8537999987602234,0.4555000066757202,0.02319999970495701,0.30550000071525574,0.13740000128746033,0.012299999594688416,0.21209999918937683,0.120899997651577,0.25429999828338623,0.054499998688697815
ENST00000270139.8,Cell membrane,Signal peptide|Transmembrane domain,0.33079999685287476,0.12439999729394913,0.15129999816417694,0.7702000141143799,0.043800000101327896,0.009499999694526196,0.2646999955177307,0.5160999894142151,0.4032999873161316,0.018400000408291817
ENST00000271450.12,Cell membrane,Signal peptide|Transmembrane domain,0.18400000035762787,0.0649000033736229,0.3154999911785126,0.9282000064849854,0.04010000079870224,0.0035000001080334187,0.09780000150203705,0.28859999775886536,0.11990000307559967,0.045899998396635056
ENST00000271651.8,Extracellular,Signal peptide,0.1615999937057495,0.06109999865293503,0.7979999780654907,0.21389999985694885,0.06019999831914902,0.00139999995008111,0.21570000052452087,0.552299976348877,0.24220000207424164,0.0017999999690800905
ENST00000272203.8,Cytoplasm,Nuclear localization signal,0.7294999957084656,0.28200000524520874,0.1103999987244606,0.4950999915599823,0.09149999916553497,0.045099999755620956,0.11469999700784683,0.22390000522136688,0.23149999976158142,0.009700000286102295
ENST00000273691.7,Cell membrane,Signal peptide|Transmembrane domain,0.2922999858856201,0.11959999799728394,0.030799999833106995,0.6583999991416931,0.052000001072883606,0.0007999999797903001,0.38199999928474426,0.33899998664855957,0.26440000534057617,0.024399999529123306
ENST00000276185.9,Cytoplasm,Nuclear localization signal|Nuclear export signal,0.7037000060081482,0.27630001306533813,0.043699998408555984,0.5580000281333923,0.12080000340938568,0.02419999986886978,0.2084999978542328,0.2897000014781952,0.2800000011920929,0.010999999940395355
ENST00000278070.7,Cytoplasm|Nucleus,Nuclear localization signal,0.507099986076355,0.894599974155426,0.028300000354647636,0.042399998754262924,0.0625,0.007400000002235174,0.06920000165700912,0.0917000025510788,0.11140000075101852,0.01080000028014183
ENST00000278198.2,Cell membrane,Signal peptide|Transmembrane domain,0.21660000085830688,0.11540000140666962,0.2362000048160553,0.875,0.029999999329447746,0.01720000058412552,0.25690001249313354,0.4226999878883362,0.3353999853134155,0.11169999837875366
ENST00000278224.13,Cytoplasm,Nuclear localization signal,0.661300003528595,0.44449999928474426,0.0868000015616417,0.21389999985694885,0.4104999899864197,0.006099999882280827,0.375,0.09830000251531601,0.17319999635219574,0.02419999986886978
ENST00000278919.8,Cytoplasm|Nucleus,Nuclear export signal,0.6096000075340271,0.5080000162124634,0.02879999950528145,0.267300009727478,0.15839999914169312,0.010099999606609344,0.17919999361038208,0.4453999996185303,0.388700008392334,0.0414000004529953
ENST00000279804.3,Cytoplasm,Nuclear export signal,0.6725000143051147,0.4059999883174896,0.1867000013589859,0.125,0.38530001044273376,0.006000000052154064,0.21639999747276306,0.31459999084472656,0.4837000072002411,0.07540000230073929
ENST00000281419.8,Cytoplasm,Nuclear export signal,0.6891000270843506,0.24150000512599945,0.08229999989271164,0.5400999784469604,0.12630000710487366,0.01080000028014183,0.20479999482631683,0.5425999760627747,0.4097999930381775,0.006399999838322401
ENST00000281772.14,Nucleus,Nuclear localization signal,0.2603999972343445,0.9708999991416931,0.024000000208616257,0.054099999368190765,0.06109999865293503,0.018699999898672104,0.02419999986886978,0.03229999914765358,0.017999999225139618,0.03720000013709068
ENST00000282041.11,Cytoplasm,Nuclear export signal,0.6333000063896179,0.37940001487731934,0.06560000032186508,0.13199999928474426,0.09480000287294388,0.02850000001490116,0.2987000048160553,0.4099999964237213,0.383899986743927,0.057500001043081284
ENST00000283297.5,Cell membrane,Signal peptide|Transmembrane domain,0.14100000262260437,0.06939999759197235,0.027300000190734863,0.9204000234603882,0.052799999713897705,0.010499999858438969,0.2046000063419342,0.34860000014305115,0.2531000077724457,0.023600000888109207
ENST00000284073.7,Cytoplasm|Nucleus,Nuclear localization signal,0.6013000011444092,0.578000009059906,0.08060000091791153,0.1615000069141388,0.11330000311136246,0.0027000000700354576,0.17720000445842743,0.10559999942779541,0.19259999692440033,0.00430000014603138
ENST00000284292.11,Cytoplasm|Cell membrane,Nuclear localization signal,0.7325999736785889,0.49869999289512634,0.05290000140666962,0.5647000074386597,0.09350000321865082,0.002300000051036477,0.09000000357627869,0.030799999833106995,0.09730000048875809,0.00570000009611249
ENST00000284440.9,Cytoplasm,Nuclear export signal,0.7121999859809875,0.38999998569488525,0.14409999549388885,0.1979999989271164,0.22089999914169312,0.0032999999821186066,0.34150001406669617,0.20419999957084656,0.24690000712871552,0.03500000014901161
ENST00000284509.11,Cell membrane|Endoplasmic reticulum|Lysosome/Vacuole|Golgi apparatus,Signal peptide|Transmembrane domain,0.21220000088214874,0.09619999676942825,0.0210999995470047,0.7415000200271606,0.11559999734163284,0.010700000450015068,0.6685000061988831,0.6370999813079834,0.723800003528595,0.0210999995470047
ENST00000286648.10,Cytoplasm|Nucleus,Nuclear localization signal,0.4984000027179718,0.7272999882698059,0.13349999487400055,0.0746999979019165,0.09690000116825104,0.00570000009611249,0.08619999885559082,0.12110000103712082,0.10130000114440918,0.025299999862909317
ENST00000286918.9,Cytoplasm|Nucleus,Nuclear export signal,0.5983999967575073,0.5067999958992004,0.07370000332593918,0.27950000762939453,0.4318000078201294,0.0017999999690800905,0.3287000060081482,0.26249998807907104,0.31839999556541443,0.02160000056028366
ENST00000287713.7,Cytoplasm,Nuclear export signal,0.6712999939918518,0.4672999978065491,0.050599999725818634,0.14100000262260437,0.39980000257492065,0.010300000198185444,0.39010000228881836,0.13850000500679016,0.3312000036239624,0.11420000344514847
ENST00000287908.7,Cell membrane,Signal peptide|Transmembrane domain,0.13050000369548798,0.0215000007301569,0.009499999694526196,0.5687999725341797,0.047600001096725464,0.023099999874830246,0.4361000061035156,0.5311999917030334,0.5081999897956848,0.0052999998442828655
ENST00000288840.10,Cytoplasm|Nucleus,Nuclear export signal,0.4993000030517578,0.7023000121116638,0.053199999034404755,0.2896000146865845,0.1738000065088272,0.006399999838322401,0.18050000071525574,0.24089999496936798,0.2921999990940094,0.01720000058412552
ENST00000289269.7,Cell membrane,Signal peptide|Transmembrane domain,0.18880000710487366,0.06790000200271606,0.13220000267028809,0.8065999746322632,0.025499999523162842,0.0020000000949949026,0.2736000120639801,0.3573000133037567,0.3046000003814697,0.03759999945759773
ENST00000289577.9,Endoplasmic reticulum|Golgi apparatus,Signal peptide|Transmembrane domain,0.09759999811649323,0.0494999997317791,0.01759999990463257,0.5026000142097473,0.21940000355243683,0.007000000216066837,0.7440999746322632,0.5069000124931335,0.7106000185012817,0.11249999701976776
ENST00000289989.10,Cytoplasm,Nuclear export signal,0.6392999887466431,0.42260000109672546,0.1363999992609024,0.47279998660087585,0.21119999885559082,0.019999999552965164,0.21770000457763672,0.25929999351501465,0.24779999256134033,0.14720000326633453
ENST00000290317.9,Cell membrane,Transmembrane domain,0.10729999840259552,0.08829999715089798,0.033399999141693115,0.8026999831199646,0.1518000066280365,0.00839999970048666,0.2768000066280365,0.3312000036239624,0.1965000033378601,0.02630000002682209
ENST00000291547.10,Nucleus,Nuclear export signal,0.34459999203681946,0.8436999917030334,0.019899999722838402,0.12120000272989273,0.1264999955892563,0.00570000009611249,0.12300000339746475,0.14399999380111694,0.16120000183582306,0.006000000052154064
ENST00000291565.9,Cytoplasm,Nuclear export signal|Peroxisomal targeting signal,0.8223999738693237,0.4562000036239624,0.14010000228881836,0.15080000460147858,0.22059999406337738,0.026900000870227814,0.14219999313354492,0.13089999556541443,0.2581999897956848,0.6237999796867371
ENST00000291825.11,Cytoplasm,Nuclear localization signal,0.6620000004768372,0.39250001311302185,0.21819999814033508,0.4075999855995178,0.11140000075101852,0.004399999976158142,0.10970000177621841,0.20960000157356262,0.1754000037908554,0.006599999964237213
ENST00000293217.10,Peroxisome,Peroxisomal targeting signal,0.19760000705718994,0.16769999265670776,0.044199999421834946,0.10760000348091125,0.09640000015497208,0.014100000262260437,0.07090000063180923,0.04190000146627426,0.022700000554323196,0.9945999979972839
ENST00000293525.5,Cytoplasm,,0.7027999758720398,0.2526000142097473,0.11569999903440475,0.3447999954223633,0.2759999930858612,0.01850000023841858,0.03539999946951866,0.10360000282526016,0.1737000048160553,0.02630000002682209
ENST00000294868.8,Cytoplasm,Nuclear export signal,0.6434000134468079,0.35690000653266907,0.09560000151395798,0.12479999661445618,0.4519999921321869,0.029999999329447746,0.4530999958515167,0.11150000244379044,0.25949999690055847,0.07540000230073929
ENST00000295297.4,Extracellular,Signal peptide,0.19089999794960022,0.07959999889135361,0.8812000155448914,0.18410000205039978,0.06019999831914902,0.003700000001117587,0.1907999962568283,0.14730000495910645,0.18449999392032623,0.0015999999595806003
ENST00000295461.10,Cell membrane|Lysosome/Vacuole|Golgi apparatus,Signal peptide|Transmembrane domain,0.09399999678134918,0.03929999843239784,0.024900000542402267,0.5993000268936157,0.04470000043511391,0.06480000168085098,0.2011999934911728,0.5964999794960022,0.6635000109672546,0.08839999884366989
ENST00000295760.11,Extracellular,Signal peptide,0.27790001034736633,0.17010000348091125,0.7930999994277954,0.25769999623298645,0.12080000340938568,0.002099999925121665,0.1387999951839447,0.23929999768733978,0.21979999542236328,0.008999999612569809
ENST00000295920.7,Cytoplasm,Nuclear export signal,0.7840999960899353,0.46709999442100525,0.05209999904036522,0.08900000154972076,0.4964999854564667,0.0917000025510788,0.21389999985694885,0.10400000214576721,0.09640000015497208,0.07000000029802322
ENST00000296350.10,Cell membrane,,0.12389999628067017,0.0949999988079071,0.2827000021934509,0.7269999980926514,0.03370000049471855,0.00039999998989515007,0.2167000025510788,0.435699999332428,0.20749999582767487,0.010700000450015068
ENST00000296351.8,Extracellular,Signal peptide,0.12639999389648438,0.09520000219345093,0.6869999766349792,0.3237999975681305,0.09279999881982803,0.0005000000237487257,0.296999990940094,0.5482000112533569,0.19859999418258667,0.00039999998989515007
ENST00000298630.8,Cytoplasm|Nucleus,Nuclear localization signal,0.6861000061035156,0.5339000225067139,0.06650000065565109,0.29980000853538513,0.2159000039100647,0.004600000102072954,0.24070000648498535,0.29739999771118164,0.2079000025987625,0.007300000172108412
ENST00000298912.9,Cytoplasm,Signal peptide|Transmembrane domain,0.5321999788284302,0.2612000107765198,0.09860000014305115,0.376800000667572,0.16200000047683716,0.03920000046491623,0.5722000002861023,0.3970000147819519,0.4740000069141388,0.1843000054359436
ENST00000298966.7,Endoplasmic reticulum,Transmembrane domain,0.16940000653266907,0.37869998812675476,0.04479999840259552,0.10899999737739563,0.1468999981880188,0.023800000548362732,0.8930000066757202,0.12120000272989273,0.4187000095844269,0.010599999688565731
ENST00000299237.3,Nucleus,Nuclear localization signal,0.29989999532699585,0.7768999934196472,0.05730000138282776,0.18459999561309814,0.05530000105500221,0.05480000004172325,0.07050000131130219,0.0835999995470047,0.0714000016450882,0.0071000000461936
ENST00000299578.10,Cytoplasm,Nuclear export signal,0.7098000049591064,0.3776000142097473,0.07159999758005142,0.2387000024318695,0.26589998602867126,0.014000000432133675,0.14030000567436218,0.06939999759197235,0.2084999978542328,0.048900000751018524
ENST00000299927.4,Nucleus,Nuclear localization signal,0.3179999887943268,0.8924000263214111,0.03310000151395798,0.1225999966263771,0.04560000076889992,0.006599999964237213,0.031300000846385956,0.053199999034404755,0.05429999902844429,0.00430000014603138
ENST00000300035.9,Nucleus,Nuclear localization signal,0.2395000010728836,0.9527999758720398,0.05180000141263008,0.05860000103712082,0.18209999799728394,0.014999999664723873,0.019099999219179153,0.014800000004470348,0.02969999983906746,0.015599999576807022
ENST00000300036.6,Cytoplasm,,0.7152000069618225,0.2443999946117401,0.05260000005364418,0.48350000381469727,0.21040000021457672,0.010900000110268593,0.06790000200271606,0.15369999408721924,0.2549000084400177,0.04270000010728836
ENST00000300249.10,Cytoplasm|Nucleus,Nuclear localization signal,0.7242000102996826,0.5094000101089478,0.14180000126361847,0.21140000224113464,0.14970000088214874,0.011099999770522118,0.19779999554157257,0.3140999972820282,0.3675000071525574,0.007499999832361937
ENST00000300619.12,Nucleus,Nuclear localization signal,0.27730000019073486,0.6549999713897705,0.04690000042319298,0.22990000247955322,0.05000000074505806,0.028599999845027924,0.11060000211000443,0.11110000312328339,0.054499998688697815,0.0019000000320374966
ENST00000300853.8,Nucleus,Nuclear export signal,0.4140999913215637,0.8113999962806702,0.04010000079870224,0.04859999939799309,0.2029999941587448,0.0210999995470047,0.05609999969601631,0.1005999967455864,0.09510000050067902,0.01720000058412552
ENST00000301242.9,Cytoplasm|Nucleus,Nuclear localization signal,0.5834000110626221,0.7656000256538391,0.21469999849796295,0.2257000058889389,0.1565999984741211,0.0012000000569969416,0.056699998676776886,0.1615000069141388,0.1704999953508377,0.012500000186264515
ENST00000301318.8,Nucleus,,0.35260000824928284,0.7829999923706055,0.11389999836683273,0.12370000034570694,0.09830000251531601,0.013700000010430813,0.14390000700950623,0.18719999492168427,0.19269999861717224,0.02969999983906746
ENST00000301608.9,Peroxisome,Peroxisomal targeting signal,0.1965000033378601,0.16369999945163727,0.04520000144839287,0.10689999908208847,0.10180000215768814,0.013700000010430813,0.06849999725818634,0.039000000804662704,0.02280000038444996,0.9943000078201294
ENST00000301686.13,Cytoplasm|Nucleus,Nuclear export signal,0.7044000029563904,0.5756000280380249,0.15629999339580536,0.11810000240802765,0.4668000042438507,0.008899999782443047,0.21809999644756317,0.13930000364780426,0.2606000006198883,0.03889999911189079
ENST00000301897.5,Cytoplasm,,0.6220999956130981,0.3158000111579895,0.2791999876499176,0.2732999920845032,0.3540000021457672,0.002400000113993883,0.2232999950647354,0.14720000326633453,0.3151000142097473,0.02070000022649765
ENST00000302345.6,Endoplasmic reticulum|Golgi apparatus,Signal peptide|Transmembrane domain,0.12039999663829803,0.15199999511241913,0.21549999713897705,0.125900000333786,0.12229999899864197,0.013799999840557575,0.7603999972343445,0.3481999933719635,0.7750999927520752,0.02419999986886978
ENST00000302490.12,Cytoplasm,,0.6462000012397766,0.2637999951839447,0.05469999834895134,0.15299999713897705,0.4514000117778778,0.4481000006198883,0.1225999966263771,0.0778999999165535,0.13300000131130219,0.20090000331401825
ENST00000303375.10,Extracellular,Signal peptide,0.26269999146461487,0.15389999747276306,0.5684999823570251,0.30219998955726624,0.04019999876618385,0.002300000051036477,0.31850001215934753,0.4902999997138977,0.28380000591278076,0.008200000040233135
ENST00000303843.7,Cytoplasm,Nuclear export signal,0.6290000081062317,0.4068000018596649,0.08640000224113464,0.4251999855041504,0.10700000077486038,0.006899999920278788,0.17579999566078186,0.3188999891281128,0.2904999852180481,0.01679999940097332
ENST00000303887.10,Cytoplasm|Nucleus,Nuclear export signal,0.5027999877929688,0.666100025177002,0.026499999687075615,0.12319999933242798,0.14470000565052032,0.025499999523162842,0.0828000009059906,0.11630000174045563,0.10379999876022339,0.06769999861717224
ENST00000304004.7,Cytoplasm|Nucleus,Nuclear export signal,0.5023999810218811,0.7627999782562256,0.06499999761581421,0.21529999375343323,0.4041999876499176,0.05939999967813492,0.05420000106096268,0.16590000689029694,0.032999999821186066,0.012799999676644802
ENST00000304581.8,Cytoplasm,Nuclear export signal,0.7318000197410583,0.3504999876022339,0.08980000019073486,0.42410001158714294,0.13580000400543213,0.02250000089406967,0.16099999845027924,0.24459999799728394,0.23989999294281006,0.10599999874830246
ENST00000304685.8,Cytoplasm|Cell membrane,Nuclear export signal,0.6583999991416931,0.27399998903274536,0.02800000086426735,0.5802000164985657,0.1348000019788742,0.025100000202655792,0.24140000343322754,0.43050000071525574,0.42820000648498535,0.02500000037252903
ENST00000305046.13,Cytoplasm,,0.6948999762535095,0.2167000025510788,0.08869999647140503,0.1476999968290329,0.11999999731779099,0.03739999979734421,0.17880000174045563,0.19949999451637268,0.11259999871253967,0.06040000170469284
ENST00000305108.10,Cell membrane|Lysosome/Vacuole,Signal peptide|Transmembrane domain,0.12489999830722809,0.06199999898672104,0.037700001150369644,0.8357999920845032,0.04089999943971634,0.006599999964237213,0.43799999356269836,0.6941999793052673,0.4156999886035919,0.01080000028014183
ENST00000305531.3,Cytoplasm,Nuclear localization signal|Nuclear export signal,0.6678000092506409,0.33570000529289246,0.03620000183582306,0.5317999720573425,0.10660000145435333,0.021400000900030136,0.2842000126838684,0.25189998745918274,0.2020999938249588,0.014499999582767487
ENST00000306052.12,Cell membrane,Signal peptide|Transmembrane domain,0.21570000052452087,0.08669999986886978,0.45570001006126404,0.8282999992370605,0.04129999876022339,0.006099999882280827,0.29420000314712524,0.5582000017166138,0.40070000290870667,0.05270000174641609
ENST00000307142.9,Cytoplasm,Nuclear localization signal,0.7831000089645386,0.31150001287460327,0.08500000089406967,0.46230000257492065,0.14429999887943268,0.022199999541044235,0.11720000207424164,0.08529999852180481,0.1331000030040741,0.01209999993443489
ENST00000307257.10,Cytoplasm,Nuclear localization signal,0.767799973487854,0.4002000093460083,0.0949999988079071,0.2754000127315521,0.21160000562667847,0.020099999383091927,0.17520000040531158,0.22759999334812164,0.27309998869895935,0.02630000002682209
ENST00000307360.6,Cell membrane,Signal peptide|Transmembrane domain,0.21240000426769257,0.07649999856948853,0.14499999582767487,0.8202000260353088,0.022700000554323196,0.0024999999441206455,0.2531000077724457,0.3280999958515167,0.2906000018119812,0.05900000035762787
ENST00000307650.9,Cytoplasm|Nucleus,Nuclear export signal,0.6611999869346619,0.5199000239372253,0.037700001150369644,0.32679998874664307,0.2639000117778778,0.01679999940097332,0.23880000412464142,0.18639999628067017,0.20430000126361847,0.022600000724196434
ENST00000307671.12,Cell membrane|Endoplasmic reticulum|Lysosome/Vacuole|Golgi apparatus,Signal peptide|Transmembrane domain,0.15309999883174896,0.11469999700784683,0.022099999710917473,0.7384999990463257,0.12240000069141388,0.021299999207258224,0.6305000185966492,0.7249000072479248,0.717199981212616,0.0357000008225441
ENST00000308527.6,Cytoplasm|Lysosome/Vacuole,Nuclear export signal,0.6567000150680542,0.265500009059906,0.039500001817941666,0.42480000853538513,0.22339999675750732,0.004000000189989805,0.22059999406337738,0.6937999725341797,0.49939998984336853,0.01850000023841858
ENST00000308659.12,Cytoplasm,Nuclear export signal,0.5374000072479248,0.45339998602867126,0.1151999980211258,0.34880000352859497,0.3953999876976013,0.015699999406933784,0.32910001277923584,0.257999986410141,0.3765000104904175,0.2784999907016754
ENST00000309263.7,Extracellular,Signal peptide,0.2207999974489212,0.1704999953508377,0.829800009727478,0.47540000081062317,0.12549999356269836,0.005100000184029341,0.2076999992132187,0.21610000729560852,0.2874000072479248,0.03579999879002571
ENST00000309794.16,Cytoplasm,Nuclear export signal,0.6567999720573425,0.41110000014305115,0.03370000049471855,0.0763000026345253,0.4862000048160553,0.06310000270605087,0.10400000214576721,0.05290000140666962,0.0649000033736229,0.08969999849796295
ENST00000310454.10,Mitochondrion,Mitochondrial transit peptide,0.23270000517368317,0.1251000016927719,0.07429999858140945,0.16820000112056732,0.8894000053405762,0.14980000257492065,0.23280000686645508,0.1647000014781952,0.13850000500679016,0.1671999990940094
ENST00000311044.8,Nucleus,Nuclear localization signal,0.3109000027179718,0.8047000169754028,0.21400000154972076,0.24070000648498535,0.10490000247955322,0.016899999231100082,0.06449999660253525,0.0674000009894371,0.05779999867081642,0.003100000089034438
ENST00000311124.9,Cell membrane,Signal peptide|Transmembrane domain,0.11479999870061874,0.0649000033736229,0.08070000261068344,0.7289999723434448,0.11490000039339066,0.016200000420212746,0.4713999927043915,0.5527999997138977,0.43700000643730164,0.17010000348091125
ENST00000311604.8,Cytoplasm,Nuclear export signal,0.7480000257492065,0.3864000141620636,0.12080000340938568,0.35850000381469727,0.1656000018119812,0.007400000002235174,0.09220000356435776,0.10729999840259552,0.3626999855041504,0.021400000900030136
ENST00000311852.11,Cell membrane,Signal peptide|Transmembrane domain,0.1738000065088272,0.09539999812841415,0.48069998621940613,0.8065000176429749,0.02419999986886978,0.005200000014156103,0.20270000398159027,0.5465999841690063,0.4115999937057495,0.06520000100135803
ENST00000313056.10,Endoplasmic reticulum,Signal peptide,0.2459000051021576,0.21899999678134918,0.14190000295639038,0.10599999874830246,0.2624000012874603,0.007199999876320362,0.8378999829292297,0.1995999962091446,0.6205000281333923,0.006399999838322401
ENST00000313213.5,Cytoplasm,,0.6632000207901001,0.2964000105857849,0.061400000005960464,0.3605000078678131,0.5020999908447266,0.037700001150369644,0.3285999894142151,0.3781999945640564,0.24459999799728394,0.08579999953508377
ENST00000313863.11,Cytoplasm,Nuclear export signal,0.617900013923645,0.4772000014781952,0.05090000107884407,0.19580000638961792,0.25839999318122864,0.004100000020116568,0.38769999146461487,0.33169999718666077,0.19189999997615814,0.05739999935030937
ENST00000315273.4,Cytoplasm,Nuclear export signal,0.704800009727478,0.2587999999523163,0.08229999989271164,0.5440999865531921,0.13369999825954437,0.006899999920278788,0.18700000643730164,0.5504999756813049,0.4007999897003174,0.004699999932199717
ENST00000315782.6,Extracellular,Signal peptide,0.22519999742507935,0.11599999666213989,0.8385999798774719,0.30660000443458557,0.13500000536441803,0.005100000184029341,0.31439998745918274,0.2906999886035919,0.24819999933242798,0.05730000138282776
ENST00000315930.11,Cytoplasm,Nuclear localization signal,0.5078999996185303,0.365200012922287,0.38359999656677246,0.5550000071525574,0.13359999656677246,0.007600000128149986,0.12389999628067017,0.12229999899864197,0.22699999809265137,0.020600000396370888
ENST00000316334.5,Cytoplasm,Nuclear export signal,0.6863999962806702,0.47119998931884766,0.02879999950528145,0.3587000072002411,0.12319999933242798,0.004000000189989805,0.23260000348091125,0.2062000036239624,0.15970000624656677,0.029600000008940697
ENST00000316629.8,Cytoplasm|Nucleus,Nuclear localization signal,0.7300999760627747,0.781499981880188,0.05609999969601631,0.15369999408721924,0.15360000729560852,0.003000000026077032,0.17270000278949738,0.1809999942779541,0.08839999884366989,0.04690000042319298
ENST00000317446.7,Extracellular,Signal peptide,0.28850001096725464,0.23160000145435333,0.7455000281333923,0.4595000147819519,0.21080000698566437,0.002899999963119626,0.28360000252723694,0.44850000739097595,0.3630000054836273,0.006000000052154064
ENST00000318129.6,Nucleus,Nuclear localization signal,0.12849999964237213,0.9883000254631042,0.017899999395012856,0.020899999886751175,0.046300001442432404,0.0026000000070780516,0.02759999968111515,0.03189999982714653,0.011300000362098217,0.021800000220537186
ENST00000318622.8,Endoplasmic reticulum,Transmembrane domain,0.19859999418258667,0.30880001187324524,0.03819999843835831,0.32429999113082886,0.13819999992847443,0.13850000500679016,0.7299000024795532,0.33889999985694885,0.3391000032424927,0.031099999323487282
ENST00000319397.7,Nucleus,Nuclear export signal,0.4415000081062317,0.7720000147819519,0.02669999934732914,0.21089999377727509,0.05469999834895134,0.0032999999821186066,0.15160000324249268,0.21299999952316284,0.23970000445842743,0.059300001710653305
ENST00000319715.10,Nucleus,Nuclear localization signal,0.3052999973297119,0.8525000214576721,0.03970000147819519,0.13109999895095825,0.040699999779462814,0.006399999838322401,0.1388999968767166,0.03449999913573265,0.08320000022649765,0.005400000140070915
ENST00000320211.10,Nucleus,Nuclear export signal,0.3476000130176544,0.8174999952316284,0.0551999993622303,0.07329999655485153,0.18799999356269836,0.003599999938160181,0.1688999980688095,0.265500009059906,0.29010000824928284,0.021299999207258224
ENST00000320246.10,Cytoplasm|Nucleus,Nuclear export signal,0.7160999774932861,0.7342000007629395,0.022199999541044235,0.23319999873638153,0.16050000488758087,0.0026000000070780516,0.2126999944448471,0.3084000051021576,0.21850000321865082,0.029100000858306885
ENST00000321117.10,Nucleus,Nuclear localization signal,0.3391000032424927,0.9368000030517578,0.06260000169277191,0.09759999811649323,0.07559999823570251,0.031300000846385956,0.06989999860525131,0.019300000742077827,0.03319999948143959,0.002199999988079071
ENST00000321764.4,Cytoplasm,,0.732200026512146,0.28220000863075256,0.42340001463890076,0.21150000393390656,0.05920000001788139,0.011099999770522118,0.17820000648498535,0.2964000105857849,0.12319999933242798,0.009800000116229057
ENST00000321949.13,Cytoplasm|Nucleus,Nuclear localization signal|Nuclear export signal,0.6481000185012817,0.6687999963760376,0.03229999914765358,0.2587999999523163,0.04839999973773956,0.0066999997943639755,0.06469999998807907,0.14329999685287476,0.09149999916553497,0.012299999594688416
ENST00000322165.1,Endoplasmic reticulum,Signal peptide|Transmembrane domain,0.2061000019311905,0.13609999418258667,0.05779999867081642,0.29420000314712524,0.29350000619888306,0.0035000001080334187,0.8608999848365784,0.12030000239610672,0.09300000220537186,0.019899999722838402
ENST00000322507.13,Extracellular,Signal peptide,0.29829999804496765,0.0835999995470047,0.9197999835014343,0.3179999887943268,0.05660000070929527,0.006000000052154064,0.12290000170469284,0.21809999644756317,0.2443999946117401,0.01640000008046627
ENST00000322684.7,Cytoplasm|Nucleus,Nuclear localization signal,0.6815000176429749,0.5777999758720398,0.08760000020265579,0.06390000134706497,0.17960000038146973,0.0013000000035390258,0.1462000012397766,0.1031000018119812,0.1973000019788742,0.005900000222027302
ENST00000324001.8,Cytoplasm|Cell membrane,Nuclear localization signal,0.5884000062942505,0.33079999685287476,0.186599999666214,0.5881999731063843,0.12430000305175781,0.015200000256299973,0.18860000371932983,0.13040000200271606,0.20399999618530273,0.021199999377131462
ENST00000324172.10,Nucleus,Nuclear localization signal,0.22529999911785126,0.8549000024795532,0.2159000039100647,0.03999999910593033,0.21819999814033508,0.00419999985024333,0.012400000356137753,0.04699999839067459,0.015799999237060547,0.04190000146627426
ENST00000325327.4,Cytoplasm|Nucleus,Nuclear localization signal,0.5608999729156494,0.6985999941825867,0.07999999821186066,0.1704999953508377,0.19460000097751617,0.011300000362098217,0.09000000357627869,0.1517000049352646,0.22450000047683716,0.04540000110864639
ENST00000325805.13,Nucleus,Nuclear localization signal,0.2076999992132187,0.9839000105857849,0.02019999921321869,0.06909999996423721,0.031700000166893005,0.018200000748038292,0.04670000076293945,0.015799999237060547,0.022299999371170998,0.002899999963119626
ENST00000325881.9,Cytoplasm|Lysosome/Vacuole,,0.5525000095367432,0.25619998574256897,0.14020000398159027,0.3686000108718872,0.155799999833107,0.009200000204145908,0.1664000004529953,0.791100025177002,0.45410001277923584,0.010300000198185444
ENST00000326434.9,Extracellular,Signal peptide,0.1873999983072281,0.11599999666213989,0.8147000074386597,0.35089999437332153,0.11749999970197678,0.002199999988079071,0.4011000096797943,0.29490000009536743,0.3343999981880188,0.00800000037997961
ENST00000326587.12,Cytoplasm|Nucleus,Nuclear localization signal,0.5616999864578247,0.6823999881744385,0.1712000072002411,0.1428000032901764,0.0689999982714653,0.010300000198185444,0.10019999742507935,0.09300000220537186,0.061000000685453415,0.030300000682473183
ENST00000327247.9,Extracellular|Lysosome/Vacuole,Signal peptide,0.25769999623298645,0.1088000014424324,0.859499990940094,0.30250000953674316,0.2313999980688095,0.00139999995008111,0.3165999948978424,0.6632999777793884,0.4507000148296356,0.008500000461935997
ENST00000327551.6,Cytoplasm,Nuclear localization signal,0.7856000065803528,0.4724000096321106,0.05559999868273735,0.09889999777078629,0.1152999997138977,0.004800000227987766,0.15219999849796295,0.25119999051094055,0.44920000433921814,0.03929999843239784
ENST00000327858.11,Extracellular,Signal peptide,0.2037000060081482,0.133200004696846,0.7627000212669373,0.32510000467300415,0.12890000641345978,0.0026000000070780516,0.21410000324249268,0.39489999413490295,0.2295999974012375,0.005200000014156103
ENST00000328046.8,Cytoplasm,Nuclear export signal,0.7354000210762024,0.4162999987602234,0.05829999968409538,0.2328999936580658,0.14880000054836273,0.02250000089406967,0.15459999442100525,0.3637999892234802,0.1712000072002411,0.031099999323487282
ENST00000328514.11,Nucleus,Nuclear localization signal,0.21439999341964722,0.946399986743927,0.025699999183416367,0.028699999675154686,0.11789999902248383,0.0032999999821186066,0.05389999970793724,0.057500001043081284,0.04439999908208847,0.11259999871253967
ENST00000329197.9,Endoplasmic reticulum|Golgi apparatus,Signal peptide|Transmembrane domain,0.23399999737739563,0.21199999749660492,0.1274999976158142,0.11900000274181366,0.24959999322891235,0.006800000090152025,0.8355000019073486,0.2134999930858612,0.6608999967575073,0.007199999876320362
ENST00000329235.6,Cytoplasm|Golgi apparatus,Nuclear export signal|Peroxisomal targeting signal,0.592199981212616,0.305400013923645,0.11490000039339066,0.10130000114440918,0.09759999811649323,0.045899998396635056,0.3089999854564667,0.5767999887466431,0.7530999779701233,0.15770000219345093
ENST00000329293.4,Extracellular,Signal peptide,0.20900000631809235,0.16200000047683716,0.7329000234603882,0.29490000009536743,0.10809999704360962,0.0013000000035390258,0.41780000925064087,0.3393000066280365,0.40950000286102295,0.002199999988079071
ENST00000329548.5,Endoplasmic reticulum,Signal peptide|Transmembrane domain,0.08659999817609787,0.06340000033378601,0.05570000037550926,0.4203999936580658,0.16140000522136688,0.013299999758601189,0.7064999938011169,0.553600013256073,0.5260000228881836,0.05559999868273735
ENST00000330295.10,Extracellular,Signal peptide,0.11909999698400497,0.1225999966263771,0.9093000292778015,0.19280000030994415,0.06509999930858612,0.002400000113993883,0.22130000591278076,0.21930000185966492,0.27720001339912415,0.03579999879002571
ENST00000331410.10,Nucleus,Nuclear localization signal,0.32670000195503235,0.722599983215332,0.08839999884366989,0.210999995470047,0.030500000342726707,0.011800000444054604,0.05310000106692314,0.07909999787807465,0.04490000009536743,0.0026000000070780516
ENST00000331968.11,Cytoplasm,Nuclear export signal,0.7372000217437744,0.40700000524520874,0.03750000149011612,0.4025000035762787,0.1632000058889389,0.005900000222027302,0.17679999768733978,0.49380001425743103,0.42660000920295715,0.04740000143647194
ENST00000332966.8,Extracellular,Signal peptide,0.17239999771118164,0.12549999356269836,0.5889000296592712,0.4580000042915344,0.07829999923706055,0.0017000000225380063,0.2775000035762787,0.2434999942779541,0.19550000131130219,0.007199999876320362
ENST00000333407.11,Cytoplasm,,0.5582000017166138,0.22540000081062317,0.08129999786615372,0.5400000214576721,0.21299999952316284,0.019700000062584877,0.2535000145435333,0.3208000063896179,0.5015000104904175,0.040800001472234726
ENST00000333957.8,Cytoplasm|Lysosome/Vacuole,Nuclear export signal,0.6187000274658203,0.3230000138282776,0.06689999997615814,0.41589999198913574,0.24420000612735748,0.0066999997943639755,0.26809999346733093,0.6173999905586243,0.2890999913215637,0.018200000748038292
ENST00000334493.11,Cytoplasm,Nuclear export signal,0.5498999953269958,0.430400013923645,0.053700000047683716,0.4754999876022339,0.36469998955726624,0.002400000113993883,0.19290000200271606,0.5429999828338623,0.37310001254081726,0.0794999971985817
ENST00000334956.15,Cytoplasm|Cell membrane,Nuclear localization signal,0.7073000073432922,0.26249998807907104,0.08910000324249268,0.5784000158309937,0.1428000032901764,0.05979999899864197,0.17980000376701355,0.29330000281333923,0.3939000070095062,0.008500000461935997
ENST00000334976.11,Endoplasmic reticulum,Signal peptide,0.18569999933242798,0.15639999508857727,0.40290001034736633,0.1923000067472458,0.23260000348091125,0.004800000227987766,0.7272999882698059,0.2606000006198883,0.5623000264167786,0.014000000432133675
ENST00000335327.6,Cytoplasm,Nuclear localization signal,0.6068000197410583,0.3382999897003174,0.09030000120401382,0.3531000018119812,0.11159999668598175,0.004100000020116568,0.04520000144839287,0.34459999203681946,0.19529999792575836,0.004999999888241291
ENST00000335875.9,Cell membrane,Transmembrane domain,0.11659999936819077,0.05050000175833702,0.01590000092983246,0.8571000099182129,0.07880000025033951,0.006500000134110451,0.22689999639987946,0.36550000309944153,0.21899999678134918,0.00279999990016222
ENST00000336156.10,Cytoplasm,Nuclear localization signal,0.6251999735832214,0.325300008058548,0.08139999955892563,0.5098000168800354,0.15070000290870667,0.08449999988079071,0.2711000144481659,0.384799987077713,0.3352999985218048,0.05299999937415123
ENST00000336332.5,Nucleus,Nuclear export signal,0.29499998688697815,0.8662999868392944,0.03420000150799751,0.07959999889135361,0.10220000147819519,0.01489999983459711,0.06599999964237213,0.10320000350475311,0.07190000265836716,0.05270000174641609
ENST00000337019.7,Cytoplasm,Nuclear export signal,0.7495999932289124,0.27720001339912415,0.04259999841451645,0.2718000113964081,0.3986000120639801,0.01730000041425228,0.21369999647140503,0.16699999570846558,0.4011000096797943,0.07919999957084656
ENST00000337057.8,Cytoplasm|Cell membrane,Nuclear localization signal,0.611299991607666,0.23649999499320984,0.06539999693632126,0.6651999950408936,0.18889999389648438,0.03370000049471855,0.16429999470710754,0.31540000438690186,0.3926999866962433,0.00839999970048666
ENST00000337352.10,Cytoplasm,Nuclear export signal,0.6237000226974487,0.3671000003814697,0.05119999870657921,0.4230000078678131,0.21310000121593475,0.009999999776482582,0.28200000524520874,0.5583000183105469,0.31279999017715454,0.015799999237060547
ENST00000337566.9,Nucleus,,0.47609999775886536,0.5573999881744385,0.1453000009059906,0.23190000653266907,0.09449999779462814,0.009100000374019146,0.24879999458789825,0.07509999722242355,0.1080000028014183,0.03099999949336052
ENST00000337581.7,Cytoplasm|Nucleus,Nuclear export signal,0.7249000072479248,0.7860000133514404,0.11729999631643295,0.0608999989926815,0.35899999737739563,0.00139999995008111,0.15150000154972076,0.0925000011920929,0.08980000019073486,0.018699999898672104
ENST00000337706.7,Cytoplasm,,0.6531999707221985,0.3962000012397766,0.4415000081062317,0.2953000068664551,0.18459999561309814,0.007799999788403511,0.14509999752044678,0.09260000288486481,0.09399999678134918,0.01640000008046627
ENST00000338193.11,Cytoplasm|Nucleus,Nuclear export signal,0.5062000155448914,0.8313999772071838,0.02019999921321869,0.04600000008940697,0.2822999954223633,0.03970000147819519,0.19040000438690186,0.17900000512599945,0.11540000140666962,0.025100000202655792
ENST00000338401.8,Cytoplasm|Nucleus,Nuclear export signal,0.748199999332428,0.6812000274658203,0.036400001496076584,0.12759999930858612,0.37860000133514404,0.022600000724196434,0.4478999972343445,0.2190999984741211,0.17890000343322754,0.10620000213384628
ENST00000338446.8,Cytoplasm,,0.6740000247955322,0.46970000863075256,0.5072000026702881,0.24449999630451202,0.164000004529953,0.06859999895095825,0.3375999927520752,0.40299999713897705,0.2775000035762787,0.01889999955892563
ENST00000338797.10,Cytoplasm|Nucleus,Nuclear export signal,0.6518999934196472,0.6751000285148621,0.031099999323487282,0.25609999895095825,0.04659999907016754,0.006200000178068876,0.06520000100135803,0.14659999310970306,0.09359999746084213,0.014299999922513962
ENST00000338963.6,Cytoplasm,Nuclear export signal,0.7445999979972839,0.42559999227523804,0.028699999675154686,0.49799999594688416,0.210099995136261,0.03310000151395798,0.21860000491142273,0.43140000104904175,0.37950000166893005,0.045499999076128006
ENST00000339556.8,Cytoplasm|Cell membrane,Nuclear localization signal,0.7179999947547913,0.4268999993801117,0.17630000412464142,0.5734000205993652,0.18719999492168427,0.021700000390410423,0.4047999978065491,0.35830000042915344,0.2572999894618988,0.012799999676644802
ENST00000339738.10,Cytoplasm,Nuclear localization signal,0.5498999953269958,0.4528000056743622,0.0421999990940094,0.5084999799728394,0.2856000065803528,0.006399999838322401,0.2062000036239624,0.2689000070095062,0.2485000044107437,0.05119999870657921
ENST00000340149.6,Cytoplasm,Nuclear localization signal|Nuclear export signal,0.7439000010490417,0.28850001096725464,0.05270000174641609,0.35260000824928284,0.04859999939799309,0.00930000003427267,0.1274999976158142,0.4180999994277954,0.29910001158714294,0.013899999670684338
ENST00000340192.11,Nucleus,,0.40230000019073486,0.8015000224113464,0.031599998474121094,0.041099999099969864,0.12780000269412994,0.027499999850988388,0.031599998474121094,0.06379999965429306,0.07980000227689743,0.020400000736117363
ENST00000340370.10,Cytoplasm,Nuclear export signal,0.5795000195503235,0.3921000063419342,0.0502999983727932,0.4505000114440918,0.13019999861717224,0.02370000071823597,0.3043999969959259,0.3560999929904938,0.325300008058548,0.01269999984651804
ENST00000340537.9,Nucleus,,0.4300999939441681,0.4471000134944916,0.16850000619888306,0.05820000171661377,0.23589999973773956,0.023000000044703484,0.32170000672340393,0.22190000116825104,0.23600000143051147,0.051500000059604645
ENST00000340624.9,Extracellular,Signal peptide,0.2858000099658966,0.2890999913215637,0.7590000033378601,0.5234000086784363,0.25290000438690186,0.017500000074505806,0.388700008392334,0.23420000076293945,0.25769999623298645,0.014800000004470348
ENST00000340630.9,Cytoplasm,Nuclear export signal,0.7501999735832214,0.47119998931884766,0.1501999944448471,0.13289999961853027,0.15279999375343323,0.003800000064074993,0.25679999589920044,0.2597000002861023,0.4927000105381012,0.009499999694526196
ENST00000340912.6,Cytoplasm|Nucleus,Nuclear export signal,0.6359000205993652,0.6448000073432922,0.058800000697374344,0.12600000202655792,0.12849999964237213,0.020099999383091927,0.13510000705718994,0.12849999964237213,0.11309999972581863,0.04820000007748604
ENST00000341420.5,Cell membrane,Signal peptide|Transmembrane domain,0.1964000016450882,0.11720000207424164,0.30219998955726624,0.879800021648407,0.02979999966919422,0.023099999874830246,0.23389999568462372,0.36320000886917114,0.20759999752044678,0.06260000169277191
ENST00000342272.3,Cytoplasm|Nucleus,Nuclear localization signal,0.6308000087738037,0.535099983215332,0.10090000182390213,0.32089999318122864,0.05869999900460243,0.021800000220537186,0.10809999704360962,0.13120000064373016,0.28369998931884766,0.01899999938905239
ENST00000343023.10,Nucleus,Nuclear localization signal|Nuclear export signal,0.37070000171661377,0.795199990272522,0.0722000002861023,0.05790000036358833,0.13819999992847443,0.05220000073313713,0.19439999759197235,0.05510000139474869,0.08380000293254852,0.12430000305175781
ENST00000343245.7,Cytoplasm|Nucleus,Nuclear export signal,0.5996000170707703,0.5372999906539917,0.04960000142455101,0.28850001096725464,0.149399995803833,0.004600000102072954,0.24979999661445618,0.42739999294281006,0.21870000660419464,0.004900000058114529
ENST00000343267.8,Extracellular,Signal peptide,0.16760000586509705,0.06650000065565109,0.8587999939918518,0.21699999272823334,0.07559999823570251,0.0010000000474974513,0.2676999866962433,0.34940001368522644,0.17479999363422394,0.0017999999690800905
ENST00000343550.9,Nucleus,Nuclear localization signal|Nuclear export signal,0.38850000500679016,0.8235999941825867,0.05530000105500221,0.17159999907016754,0.13910000026226044,0.0019000000320374966,0.06769999861717224,0.19689999520778656,0.1421000063419342,0.004600000102072954
ENST00000343575.11,Extracellular,Signal peptide,0.05310000106692314,0.0348999984562397,0.9480000138282776,0.09109999984502792,0.03849999979138374,0.003100000089034438,0.1298999935388565,0.08900000154972076,0.05310000106692314,0.0003000000142492354
ENST00000343769.6,Nucleus,Nuclear localization signal,0.30230000615119934,0.6503000259399414,0.06440000236034393,0.1881999969482422,0.03830000013113022,0.03440000116825104,0.07209999859333038,0.08269999921321869,0.04729999974370003,0.0038999998942017555
ENST00000343813.10,Endoplasmic reticulum,,0.15119999647140503,0.20499999821186066,0.0551999993622303,0.21150000393390656,0.3353999853134155,0.07259999960660934,0.8510000109672546,0.41670000553131104,0.46790000796318054,0.1842000037431717
ENST00000344008.5,Nucleus,Nuclear localization signal,0.26910001039505005,0.9413999915122986,0.03889999911189079,0.06909999996423721,0.04580000042915344,0.010300000198185444,0.05900000035762787,0.04560000076889992,0.06719999760389328,0.01899999938905239
ENST00000344209.10,Cell membrane,Signal peptide|Transmembrane domain,0.29980000853538513,0.12460000067949295,0.02879999950528145,0.6502000093460083,0.051100000739097595,0.0007999999797903001,0.35580000281333923,0.3483999967575073,0.2703999876976013,0.024700000882148743
ENST00000345356.10,Extracellular,Signal peptide,0.299699991941452,0.07069999724626541,0.801800012588501,0.3328999876976013,0.07959999889135361,0.007199999876320362,0.18700000643730164,0.30570000410079956,0.2425999939441681,0.09570000320672989
ENST00000345415.11,Cytoplasm,,0.6819999814033508,0.3912000060081482,0.04270000010728836,0.06449999660253525,0.5583999752998352,0.08789999783039093,0.11659999936819077,0.039400000125169754,0.06499999761581421,0.0737999975681305
ENST00000346134.11,Cytoplasm|Lysosome/Vacuole,Nuclear export signal,0.597599983215332,0.2574000060558319,0.15960000455379486,0.4327999949455261,0.10559999942779541,0.008799999952316284,0.1850000023841858,0.6705999970436096,0.5217999815940857,0.01269999984651804
ENST00000346691.9,Nucleus,Nuclear export signal,0.335099995136261,0.8111000061035156,0.05169999971985817,0.07029999792575836,0.16439999639987946,0.0034000000450760126,0.17520000040531158,0.2863999903202057,0.28630000352859497,0.023800000548362732
ENST00000346834.8,Cell membrane,Transmembrane domain,0.15889999270439148,0.09910000115633011,0.039799999445676804,0.9190999865531921,0.20090000331401825,0.023399999365210533,0.47999998927116394,0.4797999858856201,0.3474000096321106,0.01510000042617321
ENST00000347262.8,Cytoplasm|Nucleus,Nuclear localization signal,0.5807999968528748,0.7020000219345093,0.14509999752044678,0.21660000085830688,0.16979999840259552,0.0010999999940395355,0.06019999831914902,0.16850000619888306,0.25380000472068787,0.010700000450015068
ENST00000348022.6,Nucleus,Nuclear localization signal,0.3138999938964844,0.7957000136375427,0.04580000042915344,0.11230000108480453,0.031599998474121094,0.008299999870359898,0.13230000436306,0.03739999979734421,0.06909999996423721,0.007600000128149986
ENST00000348579.6,Golgi apparatus,Signal peptide|Transmembrane domain,0.2029999941587448,0.061000000685453415,0.06599999964237213,0.41110000014305115,0.05849999934434891,0.004399999976158142,0.6079999804496765,0.4255000054836273,0.6809999942779541,0.016499999910593033
ENST00000348750.8,Cytoplasm|Lysosome/Vacuole,,0.5805000066757202,0.21969999372959137,0.09070000052452087,0.4999000132083893,0.24709999561309814,0.004800000227987766,0.15770000219345093,0.6013000011444092,0.6466000080108643,0.027000000700354576
ENST00000349598.6,Cytoplasm|Lysosome/Vacuole,Nuclear export signal,0.6001999974250793,0.26269999146461487,0.15379999577999115,0.421999990940094,0.10180000215768814,0.008899999782443047,0.19020000100135803,0.6783999800682068,0.5357000231742859,0.012199999764561653
ENST00000350302.8,Cytoplasm|Nucleus,Nuclear localization signal,0.4876999855041504,0.8428999781608582,0.09359999746084213,0.05009999871253967,0.09520000219345093,0.00559999980032444,0.13289999961853027,0.17960000038146973,0.11739999800920486,0.00989999994635582
ENST00000350499.6,Cytoplasm|Nucleus,Nuclear export signal,0.4875999987125397,0.6171000003814697,0.04399999976158142,0.11140000075101852,0.4505999982357025,0.006899999920278788,0.17180000245571136,0.13899999856948853,0.15039999783039093,0.05990000069141388
ENST00000351266.8,Cell membrane,,0.1809999942779541,0.12129999697208405,0.4837999939918518,0.7129999995231628,0.08380000293254852,0.004399999976158142,0.1687999963760376,0.1657000035047531,0.18880000710487366,0.015200000256299973
ENST00000351578.12,Cytoplasm,Nuclear localization signal,0.8269000053405762,0.20819999277591705,0.14259999990463257,0.3610999882221222,0.0617000013589859,0.007000000216066837,0.14949999749660492,0.2313999980688095,0.3368000090122223,0.0027000000700354576
ENST00000352591.9,Cell membrane,Signal peptide|Transmembrane domain,0.2337999939918518,0.07540000230073929,0.28870001435279846,0.8896999955177307,0.03519999980926514,0.0020000000949949026,0.14000000059604645,0.29260000586509705,0.23669999837875366,0.044199999421834946
ENST00000352684.2,Cytoplasm,Nuclear export signal,0.6854000091552734,0.49619999527931213,0.06629999727010727,0.16500000655651093,0.3125,0.0071000000461936,0.3587999939918518,0.38600000739097595,0.35679998993873596,0.025699999183416367
ENST00000353625.8,Cytoplasm,Nuclear export signal,0.6718000173568726,0.429500013589859,0.021400000900030136,0.3968000113964081,0.20659999549388885,0.010900000110268593,0.13490000367164612,0.24079999327659607,0.3540000021457672,0.07750000059604645
ENST00000354412.7,Cell membrane|Lysosome/Vacuole,Signal peptide|Transmembrane domain,0.20000000298023224,0.07800000160932541,0.42010000348091125,0.8343999981880188,0.04259999841451645,0.004999999888241291,0.3368000090122223,0.6402999758720398,0.4537000060081482,0.055799998342990875
ENST00000354841.4,Endoplasmic reticulum,Signal peptide|Transmembrane domain,0.26409998536109924,0.20389999449253082,0.0551999993622303,0.27129998803138733,0.18050000071525574,0.010099999606609344,0.8859999775886536,0.3181000053882599,0.4580000042915344,0.0722000002861023
ENST00000354900.7,Cell membrane,Signal peptide|Transmembrane domain,0.27549999952316284,0.12099999934434891,0.03959999978542328,0.6603999733924866,0.04800000041723251,0.0017000000225380063,0.3357999920845032,0.38499999046325684,0.25459998846054077,0.016599999740719795
ENST00000355190.7,Endoplasmic reticulum|Golgi apparatus,Signal peptide|Transmembrane domain,0.1868000030517578,0.2827000021934509,0.12039999663829803,0.15139999985694885,0.16949999332427979,0.007300000172108412,0.9139000177383423,0.3779999911785126,0.7250999808311462,0.007300000172108412
ENST00000355209.9,Cytoplasm|Nucleus,Nuclear export signal,0.5238999724388123,0.6773999929428101,0.09309999644756317,0.1680999994277954,0.20059999823570251,0.007300000172108412,0.19769999384880066,0.10930000245571136,0.13369999825954437,0.020400000736117363
ENST00000355499.9,Nucleus,Nuclear localization signal,0.2590000033378601,0.9375,0.022299999371170998,0.07400000095367432,0.05939999967813492,0.016499999910593033,0.04230000078678131,0.014299999922513962,0.02239999920129776,0.02160000056028366
ENST00000355673.8,Nucleus,Nuclear localization signal,0.20509999990463257,0.9797999858856201,0.03370000049471855,0.07190000265836716,0.04500000178813934,0.060100000351667404,0.048900000751018524,0.012900000438094139,0.011300000362098217,0.01640000008046627
ENST00000355854.8,Cytoplasm,Nuclear localization signal,0.7285000085830688,0.36079999804496765,0.04919999837875366,0.39809998869895935,0.12690000236034393,0.004699999932199717,0.3151000142097473,0.3230000138282776,0.3230000138282776,0.02019999921321869
ENST00000356087.8,Cytoplasm,,0.6787999868392944,0.2257000058889389,0.155799999833107,0.21459999680519104,0.2599000036716461,0.002300000051036477,0.05810000002384186,0.13420000672340393,0.2402999997138977,0.03620000183582306
ENST00000356311.10,Cytoplasm|Nucleus,,0.5309000015258789,0.5145999789237976,0.05950000137090683,0.07519999891519547,0.36489999294281006,0.009499999694526196,0.18119999766349792,0.05640000104904175,0.13189999759197235,0.23600000143051147
ENST00000356392.9,Cytoplasm,Nuclear localization signal,0.7408999800682068,0.19359999895095825,0.022299999371170998,0.423799991607666,0.10580000281333923,0.004100000020116568,0.06780000030994415,0.12999999523162842,0.16660000383853912,0.0015999999595806003
ENST00000356654.8,Nucleus,Nuclear localization signal,0.31220000982284546,0.9264000058174133,0.04749999940395355,0.05389999970793724,0.03739999979734421,0.008100000210106373,0.05920000001788139,0.03909999877214432,0.03280000016093254,0.0019000000320374966
ENST00000356786.10,Cytoplasm,Nuclear export signal,0.6848999857902527,0.2624000012874603,0.09300000220537186,0.32899999618530273,0.14959999918937683,0.0015999999595806003,0.21480000019073486,0.3255999982357025,0.5026000142097473,0.019899999722838402
ENST00000357277.8,Cytoplasm,Nuclear export signal,0.6291999816894531,0.40619999170303345,0.08699999749660492,0.42480000853538513,0.10679999738931656,0.006899999920278788,0.17560000717639923,0.31869998574256897,0.289900004863739,0.01679999940097332
ENST00000357460.7,Nucleus,Nuclear localization signal|Nuclear export signal,0.4666999876499176,0.8382999897003174,0.028599999845027924,0.09049999713897705,0.07519999891519547,0.004600000102072954,0.04800000041723251,0.10559999942779541,0.05590000003576279,0.004999999888241291
ENST00000357485.8,Nucleus,Nuclear localization signal,0.2653999924659729,0.9117000102996826,0.04170000180602074,0.05350000038743019,0.08449999988079071,0.00559999980032444,0.05860000103712082,0.03449999913573265,0.05220000073313713,0.014100000262260437
ENST00000357552.8,Nucleus,Nuclear localization signal,0.2833000123500824,0.8944000005722046,0.03139999881386757,0.14010000228881836,0.03929999843239784,0.01269999984651804,0.049300000071525574,0.027400000020861626,0.03750000149011612,0.034699998795986176
ENST00000357635.10,Cell membrane,,0.4397999942302704,0.323199987411499,0.01810000091791153,0.6510999798774719,0.2370000034570694,0.012199999764561653,0.33660000562667847,0.24379999935626984,0.37689998745918274,0.08030000329017639
ENST00000358683.8,Cell membrane,Transmembrane domain,0.1738000065088272,0.09430000185966492,0.031700000166893005,0.8956999778747559,0.1632000058889389,0.008899999782443047,0.45590001344680786,0.4478999972343445,0.2994000017642975,0.008700000122189522
ENST00000358707.7,Cytoplasm,Nuclear export signal,0.664900004863739,0.4196000099182129,0.023499999195337296,0.37869998812675476,0.25380000472068787,0.013100000098347664,0.11860000342130661,0.2547000050544739,0.3718000054359436,0.06350000202655792
ENST00000358777.10,Cell membrane,Signal peptide|Transmembrane domain,0.2134000062942505,0.06669999659061432,0.367000013589859,0.9054999947547913,0.05640000104904175,0.007600000128149986,0.18889999389648438,0.4047999978065491,0.29249998927116394,0.12700000405311584
ENST00000359086.4,Extracellular,Signal peptide,0.1559000015258789,0.15070000290870667,0.7990000247955322,0.2117999941110611,0.06040000170469284,0.0003000000142492354,0.35179999470710754,0.32339999079704285,0.2475000023841858,0.0006000000284984708
ENST00000359139.7,Cytoplasm,Nuclear export signal,0.692300021648407,0.47609999775886536,0.037700001150369644,0.2240000069141388,0.1031000018119812,0.006000000052154064,0.1890999972820282,0.545799970626831,0.4659999907016754,0.05649999901652336
ENST00000359205.9,Nucleus,Nuclear localization signal,0.25920000672340393,0.9375,0.02199999988079071,0.07360000163316727,0.06239999830722809,0.017799999564886093,0.04450000077486038,0.013100000098347664,0.021900000050663948,0.021700000390410423
ENST00000359370.10,Cytoplasm,,0.6531999707221985,0.3962000012397766,0.4415000081062317,0.2953000068664551,0.18459999561309814,0.007799999788403511,0.14509999752044678,0.09260000288486481,0.09399999678134918,0.01640000008046627
ENST00000359470.6,Cytoplasm,Nuclear export signal,0.7404000163078308,0.3353999853134155,0.06939999759197235,0.36340001225471497,0.12849999964237213,0.03440000116825104,0.15160000324249268,0.15940000116825104,0.22840000689029694,0.042899999767541885
ENST00000359787.5,Cytoplasm,,0.7484999895095825,0.16130000352859497,0.4036000072956085,0.40720000863075256,0.46880000829696655,0.00800000037997961,0.38109999895095825,0.26109999418258667,0.3046000003814697,0.0560000017285347
ENST00000359902.2,Cytoplasm,Nuclear export signal,0.70660001039505,0.31709998846054077,0.09989999979734421,0.23890000581741333,0.1527000069618225,0.005100000184029341,0.2087000012397766,0.42480000853538513,0.49570000171661377,0.0494999997317791
ENST00000359979.8,Cytoplasm,Nuclear export signal,0.6995000243186951,0.3578999936580658,0.048700001090765,0.2214999943971634,0.1559000015258789,0.014999999664723873,0.12129999697208405,0.14339999854564667,0.23749999701976776,0.0731000006198883
ENST00000360000.8,Cytoplasm|Nucleus,Nuclear localization signal,0.6650000214576721,0.5335000157356262,0.09880000352859497,0.07800000160932541,0.24390000104904175,0.03449999913573265,0.09030000120401382,0.05469999834895134,0.0877000018954277,0.030700000002980232
ENST00000360141.8,Cell membrane,Signal peptide|Transmembrane domain,0.2379000037908554,0.07900000363588333,0.24079999327659607,0.8604000210762024,0.01730000041425228,0.002099999925121665,0.17219999432563782,0.29750001430511475,0.2883000075817108,0.1898999959230423
ENST00000360570.8,Cytoplasm,Nuclear localization signal|Nuclear export signal,0.739799976348877,0.47749999165534973,0.23589999973773956,0.49540001153945923,0.20160000026226044,0.01119999960064888,0.23989999294281006,0.5777999758720398,0.30079999566078186,0.013199999928474426
ENST00000360798.7,Cell membrane,Signal peptide|Transmembrane domain,0.3495999872684479,0.12759999930858612,0.27480000257492065,0.6564000248908997,0.07429999858140945,0.02160000056028366,0.38370001316070557,0.3774999976158142,0.3294000029563904,0.019200000911951065
ENST00000360851.4,Cytoplasm,Nuclear export signal,0.6585000157356262,0.2937999963760376,0.032099999487400055,0.5552999973297119,0.13950000703334808,0.020800000056624413,0.2386000007390976,0.41749998927116394,0.4221000075340271,0.02070000022649765
ENST00000360966.9,Cytoplasm|Extracellular,,0.5227000117301941,0.1940000057220459,0.6866999864578247,0.4332999885082245,0.1615000069141388,0.012900000438094139,0.032600000500679016,0.07100000232458115,0.2231999933719635,0.03180000185966492
ENST00000360986.9,Extracellular,Signal peptide,0.22789999842643738,0.11339999735355377,0.8472999930381775,0.3174999952316284,0.14480000734329224,0.005799999926239252,0.3041999936103821,0.29420000314712524,0.24300000071525574,0.06369999796152115
ENST00000361042.8,Cytoplasm,Nuclear localization signal,0.574999988079071,0.3513000011444092,0.07209999859333038,0.33629998564720154,0.094200000166893,0.0027000000700354576,0.040800001472234726,0.3815000057220459,0.18649999797344208,0.005400000140070915
ENST00000361140.8,Nucleus,Nuclear export signal,0.4438000023365021,0.7793999910354614,0.08179999887943268,0.0674000009894371,0.07500000298023224,0.012000000104308128,0.06790000200271606,0.07410000264644623,0.14169999957084656,0.039900001138448715
ENST00000361229.8,Cytoplasm,Nuclear localization signal,0.6937999725341797,0.3919999897480011,0.03779999911785126,0.2964000105857849,0.10159999877214432,0.012900000438094139,0.07150000333786011,0.0551999993622303,0.10279999673366547,0.01209999993443489
ENST00000361507.5,Cytoplasm,Nuclear localization signal,0.730400025844574,0.3003000020980835,0.06120000034570694,0.4016999900341034,0.05310000106692314,0.008500000461935997,0.15800000727176666,0.5256999731063843,0.29319998621940613,0.011500000022351742
ENST00000361521.9,Cytoplasm|Nucleus,Nuclear export signal,0.635699987411499,0.5544999837875366,0.052299998700618744,0.1932000070810318,0.4027000069618225,0.006500000134110451,0.2304999977350235,0.1371999979019165,0.13490000367164612,0.05820000171661377
ENST00000361600.9,Cytoplasm,Nuclear localization signal,0.6812000274658203,0.3580000102519989,0.1363999992609024,0.2806999981403351,0.10010000318288803,0.047200001776218414,0.12489999830722809,0.10119999945163727,0.12960000336170197,0.0007999999797903001
ENST00000361778.7,Endoplasmic reticulum|Golgi apparatus,Signal peptide|Transmembrane domain,0.1712000072002411,0.10989999771118164,0.09830000251531601,0.2818000018596649,0.15600000321865082,0.014600000344216824,0.854200005531311,0.40630000829696655,0.6552000045776367,0.034299999475479126
ENST00000361831.9,Nucleus,Nuclear localization signal,0.25920000672340393,0.9375,0.02199999988079071,0.07360000163316727,0.06239999830722809,0.017799999564886093,0.04450000077486038,0.013100000098347664,0.021900000050663948,0.021700000390410423
ENST00000361948.8,Nucleus,Nuclear localization signal,0.42559999227523804,0.4625000059604645,0.06379999965429306,0.12870000302791595,0.07580000162124634,0.006899999920278788,0.11129999905824661,0.2328999936580658,0.20069999992847443,0.00570000009611249
ENST00000362089.10,Cell membrane,Signal peptide|Transmembrane domain,0.1598999947309494,0.11069999635219574,0.17839999496936798,0.7475000023841858,0.0357000008225441,0.011099999770522118,0.2985000014305115,0.303600013256073,0.40950000286102295,0.04050000011920929
ENST00000366139.3,Cytoplasm|Nucleus,Nuclear export signal,0.7204999923706055,0.536899983882904,0.05400000140070915,0.17030000686645508,0.09399999678134918,0.0071000000461936,0.07029999792575836,0.34369999170303345,0.32839998602867126,0.05909999832510948
ENST00000366254.2,Cytoplasm,,0.508400022983551,0.33009999990463257,0.37049999833106995,0.15039999783039093,0.5978000164031982,0.0044999998062849045,0.042100001126527786,0.04540000110864639,0.04439999908208847,0.15070000290870667
ENST00000366888.7,Cytoplasm,Nuclear export signal,0.777899980545044,0.2696000039577484,0.031099999323487282,0.18960000574588776,0.31779998540878296,0.014800000004470348,0.1703999936580658,0.3553999960422516,0.3804999887943268,0.07100000232458115
ENST00000366889.6,Cytoplasm,Nuclear export signal,0.777899980545044,0.2696000039577484,0.031099999323487282,0.18960000574588776,0.31779998540878296,0.014800000004470348,0.1703999936580658,0.3553999960422516,0.3804999887943268,0.07100000232458115
ENST00000367009.2,Endoplasmic reticulum,,0.21080000698566437,0.07240000367164612,0.011500000022351742,0.1460999995470047,0.31279999017715454,0.030899999663233757,0.8501999974250793,0.11389999836683273,0.21070000529289246,0.00989999994635582
ENST00000367010.5,Endoplasmic reticulum,Signal peptide|Transmembrane domain,0.11209999769926071,0.0689999982714653,0.055399999022483826,0.4350999891757965,0.22540000081062317,0.03500000014901161,0.9061999917030334,0.17829999327659607,0.41589999198913574,0.024399999529123306
ENST00000367429.9,Extracellular,Signal peptide,0.27469998598098755,0.14169999957084656,0.7479000091552734,0.29120001196861267,0.03970000147819519,0.0013000000035390258,0.2578999996185303,0.15049999952316284,0.09950000047683716,0.0035000001080334187
ENST00000367723.8,Endoplasmic reticulum,Signal peptide,0.15690000355243683,0.2874000072479248,0.20579999685287476,0.1973000019788742,0.14229999482631683,0.011099999770522118,0.7785999774932861,0.2011999934911728,0.5356000065803528,0.08820000290870667
ENST00000367972.8,Cell membrane,Signal peptide|Transmembrane domain,0.18299999833106995,0.06469999998807907,0.31709998846054077,0.9279000163078308,0.03920000046491623,0.0035000001080334187,0.09960000216960907,0.28940001130104065,0.1193000003695488,0.045099999755620956
ENST00000368072.10,Cytoplasm,Nuclear export signal|Peroxisomal targeting signal,0.7720999717712402,0.35030001401901245,0.03830000013113022,0.12030000239610672,0.4196000099182129,0.015599999576807022,0.24959999322891235,0.33230000734329224,0.41920000314712524,0.7008000016212463
ENST00000368134.6,Nucleus,Nuclear localization signal,0.22669999301433563,0.9000999927520752,0.05389999970793724,0.04170000180602074,0.12970000505447388,0.008299999870359898,0.01510000042617321,0.02930000051856041,0.018200000748038292,0.03629999980330467
ENST00000368300.9,Cytoplasm|Nucleus,Nuclear export signal,0.5432000160217285,0.6459000110626221,0.04280000180006027,0.21969999372959137,0.21709999442100525,0.02850000001490116,0.0794999971985817,0.12530000507831573,0.1907999962568283,0.07050000131130219
ENST00000368339.9,Nucleus,Nuclear localization signal,0.2773999869823456,0.9254000186920166,0.03610000014305115,0.07159999758005142,0.07429999858140945,0.013700000010430813,0.06769999861717224,0.019899999722838402,0.03840000182390213,0.02800000086426735
ENST00000368373.8,Extracellular|Lysosome/Vacuole,Signal peptide,0.25769999623298645,0.1088000014424324,0.859499990940094,0.30250000953674316,0.2313999980688095,0.00139999995008111,0.3165999948978424,0.6632999777793884,0.4507000148296356,0.008500000461935997
ENST00000368619.3,Mitochondrion,,0.3531000018119812,0.4221000075340271,0.5005999803543091,0.11029999703168869,0.5044000148773193,0.011900000274181366,0.15800000727176666,0.05270000174641609,0.1670999974012375,0.07000000029802322
ENST00000368620.2,Cytoplasm,,0.6438999772071838,0.321399986743927,0.3285999894142151,0.16019999980926514,0.34369999170303345,0.003700000001117587,0.12330000102519989,0.1324000060558319,0.3052000105381012,0.005200000014156103
ENST00000368916.1,Nucleus,Nuclear localization signal,0.21580000221729279,0.9387999773025513,0.03480000048875809,0.09529999643564224,0.0617000013589859,0.0024999999441206455,0.06679999828338623,0.09910000115633011,0.039500001817941666,0.009200000204145908
ENST00000368918.8,Nucleus,Nuclear localization signal,0.20559999346733093,0.9424999952316284,0.0340999998152256,0.07919999957084656,0.05609999969601631,0.002099999925121665,0.0632999986410141,0.06939999759197235,0.03550000116229057,0.01080000028014183
ENST00000368923.8,Peroxisome,Peroxisomal targeting signal,0.26669999957084656,0.16279999911785126,0.01590000092983246,0.08489999920129776,0.5083000063896179,0.0012000000569969416,0.14560000598430634,0.05590000003576279,0.0414000004529953,0.9272000193595886
ENST00000368924.9,Peroxisome,Peroxisomal targeting signal,0.2816999852657318,0.19619999825954437,0.01860000006854534,0.07190000265836716,0.4332999885082245,0.0006000000284984708,0.15000000596046448,0.05260000005364418,0.0430000014603138,0.941100001335144
ENST00000369031.4,Mitochondrion,Mitochondrial transit peptide,0.17419999837875366,0.1485999971628189,0.021900000050663948,0.09669999778270721,0.9311000108718872,0.059300001710653305,0.04820000007748604,0.06859999895095825,0.08649999648332596,0.14800000190734863
ENST00000369037.9,Mitochondrion,Mitochondrial transit peptide,0.20399999618530273,0.18619999289512634,0.027799999341368675,0.1005999967455864,0.8919000029563904,0.057100001722574234,0.0723000019788742,0.08229999989271164,0.09160000085830688,0.10289999842643738
ENST00000369070.5,Mitochondrion,,0.4560999870300293,0.3476000130176544,0.3779999911785126,0.08259999752044678,0.5062999725341797,0.054099999368190765,0.125900000333786,0.05700000002980232,0.06949999928474426,0.07349999994039536
ENST00000369076.8,Cytoplasm|Nucleus,Nuclear export signal,0.5996000170707703,0.5372999906539917,0.04960000142455101,0.28850001096725464,0.149399995803833,0.004600000102072954,0.24979999661445618,0.42739999294281006,0.21870000660419464,0.004900000058114529
ENST00000369081.3,Lysosome/Vacuole|Golgi apparatus,,0.4526999890804291,0.16189999878406525,0.35659998655319214,0.32910001277923584,0.3312999904155731,0.034299999475479126,0.2533999979496002,0.785099983215332,0.6711999773979187,0.0803999975323677
ENST00000369931.3,Cell membrane,Signal peptide|Transmembrane domain,0.16279999911785126,0.15719999372959137,0.2922999858856201,0.734499990940094,0.1542000025510788,0.006800000090152025,0.4661000072956085,0.16089999675750732,0.4528999924659729,0.35019999742507935
ENST00000369975.6,Cytoplasm|Cell membrane,Nuclear localization signal|Nuclear export signal,0.6924999952316284,0.2206999957561493,0.04729999974370003,0.5685999989509583,0.25600001215934753,0.008799999952316284,0.09399999678134918,0.1754000037908554,0.31859999895095825,0.025100000202655792
ENST00000369977.8,Cytoplasm|Cell membrane,Nuclear localization signal|Nuclear export signal,0.6924999952316284,0.2206999957561493,0.04729999974370003,0.5685999989509583,0.25600001215934753,0.008799999952316284,0.09399999678134918,0.1754000037908554,0.31859999895095825,0.025100000202655792
ENST00000370012.1,Nucleus,Nuclear localization signal,0.20559999346733093,0.7944999933242798,0.07119999825954437,0.22519999742507935,0.03590000048279762,0.006899999920278788,0.07769999653100967,0.03909999877214432,0.03500000014901161,0.02449999935925007
ENST00000370695.8,Cell membrane|Lysosome/Vacuole,Signal peptide|Transmembrane domain,0.14139999449253082,0.05550000071525574,0.03440000116825104,0.625,0.06120000034570694,0.008700000122189522,0.45719999074935913,0.6969000101089478,0.579200029373169,0.05090000107884407
ENST00000370698.7,Cell membrane|Lysosome/Vacuole,Signal peptide|Transmembrane domain,0.12349999696016312,0.05079999938607216,0.03530000150203705,0.6085000038146973,0.06859999895095825,0.008500000461935997,0.4611000120639801,0.7063999772071838,0.5723999738693237,0.05590000003576279
ENST00000370701.6,Cell membrane|Lysosome/Vacuole,Signal peptide|Transmembrane domain,0.15080000460147858,0.043699998408555984,0.02459999918937683,0.6366999745368958,0.0544000007212162,0.01209999993443489,0.46889999508857727,0.7315000295639038,0.5899999737739563,0.0544000007212162
ENST00000370818.8,Cell membrane,,0.13519999384880066,0.06960000097751617,0.4659999907016754,0.6589999794960022,0.0658000037074089,0.005799999926239252,0.3549000024795532,0.3644999861717224,0.3183000087738037,0.02879999950528145
ENST00000371001.6,Nucleus,Nuclear localization signal,0.2833000123500824,0.8944000005722046,0.03139999881386757,0.14010000228881836,0.03929999843239784,0.01269999984651804,0.049300000071525574,0.027400000020861626,0.03750000149011612,0.034699998795986176
ENST00000371059.7,Cell membrane,Signal peptide|Transmembrane domain,0.2872999906539917,0.14959999918937683,0.21529999375343323,0.7645999789237976,0.04639999940991402,0.014399999752640724,0.3228999972343445,0.49889999628067017,0.4277999997138977,0.06430000066757202
ENST00000371060.7,Cell membrane,Signal peptide|Transmembrane domain,0.27489998936653137,0.14640000462532043,0.21040000021457672,0.7648000121116638,0.04699999839067459,0.012400000356137753,0.32409998774528503,0.5271999835968018,0.4372999966144562,0.0820000022649765
ENST00000371222.4,Nucleus,Nuclear localization signal,0.27959999442100525,0.8971999883651733,0.039900001138448715,0.12219999730587006,0.09309999644756317,0.020400000736117363,0.06780000030994415,0.08100000023841858,0.08969999849796295,0.006000000052154064
ENST00000371243.2,Extracellular,Signal peptide,0.16040000319480896,0.06939999759197235,0.9693999886512756,0.3310000002384186,0.11869999766349792,0.012199999764561653,0.19519999623298645,0.16120000183582306,0.27149999141693115,0.0024999999441206455
ENST00000371253.7,Cell membrane,Signal peptide|Transmembrane domain,0.1421000063419342,0.06830000132322311,0.056299999356269836,0.8870000243186951,0.052000001072883606,0.012900000438094139,0.21080000698566437,0.3465000092983246,0.28369998931884766,0.020600000396370888
ENST00000372088.8,Cytoplasm,Nuclear export signal,0.7096999883651733,0.3946000039577484,0.031300000846385956,0.2152000069618225,0.10809999704360962,0.009399999864399433,0.1096000000834465,0.20340000092983246,0.24660000205039978,0.05550000071525574
ENST00000372121.5,Cell membrane,Transmembrane domain,0.24809999763965607,0.10729999840259552,0.05660000070929527,0.5961999893188477,0.24199999868869781,0.020800000056624413,0.3294000029563904,0.20469999313354492,0.13570000231266022,0.033900000154972076
ENST00000372136.7,Cytoplasm|Nucleus,,0.5309000015258789,0.5145999789237976,0.05950000137090683,0.07519999891519547,0.36489999294281006,0.009499999694526196,0.18119999766349792,0.05640000104904175,0.13189999759197235,0.23600000143051147
ENST00000372185.5,Mitochondrion|Endoplasmic reticulum,Mitochondrial transit peptide,0.29179999232292175,0.17949999868869781,0.3391000032424927,0.1859000027179718,0.6862999796867371,0.10790000110864639,0.7515000104904175,0.17470000684261322,0.19949999451637268,0.03909999877214432
ENST00000372187.9,Mitochondrion|Endoplasmic reticulum,Mitochondrial transit peptide,0.30090001225471497,0.17270000278949738,0.2734000086784363,0.1875,0.7163000106811523,0.1615999937057495,0.7488999962806702,0.1282999962568283,0.17810000479221344,0.053599998354911804
ENST00000372685.8,Cytoplasm|Nucleus,Nuclear localization signal,0.6650000214576721,0.5335000157356262,0.09880000352859497,0.07800000160932541,0.24390000104904175,0.03449999913573265,0.09030000120401382,0.05469999834895134,0.0877000018954277,0.030700000002980232
ENST00000372742.1,Cytoplasm,Nuclear localization signal,0.661899983882904,0.3725999891757965,0.07100000232458115,0.4309999942779541,0.08349999785423279,0.02449999935925007,0.4787999987602234,0.0737999975681305,0.20489999651908875,0.00930000003427267
ENST00000372980.4,Cell membrane|Endoplasmic reticulum,Signal peptide|Transmembrane domain,0.2773999869823456,0.26910001039505005,0.04259999841451645,0.565500020980835,0.28529998660087585,0.01860000006854534,0.7972999811172485,0.2087000012397766,0.48980000615119934,0.08320000022649765
ENST00000373674.4,Extracellular|Cell membrane,Signal peptide,0.15780000388622284,0.10040000081062317,0.6322000026702881,0.6448000073432922,0.04690000042319298,0.0010000000474974513,0.31380000710487366,0.28029999136924744,0.22599999606609344,0.00430000014603138
ENST00000373808.8,Cytoplasm,,0.8119000196456909,0.15680000185966492,0.1738000065088272,0.24529999494552612,0.06520000100135803,0.018799999728798866,0.1826999932527542,0.4433000087738037,0.2628999948501587,0.1152999997138977
ENST00000373818.8,Extracellular,Signal peptide,0.3084999918937683,0.08259999752044678,0.5814999938011169,0.17249999940395355,0.10080000013113022,0.14110000431537628,0.46219998598098755,0.45989999175071716,0.298799991607666,0.034699998795986176
ENST00000373824.9,Nucleus,Nuclear localization signal,0.2660999894142151,0.9054999947547913,0.029999999329447746,0.09070000052452087,0.09529999643564224,0.020899999886751175,0.08259999752044678,0.09300000220537186,0.09390000253915787,0.011099999770522118
ENST00000373921.8,Cytoplasm,Nuclear localization signal|Nuclear export signal,0.800599992275238,0.3107999861240387,0.07540000230073929,0.34049999713897705,0.0934000015258789,0.0013000000035390258,0.2190999984741211,0.42289999127388,0.4341999888420105,0.011900000274181366
ENST00000373925.5,Cytoplasm,Nuclear export signal,0.6787999868392944,0.43149998784065247,0.20739999413490295,0.15199999511241913,0.18880000710487366,0.002199999988079071,0.2215999960899353,0.26460000872612,0.27160000801086426,0.0957999974489212
ENST00000373927.7,Cytoplasm,,0.6502000093460083,0.4124999940395355,0.17020000517368317,0.17020000517368317,0.16949999332427979,0.00139999995008111,0.07490000128746033,0.24979999661445618,0.11749999970197678,0.09120000153779984
ENST00000373960.4,Cytoplasm,Nuclear localization signal|Nuclear export signal,0.7466999888420105,0.32690000534057617,0.12060000002384186,0.3476000130176544,0.2248000055551529,0.00839999970048666,0.04610000178217888,0.10209999978542328,0.22419999539852142,0.013799999840557575
ENST00000374201.8,Cytoplasm,Nuclear localization signal|Nuclear export signal,0.6790000200271606,0.3156000077724457,0.043299999088048935,0.5404999852180481,0.10260000079870224,0.01679999940097332,0.23479999601840973,0.2565999925136566,0.2012999951839447,0.01600000075995922
ENST00000374343.5,Endoplasmic reticulum,Transmembrane domain,0.23579999804496765,0.21629999577999115,0.015799999237060547,0.3190000057220459,0.15809999406337738,0.0034000000450760126,0.7182999849319458,0.2134999930858612,0.5605999827384949,0.00800000037997961
ENST00000374426.6,Extracellular,Signal peptide,0.07370000332593918,0.05350000038743019,0.9246000051498413,0.10279999673366547,0.04529999941587448,0.00279999990016222,0.14830000698566437,0.057999998331069946,0.046300001442432404,0.0005000000237487257
ENST00000374429.6,Extracellular,Signal peptide,0.04969999939203262,0.039900001138448715,0.9495999813079834,0.1006999984383583,0.04830000177025795,0.0035000001080334187,0.12139999866485596,0.07339999824762344,0.05490000173449516,0.000699999975040555
ENST00000374574.2,Cell membrane|Lysosome/Vacuole,Signal peptide|Transmembrane domain,0.18250000476837158,0.08299999684095383,0.1454000025987625,0.7903000116348267,0.06120000034570694,0.019600000232458115,0.36079999804496765,0.6189000010490417,0.3467999994754791,0.06859999895095825
ENST00000374580.10,Cell membrane,Signal peptide|Transmembrane domain,0.2551000118255615,0.11159999668598175,0.10999999940395355,0.7645999789237976,0.06639999896287918,0.017500000074505806,0.36149999499320984,0.5722000002861023,0.3061999976634979,0.07259999960660934
ENST00000374611.9,Cytoplasm,,0.708299994468689,0.4828999936580658,0.013000000268220901,0.09860000014305115,0.5351999998092651,0.005200000014156103,0.06620000302791595,0.018300000578165054,0.03500000014901161,0.026000000536441803
ENST00000374675.7,Endoplasmic reticulum,Signal peptide|Transmembrane domain,0.07999999821186066,0.09399999678134918,0.03830000013113022,0.4984999895095825,0.13670000433921814,0.008200000040233135,0.680400013923645,0.5013999938964844,0.3264000117778778,0.08209999650716782
ENST00000374677.8,Endoplasmic reticulum,Signal peptide|Transmembrane domain,0.07999999821186066,0.09399999678134918,0.03830000013113022,0.4984999895095825,0.13670000433921814,0.008200000040233135,0.680400013923645,0.5013999938964844,0.3264000117778778,0.08209999650716782
ENST00000374876.4,Cytoplasm,Nuclear export signal,0.6468999981880188,0.44119998812675476,0.08659999817609787,0.1543000042438507,0.10100000351667404,0.004800000227987766,0.20919999480247498,0.13369999825954437,0.1995999962091446,0.01759999990463257
ENST00000374877.7,Cytoplasm,Nuclear localization signal,0.5389000177383423,0.3361000120639801,0.043800000101327896,0.1842000037431717,0.066600002348423,0.00839999970048666,0.0617000013589859,0.05249999836087227,0.06520000100135803,0.0020000000949949026
ENST00000374881.3,Cytoplasm|Nucleus,Nuclear export signal,0.6886000037193298,0.5722000002861023,0.01899999938905239,0.10339999943971634,0.26170000433921814,0.026000000536441803,0.08799999952316284,0.11919999867677689,0.13009999692440033,0.045499999076128006
ENST00000374882.8,Cytoplasm|Nucleus,Nuclear export signal,0.6247000098228455,0.527899980545044,0.024800000712275505,0.1362999975681305,0.353300005197525,0.012400000356137753,0.07819999754428864,0.10199999809265137,0.10830000042915344,0.03750000149011612
ENST00000375023.3,Extracellular,Signal peptide,0.24330000579357147,0.1615999937057495,0.6926000118255615,0.38690000772476196,0.10949999839067459,0.002099999925121665,0.21320000290870667,0.289000004529953,0.22949999570846558,0.004000000189989805
ENST00000375055.6,Extracellular,Signal peptide,0.24619999527931213,0.15559999644756317,0.7311000227928162,0.5429999828338623,0.23389999568462372,0.002099999925121665,0.32749998569488525,0.23250000178813934,0.2506999969482422,0.002400000113993883
ENST00000375069.7,Cell membrane,Signal peptide|Transmembrane domain,0.23810000717639923,0.11169999837875366,0.35370001196861267,0.8938000202178955,0.06030000001192093,0.0038999998942017555,0.3716000020503998,0.32100000977516174,0.21299999952316284,0.0860000029206276
ENST00000375070.7,Cell membrane,Signal peptide|Transmembrane domain,0.26269999146461487,0.11599999666213989,0.2151000052690506,0.9377999901771545,0.059700001031160355,0.005799999926239252,0.3434000015258789,0.3361999988555908,0.22609999775886536,0.19120000302791595
ENST00000375076.9,Cell membrane,Signal peptide|Transmembrane domain,0.2295999974012375,0.11159999668598175,0.35190001130104065,0.9010999798774719,0.05900000035762787,0.0038999998942017555,0.35830000042915344,0.3424000144004822,0.21369999647140503,0.09759999811649323
ENST00000375244.7,Extracellular,Signal peptide,0.2558000087738037,0.12139999866485596,0.8416000008583069,0.400299996137619,0.07419999688863754,0.00559999980032444,0.15690000355243683,0.29319998621940613,0.24690000712871552,0.008899999782443047
ENST00000375321.1,Cytoplasm,Nuclear export signal,0.804099977016449,0.3637000024318695,0.022199999541044235,0.11640000343322754,0.1517000049352646,0.00419999985024333,0.11630000174045563,0.14270000159740448,0.1753000020980835,0.01899999938905239
ENST00000375322.2,Cytoplasm,Nuclear export signal,0.6201000213623047,0.41370001435279846,0.10199999809265137,0.052400000393390656,0.31380000710487366,0.052799999713897705,0.2345999926328659,0.3894999921321869,0.5006999969482422,0.23849999904632568
ENST00000375482.8,Cytoplasm,Nuclear export signal,0.6237000226974487,0.3671000003814697,0.05119999870657921,0.4230000078678131,0.21310000121593475,0.009999999776482582,0.28200000524520874,0.5583000183105469,0.31279999017715454,0.015799999237060547
ENST00000375722.5,Cytoplasm|Nucleus,Nuclear localization signal,0.5616999864578247,0.6823999881744385,0.1712000072002411,0.1428000032901764,0.0689999982714653,0.010300000198185444,0.10019999742507935,0.09300000220537186,0.061000000685453415,0.030300000682473183
ENST00000375747.5,Cytoplasm,Nuclear export signal,0.6929000020027161,0.3513999879360199,0.031099999323487282,0.45210000872612,0.10499999672174454,0.01080000028014183,0.14830000698566437,0.534500002861023,0.26330000162124634,0.004900000058114529
ENST00000375751.8,Cytoplasm,Nuclear export signal,0.6929000020027161,0.3513999879360199,0.031099999323487282,0.45210000872612,0.10499999672174454,0.01080000028014183,0.14830000698566437,0.534500002861023,0.26330000162124634,0.004900000058114529
ENST00000375754.9,Cytoplasm,Nuclear export signal,0.6743999719619751,0.29510000348091125,0.03099999949336052,0.5633000135421753,0.12849999964237213,0.018799999728798866,0.17520000040531158,0.5049999952316284,0.3138999938964844,0.007000000216066837
ENST00000375772.7,Cytoplasm|Nucleus,Nuclear localization signal,0.5616999864578247,0.6823999881744385,0.1712000072002411,0.1428000032901764,0.0689999982714653,0.010300000198185444,0.10019999742507935,0.09300000220537186,0.061000000685453415,0.030300000682473183
ENST00000375966.8,Cytoplasm,Nuclear localization signal,0.5458999872207642,0.4537000060081482,0.03970000147819519,0.49570000171661377,0.2915000021457672,0.006099999882280827,0.20440000295639038,0.2517000138759613,0.24709999561309814,0.04910000041127205
ENST00000376215.10,Mitochondrion,Mitochondrial transit peptide,0.2662000060081482,0.21449999511241913,0.04769999906420708,0.10249999910593033,0.9215999841690063,0.0012000000569969416,0.10719999670982361,0.10679999738931656,0.1543000042438507,0.16590000689029694
ENST00000376667.7,Cytoplasm,Nuclear export signal,0.6934000253677368,0.478300005197525,0.03799999877810478,0.12349999696016312,0.2867000102996826,0.00860000029206276,0.1981000006198883,0.45179998874664307,0.33160001039505005,0.04859999939799309
ENST00000376692.9,Cytoplasm,Nuclear export signal,0.6934000253677368,0.478300005197525,0.03799999877810478,0.12349999696016312,0.2867000102996826,0.00860000029206276,0.1981000006198883,0.45179998874664307,0.33160001039505005,0.04859999939799309
ENST00000376874.9,Cytoplasm,Nuclear export signal,0.5871999859809875,0.3828999996185303,0.026100000366568565,0.3531999886035919,0.20999999344348907,0.008100000210106373,0.36550000309944153,0.5138999819755554,0.589900016784668,0.039900001138448715
ENST00000376918.7,Endoplasmic reticulum,Signal peptide,0.21299999952316284,0.15860000252723694,0.42239999771118164,0.1881999969482422,0.25,0.0038999998942017555,0.654699981212616,0.31769999861717224,0.5525000095367432,0.012600000016391277
ENST00000377022.8,Nucleus,Nuclear localization signal,0.26910001039505005,0.9413999915122986,0.03889999911189079,0.06909999996423721,0.04580000042915344,0.010300000198185444,0.05900000035762787,0.04560000076889992,0.06719999760389328,0.01899999938905239
ENST00000377184.7,Cytoplasm|Cell membrane,Nuclear localization signal|Nuclear export signal,0.6194999814033508,0.2646999955177307,0.03020000085234642,0.7275999784469604,0.2134000062942505,0.019700000062584877,0.32499998807907104,0.3257000148296356,0.5192999839782715,0.003700000001117587
ENST00000377284.5,Cytoplasm,Nuclear localization signal,0.697700023651123,0.37950000166893005,0.04129999876022339,0.24050000309944153,0.125,0.006399999838322401,0.16580000519752502,0.1842000037431717,0.38580000400543213,0.0017999999690800905
ENST00000377727.2,Nucleus,Nuclear localization signal,0.310699999332428,0.7889000177383423,0.11590000241994858,0.29089999198913574,0.09700000286102295,0.18490000069141388,0.13050000369548798,0.06289999932050705,0.13830000162124634,0.0024999999441206455
ENST00000377842.7,Cytoplasm|Nucleus,Nuclear export signal,0.6661999821662903,0.5878999829292297,0.029999999329447746,0.12639999389648438,0.2718999981880188,0.011699999682605267,0.29679998755455017,0.12839999794960022,0.1720999926328659,0.049300000071525574
ENST00000377855.6,Mitochondrion,Mitochondrial transit peptide,0.29280000925064087,0.19349999725818634,0.05849999934434891,0.12790000438690186,0.9379000067710876,0.0019000000320374966,0.065700002014637,0.07450000196695328,0.08789999783039093,0.03999999910593033
ENST00000377934.4,Extracellular,Signal peptide,0.1525000035762787,0.06939999759197235,0.8417999744415283,0.17949999868869781,0.09529999643564224,0.001500000013038516,0.43389999866485596,0.4596000015735626,0.4129999876022339,0.005499999970197678
ENST00000377988.6,Cell membrane|Endoplasmic reticulum|Golgi apparatus,Signal peptide|Transmembrane domain,0.11949999630451202,0.051500000059604645,0.019899999722838402,0.6545000076293945,0.12970000505447388,0.013799999840557575,0.6262000203132629,0.5422999858856201,0.6972000002861023,0.07909999787807465
ENST00000377991.9,Cell membrane|Endoplasmic reticulum|Golgi apparatus,Signal peptide|Transmembrane domain,0.11949999630451202,0.051500000059604645,0.019899999722838402,0.6545000076293945,0.12970000505447388,0.013799999840557575,0.6262000203132629,0.5422999858856201,0.6972000002861023,0.07909999787807465
ENST00000378053.3,Cell membrane,Signal peptide|Transmembrane domain,0.1964000016450882,0.11720000207424164,0.30219998955726624,0.879800021648407,0.02979999966919422,0.023099999874830246,0.23389999568462372,0.36320000886917114,0.20759999752044678,0.06260000169277191
ENST00000378424.9,Cytoplasm,,0.6589000225067139,0.40049999952316284,0.29789999127388,0.2939000129699707,0.548799991607666,0.008999999612569809,0.47209998965263367,0.3968999981880188,0.22769999504089355,0.07670000195503235
ENST00000378427.6,Cytoplasm,Nuclear export signal,0.6787999868392944,0.41429999470710754,0.3158999979496002,0.3165999948978424,0.5382999777793884,0.010599999688565731,0.38449999690055847,0.38350000977516174,0.2621999979019165,0.08720000088214874
ENST00000378525.2,Cytoplasm|Nucleus,,0.5891000032424927,0.5497000217437744,0.08919999748468399,0.1404000073671341,0.19519999623298645,0.001500000013038516,0.14139999449253082,0.16609999537467957,0.14640000462532043,0.11410000175237656
ENST00000378529.7,Cytoplasm,Nuclear export signal,0.6919999718666077,0.4945000112056732,0.15780000388622284,0.26759999990463257,0.23749999701976776,0.001500000013038516,0.24150000512599945,0.2752000093460083,0.21050000190734863,0.029899999499320984
ENST00000378531.8,Cytoplasm|Nucleus,Nuclear export signal,0.6568999886512756,0.5202999711036682,0.13729999959468842,0.22220000624656677,0.25290000438690186,0.0017000000225380063,0.17180000245571136,0.22470000386238098,0.17329999804496765,0.01590000092983246
ENST00000378600.7,Nucleus,Nuclear localization signal,0.28119999170303345,0.8532000184059143,0.03189999982714653,0.05999999865889549,0.09049999713897705,0.016499999910593033,0.0471000000834465,0.01720000058412552,0.03319999948143959,0.003100000089034438
ENST00000378601.7,Nucleus,Nuclear localization signal,0.2224999964237213,0.8792999982833862,0.041600000113248825,0.04349999874830246,0.08470000326633453,0.01850000023841858,0.045899998396635056,0.011699999682605267,0.020999999716877937,0.0027000000700354576
ENST00000378611.8,Cytoplasm,Nuclear localization signal,0.7541000247001648,0.3955000042915344,0.07580000162124634,0.20090000331401825,0.2337999939918518,0.006599999964237213,0.17640000581741333,0.09309999644756317,0.16419999301433563,0.02449999935925007
ENST00000378617.4,Endoplasmic reticulum,Signal peptide|Transmembrane domain,0.18240000307559967,0.08290000259876251,0.052400000393390656,0.4472000002861023,0.11060000211000443,0.021800000220537186,0.8205000162124634,0.3682999908924103,0.5706999897956848,0.12600000202655792
ENST00000378643.8,Cytoplasm,Nuclear export signal,0.6761999726295471,0.4081999957561493,0.12349999696016312,0.16869999468326569,0.35339999198913574,0.01679999940097332,0.3224000036716461,0.3409999907016754,0.43880000710487366,0.11479999870061874
ENST00000378733.9,Endoplasmic reticulum|Lysosome/Vacuole,Signal peptide|Transmembrane domain,0.25850000977516174,0.34769999980926514,0.31450000405311584,0.3012999892234802,0.2563000023365021,0.25270000100135803,0.8173999786376953,0.6342999935150146,0.5893999934196472,0.11209999769926071
ENST00000378888.10,Cytoplasm|Cell membrane,Nuclear localization signal,0.614799976348877,0.43299999833106995,0.05299999937415123,0.6531999707221985,0.22609999775886536,0.005100000184029341,0.20909999310970306,0.08009999990463257,0.07959999889135361,0.007400000002235174
ENST00000378891.9,Cytoplasm|Cell membrane,Nuclear localization signal,0.6075000166893005,0.439300000667572,0.05570000037550926,0.6577000021934509,0.22259999811649323,0.004900000058114529,0.20440000295639038,0.07509999722242355,0.07649999856948853,0.007000000216066837
ENST00000378980.8,Cell membrane,,0.1809999942779541,0.12129999697208405,0.4837999939918518,0.7129999995231628,0.08380000293254852,0.004399999976158142,0.1687999963760376,0.1657000035047531,0.18880000710487366,0.015200000256299973
ENST00000379143.10,Cytoplasm|Nucleus,Nuclear export signal,0.6074000000953674,0.7796000242233276,0.07339999824762344,0.0925000011920929,0.28870001435279846,0.023900000378489494,0.10239999741315842,0.30149999260902405,0.1647000014781952,0.009100000374019146
ENST00000379160.3,Cytoplasm|Nucleus,Nuclear export signal,0.6074000000953674,0.7796000242233276,0.07339999824762344,0.0925000011920929,0.28870001435279846,0.023900000378489494,0.10239999741315842,0.30149999260902405,0.1647000014781952,0.009100000374019146
ENST00000379221.4,Mitochondrion,Transmembrane domain|Mitochondrial transit peptide,0.12139999866485596,0.10660000145435333,0.13860000669956207,0.09989999979734421,0.9129999876022339,0.14380000531673431,0.45320001244544983,0.09839999675750732,0.20100000500679016,0.09130000323057175
ENST00000379374.5,Cell membrane|Lysosome/Vacuole,Signal peptide|Transmembrane domain,0.1850000023841858,0.08969999849796295,0.2094999998807907,0.7817000150680542,0.03610000014305115,0.004100000020116568,0.34290000796318054,0.7213000059127808,0.5254999995231628,0.05649999901652336
ENST00000379415.6,Endoplasmic reticulum,Signal peptide|Transmembrane domain,0.05719999969005585,0.019899999722838402,0.028300000354647636,0.4320000112056732,0.12759999930858612,0.013899999670684338,0.6883000135421753,0.1606999933719635,0.4997999966144562,0.041999999433755875
ENST00000379724.3,Nucleus,Nuclear localization signal,0.3160000145435333,0.7001000046730042,0.12939999997615814,0.0835999995470047,0.04910000041127205,0.002300000051036477,0.06620000302791595,0.08269999921321869,0.07580000162124634,0.0044999998062849045
ENST00000380010.8,Cell membrane,Signal peptide|Transmembrane domain,0.10339999943971634,0.07500000298023224,0.08399999886751175,0.6601999998092651,0.11209999769926071,0.016300000250339508,0.4242999851703644,0.501800000667572,0.385699987411499,0.20340000092983246
ENST00000380041.8,Nucleus,Nuclear localization signal,0.3840999901294708,0.816100001335144,0.027400000020861626,0.08760000020265579,0.14839999377727509,0.00839999970048666,0.061500001698732376,0.07100000232458115,0.06769999861717224,0.022099999710917473
ENST00000380043.7,Nucleus,Nuclear localization signal,0.4230000078678131,0.8108999729156494,0.03440000116825104,0.09600000083446503,0.15119999647140503,0.008899999782443047,0.08030000329017639,0.08739999681711197,0.07800000160932541,0.027799999341368675
ENST00000380045.7,Cytoplasm|Nucleus,Nuclear localization signal|Nuclear export signal,0.5396000146865845,0.795199990272522,0.05889999866485596,0.2094999998807907,0.16820000112056732,0.002300000051036477,0.15219999849796295,0.27730000019073486,0.10360000282526016,0.019999999552965164
ENST00000380258.6,Cytoplasm|Nucleus,Nuclear localization signal,0.521399974822998,0.6444000005722046,0.3806000053882599,0.07460000365972519,0.20319999754428864,0.006099999882280827,0.0617000013589859,0.016300000250339508,0.08299999684095383,0.1664000004529953
ENST00000380291.5,Cytoplasm|Lysosome/Vacuole|Golgi apparatus,,0.6251999735832214,0.2418999969959259,0.15800000727176666,0.12380000203847885,0.11060000211000443,0.016899999231100082,0.2921999990940094,0.6172999739646912,0.7019000053405762,0.1306000053882599
ENST00000380450.9,Extracellular,Signal peptide,0.1386999934911728,0.11829999834299088,0.8734999895095825,0.3919000029563904,0.08659999817609787,0.001500000013038516,0.33649998903274536,0.28119999170303345,0.2800000011920929,0.0032999999821186066
ENST00000380525.9,Cytoplasm,,0.724399983882904,0.19830000400543213,0.12939999997615814,0.2685000002384186,0.41760000586509705,0.005900000222027302,0.4429999887943268,0.21379999816417694,0.39800000190734863,0.0706000030040741
ENST00000380746.8,Nucleus,Nuclear localization signal,0.41749998927116394,0.8697999715805054,0.11349999904632568,0.12690000236034393,0.13670000433921814,0.021800000220537186,0.04619999974966049,0.04360000044107437,0.05180000141263008,0.0010999999940395355
ENST00000380756.7,Nucleus,Nuclear localization signal,0.2924000024795532,0.9506999850273132,0.059300001710653305,0.08900000154972076,0.061400000005960464,0.030700000002980232,0.0714000016450882,0.01759999990463257,0.02850000001490116,0.0020000000949949026
ENST00000381165.3,Nucleus,,0.46470001339912415,0.8041999936103821,0.013100000098347664,0.028699999675154686,0.2361000031232834,0.021199999377131462,0.07599999755620956,0.09229999780654907,0.1046999990940094,0.13510000705718994
ENST00000381295.7,Cytoplasm|Lysosome/Vacuole,Nuclear export signal,0.597599983215332,0.2574000060558319,0.15960000455379486,0.4327999949455261,0.10559999942779541,0.008799999952316284,0.1850000023841858,0.6705999970436096,0.5217999815940857,0.01269999984651804
ENST00000381344.8,Mitochondrion,Mitochondrial transit peptide,0.4456999897956848,0.2784000039100647,0.17350000143051147,0.0925000011920929,0.8507999777793884,0.003100000089034438,0.13349999487400055,0.11800000071525574,0.2013999968767166,0.18039999902248383
ENST00000382480.6,Extracellular,Signal peptide,0.21639999747276306,0.15189999341964722,0.8970999717712402,0.25519999861717224,0.23190000653266907,0.025699999183416367,0.2281000018119812,0.06390000134706497,0.179299995303154,0.13179999589920044
ENST00000382824.5,Cytoplasm|Nucleus,Nuclear localization signal,0.49050000309944153,0.8346999883651733,0.09380000084638596,0.05350000038743019,0.09870000183582306,0.005400000140070915,0.14100000262260437,0.18549999594688416,0.12759999930858612,0.010099999606609344
ENST00000383820.10,Mitochondrion,Mitochondrial transit peptide,0.22990000247955322,0.17399999499320984,0.06880000233650208,0.07339999824762344,0.9587000012397766,0.0024999999441206455,0.07900000363588333,0.03500000014901161,0.062199998646974564,0.03150000050663948
ENST00000388767.8,Cytoplasm,Nuclear export signal,0.625,0.33309999108314514,0.08940000087022781,0.36250001192092896,0.10450000315904617,0.006500000134110451,0.21739999949932098,0.3921999931335449,0.34200000762939453,0.0723000019788742
ENST00000389394.8,Cytoplasm,,0.7379999756813049,0.18140000104904175,0.05950000137090683,0.19499999284744263,0.07750000059604645,0.009999999776482582,0.12409999966621399,0.2678999900817871,0.12070000171661377,0.023800000548362732
ENST00000389634.5,Cytoplasm,,0.614300012588501,0.19699999690055847,0.050200000405311584,0.1445000022649765,0.47209998965263367,0.5256999731063843,0.12559999525547028,0.07150000333786011,0.11699999868869781,0.28040000796318054
ENST00000389651.8,Cytoplasm|Nucleus,Nuclear export signal,0.8313000202178955,0.527899980545044,0.02879999950528145,0.14380000531673431,0.2858000099658966,0.03929999843239784,0.10170000046491623,0.09640000015497208,0.06080000102519989,0.09700000286102295
ENST00000389709.8,Nucleus,Nuclear localization signal|Nuclear export signal,0.33059999346733093,0.8823999762535095,0.02710000053048134,0.08730000257492065,0.05979999899864197,0.013199999928474426,0.07119999825954437,0.07999999821186066,0.057999998331069946,0.03420000150799751
ENST00000389737.5,Cytoplasm,,0.6287999749183655,0.4546999931335449,0.04749999940395355,0.04690000042319298,0.1363999992609024,0.009600000455975533,0.1340000033378601,0.11379999667406082,0.09889999777078629,0.17030000686645508
ENST00000390006.8,Cytoplasm,,0.6187000274658203,0.3409999907016754,0.06700000166893005,0.10840000212192535,0.4903999865055084,0.2087000012397766,0.09589999914169312,0.07639999687671661,0.07580000162124634,0.10180000215768814
ENST00000391627.6,Cytoplasm,Nuclear localization signal,0.6201000213623047,0.32580000162124634,0.0794999971985817,0.5242000222206116,0.15639999508857727,0.08900000154972076,0.24969999492168427,0.39250001311302185,0.33559998869895935,0.05260000005364418
ENST00000392122.4,Cell membrane,Signal peptide|Transmembrane domain,0.15919999778270721,0.11060000211000443,0.17630000412464142,0.7494999766349792,0.03530000150203705,0.011300000362098217,0.29660001397132874,0.30489999055862427,0.40869998931884766,0.041600000113248825
ENST00000392335.6,Cytoplasm,Nuclear export signal,0.8537999987602234,0.4555000066757202,0.02319999970495701,0.30550000071525574,0.13740000128746033,0.012299999594688416,0.21209999918937683,0.120899997651577,0.25429999828338623,0.054499998688697815
ENST00000392336.7,Cytoplasm,Nuclear export signal,0.8334000110626221,0.43470001220703125,0.03229999914765358,0.29670000076293945,0.15369999408721924,0.016300000250339508,0.2240999937057495,0.11479999870061874,0.26600000262260437,0.05180000141263008
ENST00000392446.10,Endoplasmic reticulum|Golgi apparatus,Signal peptide|Transmembrane domain,0.12039999663829803,0.15199999511241913,0.21549999713897705,0.125900000333786,0.12229999899864197,0.013799999840557575,0.7603999972343445,0.3481999933719635,0.7750999927520752,0.02419999986886978
ENST00000392455.9,Cytoplasm|Nucleus,Nuclear localization signal,0.7009000182151794,0.5102999806404114,0.04580000042915344,0.19920000433921814,0.18790000677108765,0.002400000113993883,0.10159999877214432,0.1972000002861023,0.2443999946117401,0.04540000110864639
ENST00000392456.4,Cytoplasm,Nuclear export signal,0.6951000094413757,0.45739999413490295,0.045499999076128006,0.2809999883174896,0.17919999361038208,0.0024999999441206455,0.18629999458789825,0.39169999957084656,0.3801000118255615,0.023499999195337296
ENST00000392610.5,Cytoplasm,Nuclear export signal,0.7063000202178955,0.4307999908924103,0.13770000636577606,0.260699987411499,0.12049999833106995,0.007600000128149986,0.14710000157356262,0.35499998927116394,0.44269999861717224,0.028599999845027924
ENST00000392613.10,Cell membrane|Lysosome/Vacuole,,0.3361000120639801,0.21789999306201935,0.013000000268220901,0.6348000168800354,0.26499998569488525,0.004699999932199717,0.3224000036716461,0.5965999960899353,0.6273999810218811,0.04540000110864639
ENST00000392622.3,Cytoplasm|Cell membrane,Nuclear localization signal,0.7179999947547913,0.4268999993801117,0.17630000412464142,0.5734000205993652,0.18719999492168427,0.021700000390410423,0.4047999978065491,0.35830000042915344,0.2572999894618988,0.012799999676644802
ENST00000392623.5,Cytoplasm|Cell membrane,Nuclear localization signal,0.7179999947547913,0.4268999993801117,0.17630000412464142,0.5734000205993652,0.18719999492168427,0.021700000390410423,0.4047999978065491,0.35830000042915344,0.2572999894618988,0.012799999676644802
ENST00000392625.7,Cell membrane,Signal peptide|Transmembrane domain,0.23980000615119934,0.07900000363588333,0.2800999879837036,0.8695999979972839,0.014700000174343586,0.0034000000450760126,0.13760000467300415,0.32519999146461487,0.3059999942779541,0.3237999975681305
ENST00000392668.8,Nucleus,Nuclear export signal,0.44110000133514404,0.7627999782562256,0.026900000870227814,0.21299999952316284,0.05570000037550926,0.003700000001117587,0.14249999821186066,0.2231999933719635,0.24210000038146973,0.07209999859333038
ENST00000392692.8,Cytoplasm|Nucleus,Nuclear localization signal,0.5683000087738037,0.5806999802589417,0.03290000185370445,0.351500004529953,0.09830000251531601,0.04179999977350235,0.08259999752044678,0.20479999482631683,0.17270000278949738,0.015300000086426735
ENST00000393034.6,Cytoplasm|Lysosome/Vacuole,Nuclear localization signal|Nuclear export signal,0.7421000003814697,0.4018000066280365,0.25040000677108765,0.47920000553131104,0.19779999554157257,0.016499999910593033,0.21469999849796295,0.6057000160217285,0.3659000098705292,0.04170000180602074
