Protein_ID,Localizations,Signals,Cytoplasm,Nucleus,Extracellular,Cell membrane,Mitochondrion,Plastid,Endoplasmic reticulum,Lysosome/Vacuole,Golgi apparatus,Peroxisome
ENST00000393034.6,Cytoplasm|Lysosome/Vacuole,Nuclear localization signal|Nuclear export signal,0.7421000003814697,0.4018000066280365,0.25040000677108765,0.47920000553131104,0.19779999554157257,0.016499999910593033,0.21469999849796295,0.6057000160217285,0.3659000098705292,0.04170000180602074
ENST00000393035.6,Cytoplasm|Lysosome/Vacuole,Nuclear localization signal|Nuclear export signal,0.7421000003814697,0.4018000066280365,0.25040000677108765,0.47920000553131104,0.19779999554157257,0.016499999910593033,0.21469999849796295,0.6057000160217285,0.3659000098705292,0.04170000180602074
ENST00000393040.7,Cytoplasm|Lysosome/Vacuole,,0.6021999716758728,0.2012999951839447,0.10459999740123749,0.5184999704360962,0.20890000462532043,0.0052999998442828655,0.17630000412464142,0.6229000091552734,0.6453999876976013,0.02710000053048134
ENST00000393119.7,Cytoplasm|Lysosome/Vacuole,Nuclear export signal,0.6344000101089478,0.3384999930858612,0.05939999967813492,0.22699999809265137,0.14560000598430634,0.019099999219179153,0.2840999960899353,0.6237000226974487,0.3379000127315521,0.07349999994039536
ENST00000393120.6,Cytoplasm|Nucleus,,0.593500018119812,0.5152999758720398,0.27160000801086426,0.09740000218153,0.2644999921321869,0.01860000006854534,0.1492999941110611,0.0812000036239624,0.09830000251531601,0.16140000522136688
ENST00000393155.6,Extracellular,Signal peptide,0.0820000022649765,0.06989999860525131,0.9797999858856201,0.054099999368190765,0.07270000129938126,0.002400000113993883,0.06870000064373016,0.19930000603199005,0.07850000262260437,0.0015999999595806003
ENST00000393230.6,Nucleus,Nuclear localization signal,0.3481999933719635,0.8948000073432922,0.02160000056028366,0.15569999814033508,0.08009999990463257,0.019899999722838402,0.061000000685453415,0.030899999663233757,0.06560000032186508,0.0038999998942017555
ENST00000393232.6,Nucleus,Nuclear localization signal,0.3481999933719635,0.8948000073432922,0.02160000056028366,0.15569999814033508,0.08009999990463257,0.019899999722838402,0.061000000685453415,0.030899999663233757,0.06560000032186508,0.0038999998942017555
ENST00000393252.4,Cytoplasm,Nuclear export signal,0.5713000297546387,0.4828999936580658,0.12870000302791595,0.24789999425411224,0.3125999867916107,0.006200000178068876,0.2354000061750412,0.22869999706745148,0.364300012588501,0.061400000005960464
ENST00000393256.8,Cytoplasm,Nuclear export signal,0.597599983215332,0.46959999203681946,0.0771000012755394,0.3262999951839447,0.2793999910354614,0.01119999960064888,0.2599000036716461,0.2777999937534332,0.3686999976634979,0.1062999963760376
ENST00000393818.3,Cytoplasm,Peroxisomal targeting signal,0.7440000176429749,0.27390000224113464,0.05649999901652336,0.13369999825954437,0.3682999908924103,0.010999999940395355,0.28040000796318054,0.20479999482631683,0.33959999680519104,0.3230000138282776
ENST00000393845.9,Cytoplasm,Nuclear localization signal,0.6446999907493591,0.4553000032901764,0.07429999858140945,0.20499999821186066,0.020500000566244125,0.01489999983459711,0.12489999830722809,0.061400000005960464,0.05260000005364418,0.0017999999690800905
ENST00000394199.6,Cytoplasm|Nucleus,Nuclear export signal,0.707099974155426,0.6766999959945679,0.0617000013589859,0.17749999463558197,0.296099990606308,0.003100000089034438,0.195700004696846,0.2842000126838684,0.2468000054359436,0.030500000342726707
ENST00000394353.7,Cytoplasm,,0.8137999773025513,0.14470000565052032,0.12919999659061432,0.3578999936580658,0.053599998354911804,0.019999999552965164,0.16120000183582306,0.5320000052452087,0.24639999866485596,0.12610000371932983
ENST00000394621.7,Cell membrane,Signal peptide|Transmembrane domain,0.13050000369548798,0.0215000007301569,0.009499999694526196,0.5687999725341797,0.047600001096725464,0.023099999874830246,0.4361000061035156,0.5311999917030334,0.5081999897956848,0.0052999998442828655
ENST00000394622.6,Cell membrane,Signal peptide|Transmembrane domain,0.13050000369548798,0.0215000007301569,0.009499999694526196,0.5687999725341797,0.047600001096725464,0.023099999874830246,0.4361000061035156,0.5311999917030334,0.5081999897956848,0.0052999998442828655
ENST00000394629.2,Golgi apparatus,Signal peptide|Transmembrane domain,0.14309999346733093,0.020600000396370888,0.007699999958276749,0.5333999991416931,0.04170000180602074,0.015300000086426735,0.46389999985694885,0.5249000191688538,0.5401999950408936,0.0044999998062849045
ENST00000394632.5,Cell membrane,Signal peptide|Transmembrane domain,0.1281999945640564,0.01720000058412552,0.008100000210106373,0.5519999861717224,0.02810000069439411,0.01720000058412552,0.4007999897003174,0.5412999987602234,0.5231999754905701,0.003599999938160181
ENST00000394825.6,Nucleus,Nuclear export signal,0.4668000042438507,0.8385999798774719,0.022299999371170998,0.12319999933242798,0.16179999709129333,0.008500000461935997,0.08590000122785568,0.09809999912977219,0.08940000087022781,0.012400000356137753
ENST00000395019.3,Cytoplasm,Nuclear export signal,0.6761000156402588,0.4142000079154968,0.18469999730587006,0.12160000205039978,0.3774000108242035,0.006099999882280827,0.20640000700950623,0.30489999055862427,0.4749000072479248,0.07819999754428864
ENST00000395183.6,Cytoplasm|Lysosome/Vacuole,Nuclear export signal,0.7315999865531921,0.2572999894618988,0.0502999983727932,0.3725000023841858,0.13910000026226044,0.029400000348687172,0.1662999987602234,0.5907999873161316,0.48820000886917114,0.019600000232458115
ENST00000395184.6,Cytoplasm|Lysosome/Vacuole,Nuclear localization signal|Nuclear export signal,0.7401000261306763,0.2831999957561493,0.04569999873638153,0.3749000132083893,0.12610000371932983,0.027699999511241913,0.2547000050544739,0.6019999980926514,0.47099998593330383,0.030400000512599945
ENST00000395284.8,Cytoplasm|Nucleus,Nuclear localization signal|Nuclear export signal,0.6966999769210815,0.7799000144004822,0.05700000002980232,0.20110000669956207,0.17890000343322754,0.005100000184029341,0.11659999936819077,0.23579999804496765,0.15240000188350677,0.09669999778270721
ENST00000395566.9,Extracellular,Signal peptide,0.08839999884366989,0.1185000017285347,0.8903999924659729,0.13210000097751617,0.052299998700618744,0.007499999832361937,0.28220000863075256,0.17180000245571136,0.14569999277591705,0.006800000090152025
ENST00000395569.8,Extracellular,Signal peptide,0.05420000106096268,0.1289999932050705,0.9355999827384949,0.08739999681711197,0.07729999721050262,0.004800000227987766,0.21899999678134918,0.13760000467300415,0.11270000040531158,0.026200000196695328
ENST00000395633.5,Mitochondrion,Mitochondrial transit peptide,0.08320000022649765,0.12370000034570694,0.03629999980330467,0.17739999294281006,0.9451000094413757,0.003800000064074993,0.030500000342726707,0.09610000252723694,0.0714000016450882,0.027899999171495438
ENST00000395676.4,Cytoplasm|Nucleus,Nuclear localization signal|Nuclear export signal,0.532800018787384,0.7549999952316284,0.08160000294446945,0.21950000524520874,0.10429999977350235,0.0034000000450760126,0.2720000147819519,0.3492000102996826,0.2822999954223633,0.09640000015497208
ENST00000395741.7,Cytoplasm,Nuclear export signal,0.6797000169754028,0.46140000224113464,0.03880000114440918,0.2619999945163727,0.11110000312328339,0.006300000008195639,0.19509999454021454,0.5666000247001648,0.5022000074386597,0.05090000107884407
ENST00000395744.7,Cytoplasm,Nuclear export signal,0.6826000213623047,0.46140000224113464,0.03849999979138374,0.26330000162124634,0.11129999905824661,0.006099999882280827,0.19370000064373016,0.5723999738693237,0.5044000148773193,0.052299998700618744
ENST00000395747.6,Cytoplasm,Nuclear export signal,0.6525999903678894,0.4129999876022339,0.023900000378489494,0.38179999589920044,0.26930001378059387,0.011900000274181366,0.11289999634027481,0.24889999628067017,0.37869998812675476,0.06069999933242798
ENST00000395749.7,Cytoplasm,Nuclear export signal,0.667900025844574,0.39959999918937683,0.01940000057220459,0.41510000824928284,0.24279999732971191,0.007400000002235174,0.09790000319480896,0.20260000228881836,0.28060001134872437,0.03669999912381172
ENST00000395802.7,Cytoplasm,,0.5357000231742859,0.4284000098705292,0.22030000388622284,0.15680000185966492,0.23579999804496765,0.00430000014603138,0.11869999766349792,0.2290000021457672,0.20319999754428864,0.014000000432133675
ENST00000395824.5,Nucleus,Nuclear localization signal,0.4047999978065491,0.7440999746322632,0.07329999655485153,0.18860000371932983,0.03099999949336052,0.016300000250339508,0.03139999881386757,0.0723000019788742,0.041999999433755875,0.008999999612569809
ENST00000395825.4,Nucleus,Nuclear localization signal,0.4047999978065491,0.7440999746322632,0.07329999655485153,0.18860000371932983,0.03099999949336052,0.016300000250339508,0.03139999881386757,0.0723000019788742,0.041999999433755875,0.008999999612569809
ENST00000395868.7,Extracellular,Signal peptide,0.22869999706745148,0.09700000286102295,0.871999979019165,0.18860000371932983,0.1696999967098236,0.01679999940097332,0.23739999532699585,0.13689999282360077,0.16359999775886536,0.00570000009611249
ENST00000395872.5,Extracellular,Signal peptide,0.23090000450611115,0.10260000079870224,0.8770999908447266,0.1842000037431717,0.1745000034570694,0.013500000350177288,0.2125999927520752,0.13109999895095825,0.1606999933719635,0.004900000058114529
ENST00000396231.6,Cytoplasm,,0.7105000019073486,0.20659999549388885,0.05620000138878822,0.17730000615119934,0.1404999941587448,0.00800000037997961,0.06260000169277191,0.23330000042915344,0.2766000032424927,0.03920000046491623
ENST00000396504.6,Cytoplasm|Nucleus,Nuclear export signal,0.5238999724388123,0.6773999929428101,0.09309999644756317,0.1680999994277954,0.20059999823570251,0.007300000172108412,0.19769999384880066,0.10930000245571136,0.13369999825954437,0.020400000736117363
ENST00000396684.3,Nucleus,Nuclear localization signal,0.31220000982284546,0.9264000058174133,0.04749999940395355,0.05389999970793724,0.03739999979734421,0.008100000210106373,0.05920000001788139,0.03909999877214432,0.03280000016093254,0.0019000000320374966
ENST00000396878.8,Nucleus,Nuclear localization signal,0.4311000108718872,0.8601999878883362,0.13179999589920044,0.13300000131130219,0.04740000143647194,0.00279999990016222,0.027400000020861626,0.08649999648332596,0.0551999993622303,0.010499999858438969
ENST00000396988.7,Cytoplasm,Nuclear localization signal|Nuclear export signal,0.7365000247955322,0.30140000581741333,0.1023000031709671,0.5048999786376953,0.12269999831914902,0.011599999852478504,0.17579999566078186,0.30140000581741333,0.27250000834465027,0.062199998646974564
ENST00000397062.8,Cytoplasm|Nucleus,Nuclear localization signal|Nuclear export signal,0.4819999933242798,0.7815999984741211,0.02500000037252903,0.13289999961853027,0.16179999709129333,0.006200000178068876,0.11020000278949738,0.11640000343322754,0.061900001019239426,0.0066999997943639755
ENST00000397063.9,Nucleus,Nuclear localization signal|Nuclear export signal,0.4754999876022339,0.776199996471405,0.027300000190734863,0.13179999589920044,0.16529999673366547,0.00559999980032444,0.10809999704360962,0.10090000182390213,0.05979999899864197,0.007600000128149986
ENST00000397082.2,Nucleus,Nuclear localization signal,0.2639999985694885,0.5942000150680542,0.050700001418590546,0.2678000032901764,0.05310000106692314,0.04179999977350235,0.11659999936819077,0.09290000051259995,0.049300000071525574,0.0019000000320374966
ENST00000397095.2,Cell membrane,Transmembrane domain,0.11150000244379044,0.21529999375343323,0.0738999992609024,0.8388000130653381,0.15719999372959137,0.015799999237060547,0.3691999912261963,0.12070000171661377,0.1046999990940094,0.004900000058114529
ENST00000397111.9,Cytoplasm,,0.7089999914169312,0.22460000216960907,0.14149999618530273,0.24300000071525574,0.42719998955726624,0.00419999985024333,0.39259999990463257,0.2011999934911728,0.3379000127315521,0.055799998342990875
ENST00000397265.7,Cell membrane|Lysosome/Vacuole,Signal peptide|Transmembrane domain,0.11240000277757645,0.05959999933838844,0.03370000049471855,0.82669997215271,0.03889999911189079,0.00860000029206276,0.4345000088214874,0.6459000110626221,0.39070001244544983,0.009399999864399433
ENST00000397326.7,Cytoplasm,,0.7484999895095825,0.16130000352859497,0.4036000072956085,0.40720000863075256,0.46880000829696655,0.00800000037997961,0.38109999895095825,0.26109999418258667,0.3046000003814697,0.0560000017285347
ENST00000397359.7,Cell membrane,Signal peptide|Transmembrane domain,0.22040000557899475,0.10840000212192535,0.1923999935388565,0.8240000009536743,0.02800000086426735,0.0017999999690800905,0.27320000529289246,0.42890000343322754,0.3693000078201294,0.07180000096559525
ENST00000397545.9,Cytoplasm,,0.6934999823570251,0.29840001463890076,0.061900001019239426,0.19529999792575836,0.0835999995470047,0.008200000040233135,0.14419999718666077,0.21160000562667847,0.16509999334812164,0.02070000022649765
ENST00000397664.8,Cytoplasm|Nucleus,Nuclear export signal,0.6686000227928162,0.5437999963760376,0.08179999887943268,0.13500000536441803,0.4207000136375427,0.019700000062584877,0.4375,0.1573999971151352,0.19189999997615814,0.04410000145435333
ENST00000397665.6,Cytoplasm|Nucleus,Nuclear export signal,0.6973000168800354,0.6843000054359436,0.11420000344514847,0.0949999988079071,0.5857999920845032,0.003000000026077032,0.18520000576972961,0.061400000005960464,0.094200000166893,0.026799999177455902
ENST00000397666.6,Cytoplasm|Nucleus,Nuclear export signal,0.6482999920845032,0.6485000252723694,0.15479999780654907,0.11599999666213989,0.47839999198913574,0.002899999963119626,0.15489999949932098,0.09690000116825104,0.23890000581741333,0.04230000078678131
ENST00000397700.6,Extracellular,Signal peptide,0.15080000460147858,0.04769999906420708,0.9478999972343445,0.15719999372959137,0.07050000131130219,0.005900000222027302,0.13230000436306,0.06880000233650208,0.11140000075101852,0.003700000001117587
ENST00000398000.7,Extracellular|Endoplasmic reticulum,Signal peptide,0.1720000058412552,0.07370000332593918,0.6916999816894531,0.1898999959230423,0.2167000025510788,0.007600000128149986,0.6202999949455261,0.4675000011920929,0.6151999831199646,0.006899999920278788
ENST00000398080.5,Cytoplasm|Nucleus,Nuclear localization signal|Nuclear export signal,0.5396000146865845,0.795199990272522,0.05889999866485596,0.2094999998807907,0.16820000112056732,0.002300000051036477,0.15219999849796295,0.27730000019073486,0.10360000282526016,0.019999999552965164
ENST00000398084.6,Cell membrane,,0.45080000162124634,0.4366999864578247,0.03530000150203705,0.5228000283241272,0.3569999933242798,0.00559999980032444,0.2648000121116638,0.2678999900817871,0.3790000081062317,0.08839999884366989
ENST00000398389.9,Cytoplasm|Cell membrane,Nuclear export signal,0.5583000183105469,0.2526000142097473,0.04019999876618385,0.7336000204086304,0.17720000445842743,0.018400000408291817,0.31060001254081726,0.3977000117301941,0.5013999938964844,0.007000000216066837
ENST00000399336.9,Extracellular,Signal peptide,0.26759999990463257,0.1298999935388565,0.7226999998092651,0.4189000129699707,0.11860000342130661,0.008100000210106373,0.5479999780654907,0.39579999446868896,0.4952000081539154,0.007699999958276749
ENST00000399562.9,Cytoplasm|Mitochondrion,Peroxisomal targeting signal,0.546999990940094,0.14910000562667847,0.07249999791383743,0.09690000116825104,0.7225000262260437,0.01119999960064888,0.2939000129699707,0.43160000443458557,0.21410000324249268,0.1891999989748001
ENST00000399568.5,Mitochondrion,,0.439300000667572,0.39070001244544983,0.15850000083446503,0.08529999852180481,0.567799985408783,0.002099999925121665,0.30320000648498535,0.3228999972343445,0.21119999885559082,0.029500000178813934
ENST00000401702.5,Cytoplasm|Endoplasmic reticulum,Peroxisomal targeting signal,0.7997000217437744,0.16859999299049377,0.24809999763965607,0.5085999965667725,0.5627999901771545,0.031599998474121094,0.6140000224113464,0.3070000112056732,0.5248000025749207,0.05550000071525574
ENST00000401977.6,Cytoplasm|Nucleus,Nuclear export signal,0.7249000072479248,0.7860000133514404,0.11729999631643295,0.0608999989926815,0.35899999737739563,0.00139999995008111,0.15150000154972076,0.0925000011920929,0.08980000019073486,0.018699999898672104
ENST00000402136.5,Cytoplasm|Nucleus,Nuclear export signal,0.7228999733924866,0.5846999883651733,0.19949999451637268,0.23070000112056732,0.3418000042438507,0.0203000009059906,0.21400000154972076,0.3156999945640564,0.0982000008225441,0.14910000562667847
ENST00000402543.5,Nucleus,Nuclear localization signal,0.22020000219345093,0.9836999773979187,0.019700000062584877,0.06679999828338623,0.0340999998152256,0.017799999564886093,0.04490000009536743,0.015200000256299973,0.02250000089406967,0.0032999999821186066
ENST00000402545.5,Cytoplasm,,0.7562999725341797,0.3822999894618988,0.4564000070095062,0.13950000703334808,0.3118000030517578,0.008200000040233135,0.20080000162124634,0.3659999966621399,0.2639999985694885,0.15489999949932098
ENST00000402667.1,Nucleus,Nuclear localization signal,0.43630000948905945,0.8621000051498413,0.09210000187158585,0.10909999907016754,0.11389999836683273,0.015300000086426735,0.048500001430511475,0.053599998354911804,0.05869999900460243,0.0010999999940395355
ENST00000402849.5,Cytoplasm|Nucleus,,0.5471000075340271,0.507099986076355,0.14499999582767487,0.04050000011920929,0.2069000005722046,0.010300000198185444,0.30660000443458557,0.08799999952316284,0.22439999878406525,0.04270000010728836
ENST00000402921.6,Endoplasmic reticulum,Signal peptide|Transmembrane domain,0.28029999136924744,0.2176000028848648,0.05130000039935112,0.24629999697208405,0.2303999960422516,0.013899999670684338,0.9032999873161316,0.25929999351501465,0.4172999858856201,0.07670000195503235
ENST00000403084.1,Cell membrane,Transmembrane domain,0.18479999899864197,0.12809999287128448,0.19930000603199005,0.7832000255584717,0.16269999742507935,0.005799999926239252,0.36809998750686646,0.4431000053882599,0.3709000051021576,0.016599999740719795
ENST00000403352.1,Nucleus,Nuclear localization signal,0.3531000018119812,0.9387000203132629,0.03629999980330467,0.04050000011920929,0.12929999828338623,0.013199999928474426,0.04910000041127205,0.03240000084042549,0.029100000858306885,0.007300000172108412
ENST00000403444.7,Cell membrane,Signal peptide,0.23810000717639923,0.08489999920129776,0.3328999876976013,0.8622999787330627,0.03480000048875809,0.002099999925121665,0.16050000488758087,0.3147999942302704,0.22280000150203705,0.020899999886751175
ENST00000403660.3,Cell membrane,Signal peptide|Transmembrane domain,0.2069000005722046,0.06620000302791595,0.37369999289512634,0.9086999893188477,0.055799998342990875,0.007600000128149986,0.1891999989748001,0.4047999978065491,0.2849999964237213,0.12520000338554382
ENST00000403903.7,Nucleus,Nuclear localization signal,0.3531000018119812,0.9387000203132629,0.03629999980330467,0.04050000011920929,0.12929999828338623,0.013199999928474426,0.04910000041127205,0.03240000084042549,0.029100000858306885,0.007300000172108412
ENST00000404627.3,Cytoplasm,Nuclear export signal,0.6352999806404114,0.4244999885559082,0.08590000122785568,0.4018000066280365,0.29190000891685486,0.0210999995470047,0.125900000333786,0.47909998893737793,0.24240000545978546,0.007799999788403511
ENST00000404643.5,Nucleus,Nuclear localization signal,0.2540999948978424,0.9372000098228455,0.024900000542402267,0.07190000265836716,0.06520000100135803,0.018699999898672104,0.046300001442432404,0.01360000018030405,0.02449999935925007,0.029200000688433647
ENST00000404922.8,Extracellular,Signal peptide,0.23669999837875366,0.1875,0.7378000020980835,0.2590000033378601,0.11990000307559967,0.0026000000070780516,0.12240000069141388,0.29760000109672546,0.22949999570846558,0.007899999618530273
ENST00000405006.8,Cytoplasm|Nucleus,Nuclear export signal,0.48590001463890076,0.5407000184059143,0.06629999727010727,0.15680000185966492,0.19220000505447388,0.022700000554323196,0.4487999975681305,0.2971000075340271,0.4156000018119812,0.05640000104904175
ENST00000405289.5,Cytoplasm,Nuclear localization signal,0.680899977684021,0.3643999993801117,0.11909999698400497,0.4668000042438507,0.17249999940395355,0.015799999237060547,0.10400000214576721,0.29280000925064087,0.2703000009059906,0.02290000021457672
ENST00000405308.6,Extracellular,Signal peptide,0.08839999884366989,0.1185000017285347,0.8903999924659729,0.13210000097751617,0.052299998700618744,0.007499999832361937,0.28220000863075256,0.17180000245571136,0.14569999277591705,0.006800000090152025
ENST00000405482.5,Cytoplasm,Nuclear export signal,0.699400007724762,0.3093999922275543,0.14630000293254852,0.4941999912261963,0.1859000027179718,0.003599999938160181,0.09939999878406525,0.41130000352859497,0.40130001306533813,0.024399999529123306
ENST00000405763.7,Nucleus,Nuclear localization signal,0.40529999136924744,0.7936000227928162,0.12470000237226486,0.08590000122785568,0.14399999380111694,0.0044999998062849045,0.13519999384880066,0.06480000168085098,0.17470000684261322,0.045499999076128006
ENST00000405925.2,Nucleus,Nuclear localization signal,0.3285999894142151,0.8507999777793884,0.013000000268220901,0.046799998730421066,0.09099999815225601,0.026100000366568565,0.01889999955892563,0.04089999943971634,0.025800000876188278,0.0008999999845400453
ENST00000405953.6,Cytoplasm,Nuclear export signal,0.7664999961853027,0.44699999690055847,0.12160000205039978,0.1753000020980835,0.23680000007152557,0.017400000244379044,0.3357999920845032,0.13650000095367432,0.24310000240802765,0.08150000125169754
ENST00000405954.2,Cytoplasm|Nucleus,Nuclear export signal,0.6697999835014343,0.5633000135421753,0.07760000228881836,0.23340000212192535,0.45190000534057617,0.000699999975040555,0.13680000603199005,0.26420000195503235,0.2964000105857849,0.022099999710917473
ENST00000405957.6,Cytoplasm,Nuclear export signal,0.7455999851226807,0.3783999979496002,0.10159999877214432,0.40049999952316284,0.16740000247955322,0.006399999838322401,0.08320000022649765,0.147599995136261,0.3765999972820282,0.018799999728798866
ENST00000405975.7,Cytoplasm|Nucleus,Nuclear export signal,0.48590001463890076,0.5407000184059143,0.06629999727010727,0.15680000185966492,0.19220000505447388,0.022700000554323196,0.4487999975681305,0.2971000075340271,0.4156000018119812,0.05640000104904175
ENST00000406324.5,Cytoplasm,,0.7484999895095825,0.16130000352859497,0.4036000072956085,0.40720000863075256,0.46880000829696655,0.00800000037997961,0.38109999895095825,0.26109999418258667,0.3046000003814697,0.0560000017285347
ENST00000406638.6,Cytoplasm,Nuclear export signal,0.7455999851226807,0.3783999979496002,0.10159999877214432,0.40049999952316284,0.16740000247955322,0.006399999838322401,0.08320000022649765,0.147599995136261,0.3765999972820282,0.018799999728798866
ENST00000406644.7,Nucleus,Nuclear localization signal,0.3156999945640564,0.9072999954223633,0.017500000074505806,0.125,0.1145000010728836,0.005400000140070915,0.04690000042319298,0.06870000064373016,0.05469999834895134,0.00419999985024333
ENST00000406659.3,Nucleus,Nuclear localization signal,0.19939999282360077,0.9787999987602234,0.13220000267028809,0.04010000079870224,0.06499999761581421,0.019300000742077827,0.10769999772310257,0.010599999688565731,0.033799998462200165,0.013199999928474426
ENST00000407106.5,Cytoplasm,Nuclear export signal,0.8148999810218811,0.4724999964237213,0.07959999889135361,0.18629999458789825,0.14669999480247498,0.0066999997943639755,0.23649999499320984,0.1728000044822693,0.2094999998807907,0.05299999937415123
ENST00000407117.6,Cytoplasm|Nucleus,Nuclear export signal,0.638700008392334,0.5361999869346619,0.08399999886751175,0.24009999632835388,0.3582000136375427,0.013199999928474426,0.1356000006198883,0.21719999611377716,0.30169999599456787,0.02449999935925007
ENST00000407315.6,Nucleus,Nuclear localization signal,0.3312000036239624,0.8413000106811523,0.021800000220537186,0.08500000089406967,0.11729999631643295,0.008299999870359898,0.07410000264644623,0.06920000165700912,0.06909999996423721,0.013299999758601189
ENST00000407461.5,Cytoplasm|Nucleus,Nuclear export signal,0.5238999724388123,0.6773999929428101,0.09309999644756317,0.1680999994277954,0.20059999823570251,0.007300000172108412,0.19769999384880066,0.10930000245571136,0.13369999825954437,0.020400000736117363
ENST00000408938.2,Nucleus,,0.46540001034736633,0.661899983882904,0.1459999978542328,0.09619999676942825,0.23829999566078186,0.006200000178068876,0.3393999934196472,0.16670000553131104,0.10140000283718109,0.04349999874830246
ENST00000409252.6,Cytoplasm,,0.7368000149726868,0.22589999437332153,0.09239999949932098,0.3095000088214874,0.07620000094175339,0.003599999938160181,0.1428000032901764,0.33880001306533813,0.40950000286102295,0.01080000028014183
ENST00000409293.6,Lysosome/Vacuole|Golgi apparatus,Signal peptide|Transmembrane domain,0.19290000200271606,0.14030000567436218,0.263700008392334,0.5151000022888184,0.04610000178217888,0.016300000250339508,0.5418999791145325,0.7695000171661377,0.6953999996185303,0.09629999846220016
ENST00000409308.6,Cytoplasm,Nuclear localization signal,0.7285000085830688,0.36079999804496765,0.04919999837875366,0.39809998869895935,0.12690000236034393,0.004699999932199717,0.3151000142097473,0.3230000138282776,0.3230000138282776,0.02019999921321869
ENST00000409400.1,Cytoplasm|Lysosome/Vacuole,,0.5810999870300293,0.21889999508857727,0.09000000357627869,0.4961000084877014,0.2443999946117401,0.004800000227987766,0.1599999964237213,0.6001999974250793,0.6478000283241272,0.025599999353289604
ENST00000409586.7,Cytoplasm,Nuclear export signal,0.6563000082969666,0.4408000111579895,0.18250000476837158,0.398499995470047,0.21709999442100525,0.01679999940097332,0.2046000063419342,0.2167000025510788,0.23360000550746918,0.15029999613761902
ENST00000409598.8,Cytoplasm,,0.732699990272522,0.22370000183582306,0.0957999974489212,0.3249000012874603,0.07289999723434448,0.003800000064074993,0.13429999351501465,0.3197000026702881,0.3903000056743622,0.015799999237060547
ENST00000410049.1,Nucleus,Nuclear localization signal,0.2816999852657318,0.8949000239372253,0.05829999968409538,0.09290000051259995,0.1388999968767166,0.011900000274181366,0.026799999177455902,0.01489999983459711,0.025200000032782555,0.020099999383091927
ENST00000411731.6,Extracellular,Signal peptide,0.12489999830722809,0.06889999657869339,0.9211000204086304,0.29510000348091125,0.0771000012755394,0.004100000020116568,0.18449999392032623,0.2800000011920929,0.4235000014305115,0.017799999564886093
ENST00000411750.5,Mitochondrion,Mitochondrial transit peptide,0.33649998903274536,0.1120000034570694,0.14059999585151672,0.09120000153779984,0.8883000016212463,0.033900000154972076,0.08990000188350677,0.07410000264644623,0.27090001106262207,0.2775999903678894
ENST00000411960.1,Cytoplasm|Nucleus|Mitochondrion,,0.526199996471405,0.5698000192642212,0.16529999673366547,0.0640999972820282,0.6818000078201294,0.059300001710653305,0.0868000015616417,0.015699999406933784,0.06080000102519989,0.43560001254081726
ENST00000412052.4,Cytoplasm|Nucleus,Nuclear export signal,0.6237000226974487,0.5109999775886536,0.06319999694824219,0.15000000596046448,0.15150000154972076,0.017999999225139618,0.2797999978065491,0.37529999017715454,0.37709999084472656,0.013899999670684338
ENST00000412613.1,Cytoplasm|Nucleus,Nuclear export signal,0.6653000116348267,0.6873999834060669,0.061900001019239426,0.13910000026226044,0.2563999891281128,0.004999999888241291,0.2953999936580658,0.11029999703168869,0.1462000012397766,0.06210000067949295
ENST00000412681.2,Cytoplasm|Cell membrane,Nuclear localization signal,0.7325999736785889,0.49869999289512634,0.05290000140666962,0.5647000074386597,0.09350000321865082,0.002300000051036477,0.09000000357627869,0.030799999833106995,0.09730000048875809,0.00570000009611249
ENST00000412735.5,Cytoplasm|Nucleus|Mitochondrion,,0.6815000176429749,0.5378000140190125,0.2538999915122986,0.14219999313354492,0.6751999855041504,0.003000000026077032,0.26579999923706055,0.03610000014305115,0.11029999703168869,0.010900000110268593
ENST00000413119.2,Cell membrane,Transmembrane domain,0.18479999899864197,0.12809999287128448,0.19930000603199005,0.7832000255584717,0.16269999742507935,0.005799999926239252,0.36809998750686646,0.4431000053882599,0.3709000051021576,0.016599999740719795
ENST00000413393.5,Cytoplasm,Nuclear export signal,0.7258999943733215,0.4803999960422516,0.08649999648332596,0.20839999616146088,0.14959999918937683,0.00430000014603138,0.10300000011920929,0.4115000069141388,0.3939000070095062,0.005900000222027302
ENST00000413453.7,Mitochondrion,Mitochondrial transit peptide,0.40799999237060547,0.12800000607967377,0.10050000250339508,0.13770000636577606,0.8641999959945679,0.01549999974668026,0.13420000672340393,0.09880000352859497,0.2159000039100647,0.2395000010728836
ENST00000413464.6,Cytoplasm|Nucleus,Nuclear localization signal,0.507099986076355,0.894599974155426,0.028300000354647636,0.042399998754262924,0.0625,0.007400000002235174,0.06920000165700912,0.0917000025510788,0.11140000075101852,0.01080000028014183
ENST00000413724.5,Cytoplasm,Nuclear export signal,0.7649000287055969,0.3840999901294708,0.08799999952316284,0.08110000193119049,0.29820001125335693,0.0471000000834465,0.19130000472068787,0.2303999960422516,0.14489999413490295,0.062199998646974564
ENST00000413764.6,Endoplasmic reticulum,Signal peptide|Transmembrane domain,0.11209999769926071,0.0689999982714653,0.055399999022483826,0.4350999891757965,0.22540000081062317,0.03500000014901161,0.9061999917030334,0.17829999327659607,0.41589999198913574,0.024399999529123306
ENST00000414478.1,Cytoplasm,Nuclear localization signal,0.734000027179718,0.28130000829696655,0.1014999970793724,0.5163000226020813,0.09480000287294388,0.033399999141693115,0.11010000109672546,0.23909999430179596,0.1996999979019165,0.007400000002235174
ENST00000414691.8,Endoplasmic reticulum,Transmembrane domain,0.14100000262260437,0.07100000232458115,0.036400001496076584,0.27549999952316284,0.1111999973654747,0.020800000056624413,0.7552000284194946,0.19189999997615814,0.41029998660087585,0.014000000432133675
ENST00000415049.5,Mitochondrion,Mitochondrial transit peptide,0.18170000612735748,0.1046999990940094,0.13539999723434448,0.11670000106096268,0.90829998254776,0.18569999933242798,0.15209999680519104,0.07159999758005142,0.1306000053882599,0.10300000011920929
ENST00000415136.6,Endoplasmic reticulum,Signal peptide,0.17810000479221344,0.1289999932050705,0.055799998342990875,0.20630000531673431,0.0729999989271164,0.0071000000461936,0.8597000241279602,0.44029998779296875,0.5580999851226807,0.012299999594688416
ENST00000415149.6,Nucleus,Nuclear localization signal,0.21619999408721924,0.984499990940094,0.019200000911951065,0.06400000303983688,0.03290000185370445,0.018799999728798866,0.04520000144839287,0.015300000086426735,0.02250000089406967,0.0031999999191612005
ENST00000415220.6,Cytoplasm,Nuclear export signal,0.7389000058174133,0.40369999408721924,0.035999998450279236,0.4011000096797943,0.1623000055551529,0.005799999926239252,0.1784999966621399,0.4950999915599823,0.42080000042915344,0.04699999839067459
ENST00000415665.5,Cytoplasm|Nucleus,Nuclear localization signal,0.7986999750137329,0.5849000215530396,0.08889999985694885,0.1949000060558319,0.19820000231266022,0.0340999998152256,0.07289999723434448,0.19660000503063202,0.09009999781847,0.030300000682473183
ENST00000415828.5,Cytoplasm,Nuclear export signal,0.5231000185012817,0.4909000098705292,0.01269999984651804,0.08449999988079071,0.09619999676942825,0.0010000000474974513,0.16760000586509705,0.18320000171661377,0.4578000009059906,0.03689999878406525
ENST00000415986.5,Cytoplasm,Nuclear localization signal,0.6812000274658203,0.3580000102519989,0.1363999992609024,0.2806999981403351,0.10010000318288803,0.047200001776218414,0.12489999830722809,0.10119999945163727,0.12960000336170197,0.0007999999797903001
ENST00000416426.6,Cytoplasm|Nucleus,Nuclear localization signal,0.6015999913215637,0.5246000289916992,0.09549999982118607,0.18860000371932983,0.11590000241994858,0.0034000000450760126,0.17069999873638153,0.08420000225305557,0.20080000162124634,0.005400000140070915
ENST00000416701.6,Cytoplasm,Nuclear export signal,0.625,0.36629998683929443,0.051100000739097595,0.4230000078678131,0.21130000054836273,0.009800000116229057,0.28519999980926514,0.559499979019165,0.3138999938964844,0.01590000092983246
ENST00000417157.2,Cell membrane,,0.1754000037908554,0.17030000686645508,0.03929999843239784,0.7710000276565552,0.20029999315738678,0.012400000356137753,0.13930000364780426,0.09560000151395798,0.09839999675750732,0.06970000267028809
ENST00000417345.2,Extracellular,Signal peptide,0.22439999878406525,0.11219999939203262,0.8026999831199646,0.5288000106811523,0.23999999463558197,0.0008999999845400453,0.20319999754428864,0.31940001249313354,0.19210000336170197,0.00419999985024333
ENST00000417368.7,Mitochondrion,Mitochondrial transit peptide,0.25290000438690186,0.11299999803304672,0.024299999698996544,0.09759999811649323,0.8747000098228455,0.009700000286102295,0.1177000030875206,0.08269999921321869,0.08709999918937683,0.01730000041425228
ENST00000417573.5,Extracellular,Signal peptide,0.11559999734163284,0.19050000607967377,0.896399974822998,0.16689999401569366,0.08799999952316284,0.0013000000035390258,0.1477999985218048,0.12129999697208405,0.24529999494552612,0.0019000000320374966
ENST00000417766.5,Cytoplasm,Nuclear export signal,0.7656999826431274,0.3808000087738037,0.09070000052452087,0.3228999972343445,0.16820000112056732,0.004600000102072954,0.07829999923706055,0.13580000400543213,0.30300000309944153,0.018200000748038292
ENST00000417960.5,Cytoplasm|Nucleus,Nuclear localization signal,0.5604000091552734,0.5848000049591064,0.031099999323487282,0.3716000020503998,0.09950000047683716,0.040300000458955765,0.07750000059604645,0.219200000166893,0.17299999296665192,0.01600000075995922
ENST00000418511.6,Cell membrane,Transmembrane domain,0.16140000522136688,0.25459998846054077,0.1526000052690506,0.7197999954223633,0.12359999865293503,0.010599999688565731,0.24770000576972961,0.5385000109672546,0.4828999936580658,0.10949999839067459
ENST00000418791.5,Nucleus,Nuclear localization signal,0.27459999918937683,0.9675999879837036,0.02539999969303608,0.05429999902844429,0.06310000270605087,0.019700000062584877,0.02590000070631504,0.03290000185370445,0.01940000057220459,0.041099999099969864
ENST00000418931.7,Cell membrane,Signal peptide,0.21050000190734863,0.03460000082850456,0.20970000326633453,0.7358999848365784,0.0706000030040741,0.00559999980032444,0.5771999955177307,0.335999995470047,0.5160999894142151,0.029500000178813934
ENST00000419018.1,Extracellular,Signal peptide,0.10440000146627426,0.0348999984562397,0.8510000109672546,0.1145000010728836,0.10530000180006027,0.0010999999940395355,0.275299996137619,0.32739999890327454,0.4569999873638153,0.000699999975040555
ENST00000419234.9,Cytoplasm,Nuclear localization signal,0.7774999737739563,0.4860000014305115,0.051899999380111694,0.09870000183582306,0.10429999977350235,0.004100000020116568,0.14259999990463257,0.2502000033855438,0.4366999864578247,0.04320000112056732
ENST00000419524.6,Cytoplasm,,0.6531999707221985,0.3962000012397766,0.4415000081062317,0.2953000068664551,0.18459999561309814,0.007799999788403511,0.14509999752044678,0.09260000288486481,0.09399999678134918,0.01640000008046627
ENST00000419593.5,Endoplasmic reticulum,Signal peptide|Transmembrane domain,0.1981000006198883,0.17790000140666962,0.10790000110864639,0.16110000014305115,0.263700008392334,0.05490000173449516,0.9452000260353088,0.41909998655319214,0.5680000185966492,0.06539999693632126
ENST00000419916.8,Cytoplasm,Nuclear export signal,0.6122999787330627,0.37770000100135803,0.11100000143051147,0.24889999628067017,0.5641999840736389,0.017500000074505806,0.4198000133037567,0.4092000126838684,0.27149999141693115,0.0868000015616417
ENST00000420568.5,Cell membrane,Transmembrane domain,0.2012999951839447,0.04989999905228615,0.047600001096725464,0.6136000156402588,0.15440000593662262,0.015399999916553497,0.44909998774528503,0.28600001335144043,0.22210000455379486,0.028999999165534973
ENST00000421097.6,Cytoplasm,Peroxisomal targeting signal,0.7440000176429749,0.27390000224113464,0.05649999901652336,0.13369999825954437,0.3682999908924103,0.010999999940395355,0.28040000796318054,0.20479999482631683,0.33959999680519104,0.3230000138282776
ENST00000421217.5,Endoplasmic reticulum|Golgi apparatus,Signal peptide|Transmembrane domain,0.08990000188350677,0.05550000071525574,0.021700000390410423,0.328000009059906,0.13510000705718994,0.008899999782443047,0.8593000173568726,0.4325999915599823,0.7477999925613403,0.015699999406933784
ENST00000421865.3,Extracellular,Signal peptide,0.186599999666214,0.13410000503063202,0.6588000059127808,0.424699991941452,0.11599999666213989,0.002400000113993883,0.1979999989271164,0.27900001406669617,0.0885000005364418,0.0044999998062849045
ENST00000422622.3,Cell membrane|Lysosome/Vacuole,Transmembrane domain,0.2029000073671341,0.09040000289678574,0.14419999718666077,0.8733999729156494,0.10989999771118164,0.013700000010430813,0.4108999967575073,0.6071000099182129,0.2791999876499176,0.016300000250339508
ENST00000423262.5,Cytoplasm,Nuclear localization signal,0.6162999868392944,0.35179999470710754,0.07590000331401825,0.522599995136261,0.14589999616146088,0.08510000258684158,0.2231999933719635,0.37709999084472656,0.33070001006126404,0.053300000727176666
ENST00000423644.5,Cell membrane,Transmembrane domain,0.17020000517368317,0.08829999715089798,0.0494999997317791,0.9240000247955322,0.20110000669956207,0.019200000911951065,0.48170000314712524,0.4749000072479248,0.36880001425743103,0.016599999740719795
ENST00000423955.7,Cytoplasm,,0.7027999758720398,0.2526000142097473,0.11569999903440475,0.3447999954223633,0.2759999930858612,0.01850000023841858,0.03539999946951866,0.10360000282526016,0.1737000048160553,0.02630000002682209
ENST00000424197.5,Cytoplasm,Nuclear export signal,0.6740999817848206,0.4964999854564667,0.056299999356269836,0.10939999669790268,0.19280000030994415,0.014000000432133675,0.03759999945759773,0.1290999948978424,0.18000000715255737,0.015399999916553497
ENST00000424438.5,Mitochondrion,Mitochondrial transit peptide,0.19930000603199005,0.1559000015258789,0.08649999648332596,0.031599998474121094,0.9431999921798706,0.0044999998062849045,0.04729999974370003,0.013100000098347664,0.025699999183416367,0.04800000041723251
ENST00000425237.5,Cytoplasm|Nucleus,Nuclear localization signal|Nuclear export signal,0.737500011920929,0.6710000038146973,0.03819999843835831,0.22669999301433563,0.19370000064373016,0.006500000134110451,0.12070000171661377,0.30660000443458557,0.10679999738931656,0.047600001096725464
ENST00000425308.6,Cytoplasm|Nucleus,Nuclear export signal,0.48019999265670776,0.6850000023841858,0.032099999487400055,0.12080000340938568,0.18860000371932983,0.03530000150203705,0.06859999895095825,0.09860000014305115,0.10270000249147415,0.0575999990105629
ENST00000425443.6,Extracellular,Signal peptide,0.26350000500679016,0.22679999470710754,0.8438000082969666,0.25619998574256897,0.10679999738931656,0.014499999582767487,0.15209999680519104,0.14910000562667847,0.14300000667572021,0.04019999876618385
ENST00000425453.3,Nucleus,Nuclear localization signal,0.3109000027179718,0.8047000169754028,0.21400000154972076,0.24070000648498535,0.10490000247955322,0.016899999231100082,0.06449999660253525,0.0674000009894371,0.05779999867081642,0.003100000089034438
ENST00000425931.1,Cytoplasm,,0.654699981212616,0.41179999709129333,0.07699999958276749,0.21709999442100525,0.25839999318122864,0.006000000052154064,0.15929999947547913,0.13699999451637268,0.0778999999165535,0.017000000923871994
ENST00000426216.6,Cell membrane|Endoplasmic reticulum|Lysosome/Vacuole|Golgi apparatus,Signal peptide|Transmembrane domain,0.15309999883174896,0.11469999700784683,0.022099999710917473,0.7384999990463257,0.12240000069141388,0.021299999207258224,0.6305000185966492,0.7249000072479248,0.717199981212616,0.0357000008225441
ENST00000426532.6,Extracellular,,0.46720001101493835,0.17430000007152557,0.504800021648407,0.2750999927520752,0.14319999516010284,0.034299999475479126,0.24609999358654022,0.33640000224113464,0.24459999799728394,0.16419999301433563
ENST00000426538.6,Nucleus,Nuclear localization signal,0.23649999499320984,0.9613000154495239,0.04749999940395355,0.02759999968111515,0.05820000171661377,0.002400000113993883,0.037300001829862595,0.04149999842047691,0.02930000051856041,0.020400000736117363
ENST00000427414.2,Cytoplasm,,0.7254999876022339,0.22550000250339508,0.09260000288486481,0.335099995136261,0.07079999893903732,0.0038999998942017555,0.14509999752044678,0.3382999897003174,0.40860000252723694,0.015799999237060547
ENST00000427466.1,Cytoplasm|Nucleus,Nuclear export signal,0.5706999897956848,0.545199990272522,0.20190000534057617,0.17990000545978546,0.3628999888896942,0.03310000151395798,0.15379999577999115,0.24690000712871552,0.20810000598430634,0.30660000443458557
ENST00000427500.7,Extracellular|Lysosome/Vacuole,Signal peptide,0.3244999945163727,0.10949999839067459,0.8738999962806702,0.34470000863075256,0.18060000240802765,0.0024999999441206455,0.40070000290870667,0.6392999887466431,0.5837000012397766,0.021700000390410423
ENST00000427680.1,Endoplasmic reticulum,Signal peptide,0.2924000024795532,0.20340000092983246,0.40220001339912415,0.23170000314712524,0.11100000143051147,0.020099999383091927,0.5827000141143799,0.5246999859809875,0.25119999051094055,0.2011999934911728
ENST00000427839.5,Cell membrane,Signal peptide|Transmembrane domain,0.17839999496936798,0.08150000125169754,0.24629999697208405,0.6808000206947327,0.08309999853372574,0.012299999594688416,0.5587000250816345,0.44769999384880066,0.4113999903202057,0.33320000767707825
ENST00000428024.3,Cytoplasm|Extracellular|Lysosome/Vacuole,Signal peptide|Nuclear localization signal,0.513700008392334,0.23639999330043793,0.8136000037193298,0.3547999858856201,0.3982999920845032,0.01940000057220459,0.31470000743865967,0.6396999955177307,0.5037999749183655,0.05700000002980232
ENST00000428046.7,Cytoplasm|Nucleus,Nuclear export signal,0.7612000107765198,0.559499979019165,0.023000000044703484,0.09239999949932098,0.1876000016927719,0.015699999406933784,0.14270000159740448,0.210999995470047,0.12929999828338623,0.10499999672174454
ENST00000428534.2,Cytoplasm|Nucleus,,0.4952000081539154,0.5831000208854675,0.1348000019788742,0.09390000253915787,0.32199999690055847,0.012199999764561653,0.3416999876499176,0.053300000727176666,0.057999998331069946,0.2540000081062317
ENST00000428567.5,Nucleus,Nuclear localization signal,0.4083999991416931,0.8454999923706055,0.12919999659061432,0.09470000118017197,0.09969999641180038,0.03840000182390213,0.03669999912381172,0.03869999945163727,0.03550000116229057,0.012799999676644802
ENST00000428835.5,Cell membrane|Endoplasmic reticulum,Signal peptide|Transmembrane domain,0.22419999539852142,0.027799999341368675,0.05790000036358833,0.8440999984741211,0.13269999623298645,0.022600000724196434,0.6653000116348267,0.29490000009536743,0.5033000111579895,0.10740000009536743
ENST00000429690.5,Extracellular,Signal peptide,0.19830000400543213,0.06499999761581421,0.8662999868392944,0.17350000143051147,0.06019999831914902,0.0031999999191612005,0.2298000007867813,0.13950000703334808,0.15410000085830688,0.0012000000569969416
ENST00000429713.7,Cytoplasm,Nuclear localization signal,0.7831000089645386,0.31150001287460327,0.08500000089406967,0.46230000257492065,0.14429999887943268,0.022199999541044235,0.11720000207424164,0.08529999852180481,0.1331000030040741,0.01209999993443489
ENST00000429923.5,Cytoplasm|Nucleus,,0.5687000155448914,0.6190999746322632,0.16339999437332153,0.20509999990463257,0.22990000247955322,0.0010000000474974513,0.271699994802475,0.22470000386238098,0.3075999915599823,0.12610000371932983
ENST00000430155.6,Cell membrane|Lysosome/Vacuole,Transmembrane domain,0.13269999623298645,0.05429999902844429,0.02329999953508377,0.7634000182151794,0.15950000286102295,0.02160000056028366,0.2371000051498413,0.6395000219345093,0.4927999973297119,0.022700000554323196
ENST00000430435.1,Nucleus,Nuclear localization signal|Nuclear export signal,0.4097999930381775,0.6154000163078308,0.03869999945163727,0.2597000002861023,0.1257999986410141,0.012500000186264515,0.10109999775886536,0.2800999879837036,0.54339998960495,0.007699999958276749
ENST00000430701.5,Cytoplasm,,0.7871000170707703,0.38609999418258667,0.3068999946117401,0.06459999829530716,0.09279999881982803,0.01119999960064888,0.28850001096725464,0.31929999589920044,0.5882999897003174,0.006899999920278788
ENST00000431489.6,Cytoplasm,Nuclear export signal,0.6401000022888184,0.33250001072883606,0.11800000071525574,0.5212000012397766,0.1665000021457672,0.013899999670684338,0.11389999836683273,0.3183000087738037,0.3061999976634979,0.019999999552965164
ENST00000431534.5,Nucleus,,0.3528999984264374,0.6330999732017517,0.31790000200271606,0.20329999923706055,0.2824999988079071,0.05660000070929527,0.11020000278949738,0.16599999368190765,0.1080000028014183,0.07519999891519547
ENST00000432093.1,Cytoplasm,Nuclear export signal,0.7656999826431274,0.3808000087738037,0.09070000052452087,0.3228999972343445,0.16820000112056732,0.004600000102072954,0.07829999923706055,0.13580000400543213,0.30300000309944153,0.018200000748038292
ENST00000432226.7,Cytoplasm|Lysosome/Vacuole,Peroxisomal targeting signal,0.8084999918937683,0.12030000239610672,0.13019999861717224,0.326200008392334,0.043800000101327896,0.03590000048279762,0.1429000049829483,0.617900013923645,0.3271999955177307,0.21879999339580536
ENST00000432728.1,Cytoplasm|Cell membrane|Lysosome/Vacuole,,0.5285999774932861,0.13220000267028809,0.08569999784231186,0.888700008392334,0.23109999299049377,0.02539999969303608,0.38269999623298645,0.6561999917030334,0.35920000076293945,0.06870000064373016
ENST00000432907.6,Nucleus,Nuclear localization signal,0.30320000648498535,0.8359000086784363,0.04529999941587448,0.1273999959230423,0.2493000030517578,0.011300000362098217,0.06520000100135803,0.10970000177621841,0.0997999981045723,0.00559999980032444
ENST00000433078.5,Endoplasmic reticulum|Lysosome/Vacuole,Signal peptide|Transmembrane domain,0.13950000703334808,0.22769999504089355,0.04039999842643738,0.2678000032901764,0.08630000054836273,0.01810000091791153,0.7046999931335449,0.6057999730110168,0.49000000953674316,0.06610000133514404
ENST00000433098.6,Cytoplasm|Nucleus,,0.5733000040054321,0.5296000242233276,0.21529999375343323,0.11909999698400497,0.24699999392032623,0.00430000014603138,0.19550000131130219,0.19509999454021454,0.32030001282691956,0.02319999970495701
ENST00000433627.9,Cytoplasm|Nucleus,Nuclear localization signal,0.6485999822616577,0.6241999864578247,0.11190000176429749,0.1615999937057495,0.07180000096559525,0.012400000356137753,0.14710000157356262,0.10639999806880951,0.15219999849796295,0.00279999990016222
ENST00000433832.2,Cell membrane,Signal peptide|Transmembrane domain,0.13950000703334808,0.04969999939203262,0.020999999716877937,0.820900022983551,0.04100000113248825,0.010300000198185444,0.4756999909877777,0.5188000202178955,0.41659998893737793,0.020899999886751175
ENST00000433972.2,Mitochondrion,Mitochondrial transit peptide,0.28279998898506165,0.15199999511241913,0.26109999418258667,0.09939999878406525,0.916700005531311,0.06520000100135803,0.12890000641345978,0.027499999850988388,0.07079999893903732,0.018300000578165054
ENST00000433985.7,Cytoplasm|Nucleus,Nuclear export signal,0.703000009059906,0.558899998664856,0.06859999895095825,0.20340000092983246,0.148499995470047,0.0038999998942017555,0.13019999861717224,0.23499999940395355,0.3862000107765198,0.016300000250339508
ENST00000434505.5,Mitochondrion,Mitochondrial transit peptide,0.40799999237060547,0.12800000607967377,0.10050000250339508,0.13770000636577606,0.8641999959945679,0.01549999974668026,0.13420000672340393,0.09880000352859497,0.2159000039100647,0.2395000010728836
ENST00000435030.6,Cytoplasm,Nuclear export signal,0.6586999893188477,0.4032999873161316,0.020400000736117363,0.27300000190734863,0.1753000020980835,0.005400000140070915,0.0812000036239624,0.23649999499320984,0.32519999146461487,0.03060000017285347
ENST00000435532.8,Cytoplasm|Lysosome/Vacuole,Nuclear export signal,0.7189000248908997,0.4634000062942505,0.03750000149011612,0.45509999990463257,0.12380000203847885,0.019300000742077827,0.1729000061750412,0.6051999926567078,0.3192000091075897,0.019300000742077827
ENST00000435976.6,Cytoplasm,Nuclear export signal,0.7310000061988831,0.38359999656677246,0.06909999996423721,0.2863999903202057,0.19589999318122864,0.008299999870359898,0.19050000607967377,0.24390000104904175,0.3357999920845032,0.1623000055551529
ENST00000436190.6,Cytoplasm,Nuclear localization signal,0.7414000034332275,0.48350000381469727,0.1445000022649765,0.17759999632835388,0.21549999713897705,0.004800000227987766,0.16670000553131104,0.34299999475479126,0.40689998865127563,0.004699999932199717
ENST00000436198.6,Cytoplasm,Nuclear localization signal,0.6297000050544739,0.3538999855518341,0.28850001096725464,0.5468000173568726,0.10769999772310257,0.012900000438094139,0.133200004696846,0.08969999849796295,0.2833999991416931,0.018400000408291817
ENST00000436302.6,Cytoplasm,Nuclear export signal,0.7472000122070312,0.33719998598098755,0.06780000030994415,0.289900004863739,0.2305999994277954,0.006899999920278788,0.17159999907016754,0.18230000138282776,0.2872999906539917,0.17649999260902405
ENST00000436733.5,Cytoplasm|Nucleus,Nuclear export signal,0.7059000134468079,0.5698999762535095,0.08799999952316284,0.2547999918460846,0.13420000672340393,0.01510000042617321,0.0625,0.20909999310970306,0.18000000715255737,0.013700000010430813
ENST00000437480.1,Nucleus,,0.37369999289512634,0.4864000082015991,0.08900000154972076,0.3377000093460083,0.3582000136375427,0.02070000022649765,0.1624000072479248,0.030899999663233757,0.05130000039935112,0.0284000001847744
ENST00000438041.5,Cytoplasm|Nucleus,,0.6455000042915344,0.546500027179718,0.4075999855995178,0.13590000569820404,0.39980000257492065,0.041200000792741776,0.11089999973773956,0.10520000010728836,0.17180000245571136,0.023800000548362732
ENST00000438166.7,Mitochondrion,Mitochondrial transit peptide,0.23270000517368317,0.1251000016927719,0.07429999858140945,0.16820000112056732,0.8894000053405762,0.14980000257492065,0.23280000686645508,0.1647000014781952,0.13850000500679016,0.1671999990940094
ENST00000438221.6,Extracellular,Signal peptide,0.26019999384880066,0.16019999980926514,0.7235999703407288,0.5120999813079834,0.23309999704360962,0.002400000113993883,0.33469998836517334,0.21220000088214874,0.2574999928474426,0.002099999925121665
ENST00000438354.6,Mitochondrion,,0.30559998750686646,0.30489999055862427,0.2563999891281128,0.18209999799728394,0.5324000120162964,0.004699999932199717,0.41990000009536743,0.12210000306367874,0.22609999775886536,0.15279999375343323
ENST00000439090.7,Nucleus,Nuclear localization signal,0.22669999301433563,0.9000999927520752,0.05389999970793724,0.04170000180602074,0.12970000505447388,0.008299999870359898,0.01510000042617321,0.02930000051856041,0.018200000748038292,0.03629999980330467
ENST00000439128.6,Cytoplasm,Nuclear export signal,0.6919000148773193,0.3628999888896942,0.05310000106692314,0.16459999978542328,0.12700000405311584,0.007199999876320362,0.09730000048875809,0.20589999854564667,0.14249999821186066,0.10849999636411667
ENST00000439214.1,Cytoplasm|Lysosome/Vacuole,Peroxisomal targeting signal,0.6186000108718872,0.1923000067472458,0.03269999846816063,0.3531999886035919,0.41990000009536743,0.006200000178068876,0.48669999837875366,0.6069999933242798,0.5983999967575073,0.14270000159740448
ENST00000439280.6,Cytoplasm|Nucleus,,0.4781999886035919,0.6028000116348267,0.4108999967575073,0.043699998408555984,0.613099992275238,0.0010000000474974513,0.1143999993801117,0.021900000050663948,0.07569999992847443,0.024700000882148743
ENST00000439554.1,Cytoplasm,Nuclear localization signal|Nuclear export signal,0.6905999779701233,0.27480000257492065,0.04349999874830246,0.5597000122070312,0.11990000307559967,0.027300000190734863,0.20739999413490295,0.3052999973297119,0.28139999508857727,0.011300000362098217
ENST00000439587.6,Cell membrane|Endoplasmic reticulum,Signal peptide|Transmembrane domain,0.1932000070810318,0.03629999980330467,0.11259999871253967,0.7741000056266785,0.21220000088214874,0.08290000259876251,0.6699000000953674,0.5583000183105469,0.5410000085830688,0.38670000433921814
ENST00000439718.1,Cytoplasm,,0.5432000160217285,0.33059999346733093,0.09749999642372131,0.11580000072717667,0.17350000143051147,0.053599998354911804,0.09149999916553497,0.04470000043511391,0.1306000053882599,0.22990000247955322
ENST00000439835.1,Cytoplasm|Nucleus,,0.5160999894142151,0.6464999914169312,0.20419999957084656,0.07159999758005142,0.38989999890327454,0.0027000000700354576,0.11129999905824661,0.09099999815225601,0.08959999680519104,0.016599999740719795
ENST00000440039.5,Mitochondrion,,0.32330000400543213,0.3546999990940094,0.07980000227689743,0.30970001220703125,0.5975000262260437,0.014800000004470348,0.3278999924659729,0.28349998593330383,0.15919999778270721,0.024299999698996544
ENST00000440685.7,Cytoplasm|Cell membrane,Nuclear localization signal,0.7179999947547913,0.4268999993801117,0.17630000412464142,0.5734000205993652,0.18719999492168427,0.021700000390410423,0.4047999978065491,0.35830000042915344,0.2572999894618988,0.012799999676644802
ENST00000441599.6,Extracellular,Signal peptide,0.13269999623298645,0.09549999982118607,0.8725000023841858,0.34439998865127563,0.07890000194311142,0.0013000000035390258,0.27950000762939453,0.2827000021934509,0.25609999895095825,0.003599999938160181
ENST00000441680.6,Cytoplasm,,0.6531999707221985,0.3962000012397766,0.4415000081062317,0.2953000068664551,0.18459999561309814,0.007799999788403511,0.14509999752044678,0.09260000288486481,0.09399999678134918,0.01640000008046627
ENST00000441825.8,Cytoplasm,Nuclear localization signal,0.6169999837875366,0.3361000120639801,0.29089999198913574,0.49309998750686646,0.1234000027179718,0.010200000368058681,0.14059999585151672,0.09570000320672989,0.27480000257492065,0.021700000390410423
ENST00000441869.5,Extracellular,Signal peptide,0.04399999976158142,0.04280000180006027,0.9253000020980835,0.14149999618530273,0.03060000017285347,0.005900000222027302,0.09969999641180038,0.1973000019788742,0.20569999516010284,0.018799999728798866
ENST00000442039.3,Mitochondrion,Transmembrane domain,0.14329999685287476,0.09049999713897705,0.03530000150203705,0.14839999377727509,0.8777999877929688,0.007899999618530273,0.3009999990463257,0.06889999657869339,0.1005999967455864,0.04610000178217888
ENST00000442071.3,Cell membrane,Signal peptide|Transmembrane domain,0.30970001220703125,0.11389999836683273,0.13840000331401825,0.8068000078201294,0.04230000078678131,0.00839999970048666,0.25619998574256897,0.4961000084877014,0.3928999900817871,0.03319999948143959
ENST00000442118.5,Cytoplasm|Nucleus,Nuclear export signal,0.6769999861717224,0.5647000074386597,0.0681999996304512,0.241799995303154,0.1941000074148178,0.016300000250339508,0.12380000203847885,0.24250000715255737,0.15600000321865082,0.04309999942779541
ENST00000442218.3,Lysosome/Vacuole|Golgi apparatus,Transmembrane domain,0.12630000710487366,0.13050000369548798,0.08349999785423279,0.5533000230789185,0.133200004696846,0.03920000046491623,0.3978999853134155,0.7213000059127808,0.703499972820282,0.07020000368356705
ENST00000442234.6,Nucleus,Nuclear localization signal,0.3285999894142151,0.8507999777793884,0.013000000268220901,0.046799998730421066,0.09099999815225601,0.026100000366568565,0.01889999955892563,0.04089999943971634,0.025800000876188278,0.0008999999845400453
ENST00000442616.1,Cytoplasm|Nucleus,Nuclear localization signal,0.597100019454956,0.5913000106811523,0.3352000117301941,0.11659999936819077,0.2199999988079071,0.04910000041127205,0.06889999657869339,0.10689999908208847,0.065700002014637,0.019600000232458115
ENST00000442898.5,Cytoplasm,Nuclear export signal,0.6823999881744385,0.2574999928474426,0.11680000275373459,0.2596000134944916,0.1768999993801117,0.007199999876320362,0.16539999842643738,0.45159998536109924,0.2800999879837036,0.01899999938905239
ENST00000443033.5,Cytoplasm,,0.86080002784729,0.19629999995231628,0.14480000734329224,0.17219999432563782,0.45840001106262207,0.005200000014156103,0.5612999796867371,0.05570000037550926,0.3336000144481659,0.10790000110864639
ENST00000443236.7,Extracellular,Signal peptide,0.24320000410079956,0.13740000128746033,0.7361000180244446,0.4212999939918518,0.14890000224113464,0.0017999999690800905,0.4074000120162964,0.29350000619888306,0.3382999897003174,0.0038999998942017555
ENST00000443496.5,Extracellular,Signal peptide,0.3671000003814697,0.10019999742507935,0.761900007724762,0.22020000219345093,0.22579999268054962,0.010499999858438969,0.271699994802475,0.2614000141620636,0.18170000612735748,0.02500000037252903
ENST00000443742.1,Cell membrane|Endoplasmic reticulum,Signal peptide|Transmembrane domain,0.13590000569820404,0.08190000057220459,0.2745000123977661,0.7522000074386597,0.0632999986410141,0.01209999993443489,0.611299991607666,0.44830000400543213,0.5336999893188477,0.26269999146461487
ENST00000444152.5,Cytoplasm,Nuclear localization signal,0.6812000274658203,0.3580000102519989,0.1363999992609024,0.2806999981403351,0.10010000318288803,0.047200001776218414,0.12489999830722809,0.10119999945163727,0.12960000336170197,0.0007999999797903001
ENST00000444304.3,Extracellular,Signal peptide,0.19830000400543213,0.06499999761581421,0.8662999868392944,0.17350000143051147,0.06019999831914902,0.0031999999191612005,0.2298000007867813,0.13950000703334808,0.15410000085830688,0.0012000000569969416
ENST00000444570.5,Cytoplasm|Nucleus,,0.5964000225067139,0.5572999715805054,0.05169999971985817,0.07320000231266022,0.15929999947547913,0.004999999888241291,0.2644999921321869,0.1273999959230423,0.0989999994635582,0.005499999970197678
ENST00000444847.2,Cell membrane,Transmembrane domain,0.11150000244379044,0.21529999375343323,0.0738999992609024,0.8388000130653381,0.15719999372959137,0.015799999237060547,0.3691999912261963,0.12070000171661377,0.1046999990940094,0.004900000058114529
ENST00000445224.6,Cytoplasm,Nuclear export signal,0.6705999970436096,0.4779999852180481,0.0746999979019165,0.3294000029563904,0.14079999923706055,0.017500000074505806,0.10989999771118164,0.3271999955177307,0.3977000117301941,0.0142000000923872
ENST00000445771.6,Endoplasmic reticulum|Golgi apparatus,Signal peptide|Transmembrane domain,0.10480000078678131,0.06509999930858612,0.020800000056624413,0.37929999828338623,0.10639999806880951,0.012799999676644802,0.8410999774932861,0.42910000681877136,0.7056000232696533,0.019500000402331352
ENST00000445819.5,Extracellular,Signal peptide,0.2694000005722046,0.25440001487731934,0.7925000190734863,0.4745999872684479,0.17720000445842743,0.0035000001080334187,0.3084000051021576,0.45899999141693115,0.3716999888420105,0.00559999980032444
ENST00000445888.6,Nucleus,Nuclear localization signal|Nuclear export signal,0.36010000109672546,0.9089999794960022,0.04520000144839287,0.13940000534057617,0.08020000159740448,0.003800000064074993,0.05389999970793724,0.057500001043081284,0.04010000079870224,0.003700000001117587
ENST00000445890.6,Cytoplasm|Cell membrane,Nuclear localization signal,0.6019999980926514,0.24070000648498535,0.05559999868273735,0.6830000281333923,0.1868000030517578,0.03290000185370445,0.1477999985218048,0.3061000108718872,0.3779999911785126,0.008899999782443047
ENST00000446119.2,Cell membrane|Lysosome/Vacuole,Signal peptide|Transmembrane domain,0.1712999939918518,0.11330000311136246,0.16820000112056732,0.8727999925613403,0.025299999862909317,0.004800000227987766,0.11680000275373459,0.6525999903678894,0.44600000977516174,0.1193000003695488
ENST00000446151.6,Nucleus,Nuclear localization signal|Nuclear export signal,0.47519999742507935,0.77920001745224,0.027899999171495438,0.13189999759197235,0.16910000145435333,0.00559999980032444,0.10840000212192535,0.10050000250339508,0.060499999672174454,0.007499999832361937
ENST00000446597.6,Cytoplasm|Lysosome/Vacuole,Nuclear export signal,0.5911999940872192,0.31839999556541443,0.06350000202655792,0.4377000033855438,0.24240000545978546,0.009600000455975533,0.3109999895095825,0.6103000044822693,0.3075000047683716,0.012500000186264515
ENST00000446808.5,Cytoplasm|Nucleus,Nuclear export signal,0.607699990272522,0.5892000198364258,0.13199999928474426,0.31220000982284546,0.18870000541210175,0.001500000013038516,0.1889999955892563,0.3206000030040741,0.3061999976634979,0.0333000011742115
ENST00000446834.5,Nucleus,Nuclear localization signal,0.2833000123500824,0.8944000005722046,0.03139999881386757,0.14010000228881836,0.03929999843239784,0.01269999984651804,0.049300000071525574,0.027400000020861626,0.03750000149011612,0.034699998795986176
ENST00000447047.6,Nucleus,Nuclear localization signal,0.3199000060558319,0.6875,0.1096000000834465,0.0625,0.04320000112056732,0.0031999999191612005,0.06880000233650208,0.07249999791383743,0.0674000009894371,0.00559999980032444
ENST00000447531.5,Cytoplasm,Nuclear localization signal,0.6937999725341797,0.3919999897480011,0.03779999911785126,0.2964000105857849,0.10159999877214432,0.012900000438094139,0.07150000333786011,0.0551999993622303,0.10279999673366547,0.01209999993443489
ENST00000447564.2,Cytoplasm,Nuclear export signal,0.7297999858856201,0.2924000024795532,0.11060000211000443,0.2587999999523163,0.12729999423027039,0.007899999618530273,0.08959999680519104,0.1598999947309494,0.40529999136924744,0.09260000288486481
ENST00000448228.7,Cytoplasm|Nucleus,Nuclear export signal,0.48019999265670776,0.5297999978065491,0.11999999731779099,0.08410000056028366,0.26030001044273376,0.013100000098347664,0.2888999879360199,0.18970000743865967,0.3370000123977661,0.08780000358819962
ENST00000448257.6,Cytoplasm|Nucleus,Nuclear localization signal|Nuclear export signal,0.6929000020027161,0.7850000262260437,0.05270000174641609,0.19580000638961792,0.17599999904632568,0.004999999888241291,0.11699999868869781,0.23319999873638153,0.1451999992132187,0.08290000259876251
ENST00000448349.2,Cytoplasm|Nucleus,,0.5228000283241272,0.5156000256538391,0.3447999954223633,0.04179999977350235,0.5248000025749207,0.008200000040233135,0.09009999781847,0.021700000390410423,0.054499998688697815,0.14880000054836273
ENST00000448416.6,Cytoplasm,,0.6172999739646912,0.3813999891281128,0.1339000016450882,0.3513000011444092,0.16419999301433563,0.002300000051036477,0.12319999933242798,0.3264000117778778,0.274399995803833,0.01679999940097332
ENST00000448673.1,Cytoplasm|Cell membrane,,0.5281999707221985,0.20960000157356262,0.2303999960422516,0.6539999842643738,0.06939999759197235,0.013199999928474426,0.09109999984502792,0.22689999639987946,0.38260000944137573,0.0203000009059906
ENST00000448867.1,Cytoplasm,Nuclear localization signal,0.6937999725341797,0.3919999897480011,0.03779999911785126,0.2964000105857849,0.10159999877214432,0.012900000438094139,0.07150000333786011,0.0551999993622303,0.10279999673366547,0.01209999993443489
ENST00000448890.2,Cytoplasm,Nuclear export signal,0.6761999726295471,0.4081999957561493,0.12349999696016312,0.16869999468326569,0.35339999198913574,0.01679999940097332,0.3224000036716461,0.3409999907016754,0.43880000710487366,0.11479999870061874
ENST00000449309.2,Nucleus,Nuclear localization signal,0.454800009727478,0.7318999767303467,0.1281999945640564,0.07890000194311142,0.17470000684261322,0.004900000058114529,0.27799999713897705,0.13930000364780426,0.07329999655485153,0.02710000053048134
ENST00000449335.5,Nucleus,Nuclear localization signal,0.16419999301433563,0.9839000105857849,0.03539999946951866,0.049400001764297485,0.06920000165700912,0.06780000030994415,0.08699999749660492,0.009499999694526196,0.015200000256299973,0.04230000078678131
ENST00000449373.2,Cytoplasm,,0.6177999973297119,0.4269999861717224,0.4636000096797943,0.20970000326633453,0.37790000438690186,0.027300000190734863,0.13349999487400055,0.049300000071525574,0.2565000057220459,0.10339999943971634
ENST00000450110.5,Extracellular,Signal peptide,0.186599999666214,0.1777999997138977,0.861299991607666,0.30480000376701355,0.2964000105857849,0.00430000014603138,0.23440000414848328,0.07930000126361847,0.1454000025987625,0.00139999995008111
ENST00000450644.2,Cytoplasm|Lysosome/Vacuole|Golgi apparatus,Nuclear export signal,0.652899980545044,0.24660000205039978,0.14000000059604645,0.09489999711513519,0.06700000166893005,0.008899999782443047,0.2451999932527542,0.6992999911308289,0.7864999771118164,0.1193000003695488
ENST00000450649.6,Extracellular,Signal peptide,0.21130000054836273,0.13950000703334808,0.8475000262260437,0.45210000872612,0.1526000052690506,0.004600000102072954,0.24089999496936798,0.22529999911785126,0.2870999872684479,0.03480000048875809
ENST00000450947.2,Endoplasmic reticulum,,0.26969999074935913,0.1981000006198883,0.2549999952316284,0.19099999964237213,0.4271000027656555,0.019200000911951065,0.5759000182151794,0.2816999852657318,0.19550000131130219,0.03460000082850456
ENST00000451013.7,Nucleus,Nuclear localization signal,0.32030001282691956,0.8079000115394592,0.05220000073313713,0.15440000593662262,0.0997999981045723,0.0210999995470047,0.16220000386238098,0.1525000035762787,0.1826999932527542,0.01080000028014183
ENST00000451343.4,Extracellular,Signal peptide,0.38749998807907104,0.18209999799728394,0.7581999897956848,0.5302000045776367,0.11789999902248383,0.007199999876320362,0.23800000548362732,0.2476000040769577,0.3677000105381012,0.037300001829862595
ENST00000451678.1,Cytoplasm|Nucleus,,0.6377999782562256,0.5338000059127808,0.10000000149011612,0.0674000009894371,0.27630001306533813,0.014600000344216824,0.07349999994039536,0.041099999099969864,0.1363999992609024,0.060100000351667404
ENST00000451814.5,Cytoplasm,,0.536899983882904,0.4754999876022339,0.15189999341964722,0.15559999644756317,0.22990000247955322,0.004999999888241291,0.18119999766349792,0.08630000054836273,0.11420000344514847,0.03180000185966492
ENST00000452070.6,Endoplasmic reticulum,Signal peptide|Transmembrane domain,0.19930000603199005,0.17599999904632568,0.3522000014781952,0.3269999921321869,0.17229999601840973,0.0406000018119812,0.7958999872207642,0.39989998936653137,0.607699990272522,0.02419999986886978
ENST00000452086.5,Nucleus,Nuclear localization signal,0.2903999984264374,0.958299994468689,0.02500000037252903,0.04430000111460686,0.10180000215768814,0.013199999928474426,0.05139999836683273,0.03400000184774399,0.02759999968111515,0.0340999998152256
ENST00000452133.1,Endoplasmic reticulum,Signal peptide|Transmembrane domain,0.1981000006198883,0.17790000140666962,0.10790000110864639,0.16110000014305115,0.263700008392334,0.05490000173449516,0.9452000260353088,0.41909998655319214,0.5680000185966492,0.06539999693632126
ENST00000452625.7,Cytoplasm,Nuclear export signal,0.679099977016449,0.2533999979496002,0.047200001776218414,0.489300012588501,0.2353000044822693,0.01140000019222498,0.049800001084804535,0.14569999277591705,0.24549999833106995,0.039400000125169754
ENST00000452655.6,Cytoplasm|Nucleus,,0.5662000179290771,0.5831000208854675,0.23759999871253967,0.11249999701976776,0.17759999632835388,0.00279999990016222,0.25290000438690186,0.10029999911785126,0.1501999944448471,0.03880000114440918
ENST00000452950.1,Cytoplasm,Nuclear export signal,0.5231000185012817,0.4909000098705292,0.01269999984651804,0.08449999988079071,0.09619999676942825,0.0010000000474974513,0.16760000586509705,0.18320000171661377,0.4578000009059906,0.03689999878406525
ENST00000453131.1,Extracellular,Signal peptide,0.10909999907016754,0.054999999701976776,0.8859999775886536,0.2287999987602234,0.048500001430511475,0.00039999998989515007,0.2806999981403351,0.39259999990463257,0.20739999413490295,0.00039999998989515007
ENST00000453291.2,Cytoplasm,Nuclear export signal,0.6858999729156494,0.4903999865055084,0.013399999588727951,0.11420000344514847,0.3578999936580658,0.006500000134110451,0.21539999544620514,0.28940001130104065,0.2678999900817871,0.019200000911951065
ENST00000453535.1,Cytoplasm|Nucleus,Nuclear export signal,0.6638000011444092,0.6812000274658203,0.03720000013709068,0.21889999508857727,0.1542000025510788,0.013199999928474426,0.12710000574588776,0.1168999969959259,0.21960000693798065,0.05350000038743019
ENST00000454523.5,Nucleus,Nuclear export signal,0.4293999969959259,0.8608999848365784,0.060100000351667404,0.05000000074505806,0.06849999725818634,0.008100000210106373,0.06430000066757202,0.08869999647140503,0.1145000010728836,0.027499999850988388
ENST00000454575.6,Cytoplasm,Nuclear export signal,0.5917999744415283,0.3763999938964844,0.060100000351667404,0.4602000117301941,0.13259999454021454,0.02710000053048134,0.32589998841285706,0.3222000002861023,0.3553999960422516,0.012500000186264515
ENST00000454688.5,Nucleus,Nuclear localization signal,0.3280999958515167,0.9279000163078308,0.03500000014901161,0.094200000166893,0.0658000037074089,0.019200000911951065,0.09759999811649323,0.02239999920129776,0.06239999830722809,0.010300000198185444
ENST00000454748.7,Cell membrane,Transmembrane domain,0.15080000460147858,0.0414000004529953,0.0215000007301569,0.7810999751091003,0.05790000036358833,0.014999999664723873,0.18629999458789825,0.47369998693466187,0.22519999742507935,0.0024999999441206455
ENST00000454791.1,Endoplasmic reticulum,Signal peptide|Transmembrane domain,0.2282000035047531,0.1062999963760376,0.29319998621940613,0.3894999921321869,0.1931000053882599,0.03220000118017197,0.5726000070571899,0.30630001425743103,0.43630000948905945,0.1023000031709671
ENST00000455127.7,Cytoplasm,Nuclear localization signal,0.6310999989509583,0.4986000061035156,0.07450000196695328,0.3986000120639801,0.1501999944448471,0.013799999840557575,0.14219999313354492,0.1914999932050705,0.1881999969482422,0.019899999722838402
ENST00000455283.2,Cytoplasm|Nucleus,,0.6190999746322632,0.7027000188827515,0.1835000067949295,0.05959999933838844,0.18729999661445618,0.008700000122189522,0.11829999834299088,0.10159999877214432,0.1453000009059906,0.06599999964237213
ENST00000456004.1,Mitochondrion,,0.4284999966621399,0.4945000112056732,0.3068999946117401,0.07419999688863754,0.521399974822998,0.0024999999441206455,0.12229999899864197,0.06360000371932983,0.11900000274181366,0.03530000150203705
ENST00000456419.5,Nucleus,Nuclear localization signal,0.16220000386238098,0.9810000061988831,0.0364999994635582,0.061400000005960464,0.08829999715089798,0.034699998795986176,0.08009999990463257,0.01489999983459711,0.015200000256299973,0.023000000044703484
ENST00000456420.6,Cytoplasm|Nucleus,Nuclear export signal,0.7455000281333923,0.5709999799728394,0.14880000054836273,0.13809999823570251,0.5627999901771545,0.007499999832361937,0.1551000028848648,0.1200999990105629,0.3037000000476837,0.03269999846816063
ENST00000456915.2,Cytoplasm,Nuclear export signal,0.6934000253677368,0.478300005197525,0.03799999877810478,0.12349999696016312,0.2867000102996826,0.00860000029206276,0.1981000006198883,0.45179998874664307,0.33160001039505005,0.04859999939799309
ENST00000456989.6,Cytoplasm,Nuclear export signal,0.6159999966621399,0.34450000524520874,0.038600001484155655,0.46160000562667847,0.19040000438690186,0.007499999832361937,0.17110000550746918,0.4154999852180481,0.3887999951839447,0.004999999888241291
ENST00000457041.5,Cytoplasm,Nuclear localization signal,0.6729000210762024,0.34220001101493835,0.14139999449253082,0.34290000796318054,0.11219999939203262,0.007000000216066837,0.1834000051021576,0.4699999988079071,0.5235999822616577,0.020099999383091927
ENST00000457056.6,Cytoplasm,Nuclear localization signal,0.6937999725341797,0.3919999897480011,0.03779999911785126,0.2964000105857849,0.10159999877214432,0.012900000438094139,0.07150000333786011,0.0551999993622303,0.10279999673366547,0.01209999993443489
ENST00000457279.5,Cytoplasm,Nuclear export signal,0.7750999927520752,0.3617999851703644,0.10300000011920929,0.28290000557899475,0.1770000010728836,0.006200000178068876,0.08910000324249268,0.10769999772310257,0.2971000075340271,0.02319999970495701
ENST00000457374.5,Nucleus,Nuclear localization signal,0.2903999984264374,0.958299994468689,0.02500000037252903,0.04430000111460686,0.10180000215768814,0.013199999928474426,0.05139999836683273,0.03400000184774399,0.02759999968111515,0.0340999998152256
ENST00000457408.7,Endoplasmic reticulum|Golgi apparatus,Signal peptide|Transmembrane domain,0.14239999651908875,0.04100000113248825,0.02930000051856041,0.45339998602867126,0.18289999663829803,0.00419999985024333,0.7357000112533569,0.4415000081062317,0.7360000014305115,0.055399999022483826
ENST00000457415.7,Cytoplasm,Nuclear export signal,0.6786999702453613,0.39399999380111694,0.04490000009536743,0.07779999822378159,0.5515000224113464,0.03280000016093254,0.1168999969959259,0.04430000111460686,0.07739999890327454,0.07670000195503235
ENST00000457563.6,Nucleus,Nuclear localization signal,0.2240999937057495,0.9053000211715698,0.061400000005960464,0.04450000077486038,0.12309999763965607,0.007699999958276749,0.01720000058412552,0.030899999663233757,0.02070000022649765,0.03460000082850456
ENST00000457648.1,Mitochondrion,Mitochondrial transit peptide,0.16179999709129333,0.13989999890327454,0.32010000944137573,0.07519999891519547,0.8521999716758728,0.055799998342990875,0.08640000224113464,0.04699999839067459,0.06650000065565109,0.36239999532699585
ENST00000458187.5,Endoplasmic reticulum,Signal peptide|Transmembrane domain,0.1860000044107437,0.22110000252723694,0.14730000495910645,0.16419999301433563,0.25850000977516174,0.09539999812841415,0.928600013256073,0.4697999954223633,0.6141999959945679,0.06840000301599503
ENST00000458347.1,Nucleus,Nuclear localization signal,0.26489999890327454,0.98089998960495,0.0778999999165535,0.022099999710917473,0.07880000025033951,0.015699999406933784,0.0210999995470047,0.02199999988079071,0.043800000101327896,0.004800000227987766
ENST00000458447.5,Extracellular,Signal peptide,0.21050000190734863,0.06750000268220901,0.8828999996185303,0.22939999401569366,0.10040000081062317,0.0003000000142492354,0.2443999946117401,0.2849000096321106,0.25850000977516174,0.0006000000284984708
ENST00000460379.1,Nucleus,Nuclear localization signal,0.21809999644756317,0.945900022983551,0.289000004529953,0.01850000023841858,0.1842000037431717,0.017400000244379044,0.03519999980926514,0.07940000295639038,0.022700000554323196,0.029999999329447746
ENST00000461135.2,Cytoplasm,Nuclear localization signal|Nuclear export signal,0.7228000164031982,0.37779998779296875,0.10520000010728836,0.32829999923706055,0.15770000219345093,0.06809999793767929,0.1582999974489212,0.14249999821186066,0.188400000333786,0.07919999957084656
ENST00000461854.5,Cytoplasm|Cell membrane,Nuclear export signal,0.6376000046730042,0.2281000018119812,0.04619999974966049,0.6407999992370605,0.19210000336170197,0.016599999740719795,0.2921000123023987,0.3100000023841858,0.5491999983787537,0.004699999932199717
ENST00000462437.1,Cell membrane,Transmembrane domain,0.33649998903274536,0.030400000512599945,0.08340000361204147,0.5440000295639038,0.060600001364946365,0.018699999898672104,0.2410999983549118,0.5346999764442444,0.3075999915599823,0.010099999606609344
ENST00000464364.1,Endoplasmic reticulum,Signal peptide,0.1412000060081482,0.08160000294446945,0.5232999920845032,0.2921000123023987,0.023800000548362732,0.00039999998989515007,0.6980000138282776,0.5498999953269958,0.4729999899864197,0.000699999975040555
ENST00000465682.5,Nucleus,Nuclear export signal,0.45660001039505005,0.8041999936103821,0.017799999564886093,0.0851999968290329,0.10830000042915344,0.0052999998442828655,0.25999999046325684,0.1655000001192093,0.22759999334812164,0.009200000204145908
ENST00000465919.5,Endoplasmic reticulum,,0.396699994802475,0.19949999451637268,0.05550000071525574,0.42669999599456787,0.15289999544620514,0.016899999231100082,0.7310000061988831,0.3767000138759613,0.4016999900341034,0.299699991941452
ENST00000467525.5,Cell membrane,Signal peptide,0.37599998712539673,0.13459999859333038,0.4528999924659729,0.6424000263214111,0.09160000085830688,0.0015999999595806003,0.3352000117301941,0.3370000123977661,0.30799999833106995,0.10639999806880951
ENST00000467786.1,Cytoplasm,Nuclear export signal,0.6269999742507935,0.4169999957084656,0.04100000113248825,0.4066999852657318,0.1987999975681305,0.00839999970048666,0.2745000123977661,0.5374000072479248,0.29510000348091125,0.019700000062584877
ENST00000468206.6,Cytoplasm,Nuclear export signal,0.6237000226974487,0.3671000003814697,0.05119999870657921,0.4230000078678131,0.21310000121593475,0.009999999776482582,0.28200000524520874,0.5583000183105469,0.31279999017715454,0.015799999237060547
ENST00000468915.5,Cell membrane,Transmembrane domain,0.1062999963760376,0.0778999999165535,0.022700000554323196,0.8445000052452087,0.12540000677108765,0.008700000122189522,0.3025999963283539,0.37279999256134033,0.2053000032901764,0.028200000524520874
ENST00000469112.5,Cytoplasm,Nuclear localization signal,0.6796000003814697,0.23350000381469727,0.38029998540878296,0.13279999792575836,0.27869999408721924,0.058400001376867294,0.05260000005364418,0.03359999880194664,0.031300000846385956,0.016300000250339508
ENST00000469144.5,Nucleus,,0.4677000045776367,0.5026999711990356,0.359499990940094,0.11789999902248383,0.46059998869895935,0.0019000000320374966,0.21170000731945038,0.10170000046491623,0.19550000131130219,0.009999999776482582
ENST00000469830.2,Nucleus,,0.47510001063346863,0.5009999871253967,0.11010000109672546,0.20080000162124634,0.3037000000476837,0.0006000000284984708,0.27070000767707825,0.1868000030517578,0.29829999804496765,0.035999998450279236
ENST00000469902.6,Cell membrane|Lysosome/Vacuole,Transmembrane domain,0.15809999406337738,0.039400000125169754,0.03739999979734421,0.7692000269889832,0.1185000017285347,0.009600000455975533,0.24150000512599945,0.6711000204086304,0.4325999915599823,0.0210999995470047
ENST00000471683.6,Nucleus,Nuclear export signal,0.44940000772476196,0.8618000149726868,0.05570000037550926,0.07090000063180923,0.18700000643730164,0.007799999788403511,0.06469999998807907,0.0828000009059906,0.11860000342130661,0.0608999989926815
ENST00000471742.5,Cytoplasm,,0.6431000232696533,0.28630000352859497,0.045499999076128006,0.13379999995231628,0.4722000062465668,0.1738000065088272,0.09780000150203705,0.08619999885559082,0.11389999836683273,0.06889999657869339
ENST00000472148.5,Cell membrane,Transmembrane domain,0.12129999697208405,0.10050000250339508,0.04740000143647194,0.7889000177383423,0.19110000133514404,0.014800000004470348,0.2703000009059906,0.30640000104904175,0.1777999997138977,0.03750000149011612
ENST00000472750.5,Cytoplasm,,0.5914000272750854,0.1859000027179718,0.3571000099182129,0.10180000215768814,0.3596000075340271,0.031199999153614044,0.16760000586509705,0.12020000070333481,0.1665000021457672,0.13289999961853027
ENST00000473124.1,Endoplasmic reticulum,Signal peptide,0.09040000289678574,0.22450000047683716,0.07100000232458115,0.14470000565052032,0.1891999989748001,0.02930000051856041,0.7893999814987183,0.5181999802589417,0.4350999891757965,0.02979999966919422
ENST00000473262.5,Cell membrane,Signal peptide|Transmembrane domain,0.1469999998807907,0.04390000179409981,0.07829999923706055,0.5486000180244446,0.06830000132322311,0.021900000050663948,0.17710000276565552,0.44670000672340393,0.2930999994277954,0.0035000001080334187
ENST00000473553.5,Cytoplasm,Nuclear export signal,0.6955000162124634,0.3305000066757202,0.08550000190734863,0.16259999573230743,0.41110000014305115,0.164000004529953,0.14319999516010284,0.07240000367164612,0.14079999923706055,0.13609999418258667
ENST00000473717.1,Cytoplasm|Cell membrane,,0.526199996471405,0.20329999923706055,0.05829999968409538,0.5945000052452087,0.25519999861717224,0.03759999945759773,0.24089999496936798,0.2928999960422516,0.43639999628067017,0.13130000233650208
ENST00000473968.7,Cytoplasm,Nuclear localization signal,0.661899983882904,0.3725999891757965,0.07100000232458115,0.4309999942779541,0.08349999785423279,0.02449999935925007,0.4787999987602234,0.0737999975681305,0.20489999651908875,0.00930000003427267
ENST00000474756.1,Endoplasmic reticulum,Signal peptide|Transmembrane domain,0.14800000190734863,0.14399999380111694,0.11230000108480453,0.21649999916553497,0.2395000010728836,0.04749999940395355,0.7577999830245972,0.49900001287460327,0.5587000250816345,0.3668999969959259
ENST00000474840.5,Mitochondrion,,0.40849998593330383,0.4113999903202057,0.25189998745918274,0.24690000712871552,0.4438000023365021,0.035599999129772186,0.20999999344348907,0.04809999838471413,0.05810000002384186,0.017999999225139618
ENST00000475243.6,Endoplasmic reticulum,Transmembrane domain,0.14249999821186066,0.37139999866485596,0.018400000408291817,0.3125,0.27959999442100525,0.024399999529123306,0.7724999785423279,0.1745000034570694,0.5232999920845032,0.1590999960899353
ENST00000475994.1,Cytoplasm,,0.49799999594688416,0.29440000653266907,0.2554999887943268,0.21819999814033508,0.40290001034736633,0.019600000232458115,0.40380001068115234,0.12250000238418579,0.2599000036716461,0.33980000019073486
ENST00000476133.6,Cytoplasm|Cell membrane,Nuclear localization signal,0.7179999947547913,0.4268999993801117,0.17630000412464142,0.5734000205993652,0.18719999492168427,0.021700000390410423,0.4047999978065491,0.35830000042915344,0.2572999894618988,0.012799999676644802
ENST00000476287.4,Cytoplasm|Nucleus,Nuclear localization signal|Nuclear export signal,0.4823000133037567,0.772599995136261,0.04340000078082085,0.05040000006556511,0.23389999568462372,0.00279999990016222,0.21209999918937683,0.09920000284910202,0.1193000003695488,0.01360000018030405
ENST00000477459.5,Nucleus,,0.44670000672340393,0.4697999954223633,0.14630000293254852,0.13580000400543213,0.4162999987602234,0.0015999999595806003,0.1348000019788742,0.23810000717639923,0.37299999594688416,0.0940999984741211
ENST00000477663.6,Cytoplasm,Nuclear localization signal,0.661899983882904,0.3725999891757965,0.07100000232458115,0.4309999942779541,0.08349999785423279,0.02449999935925007,0.4787999987602234,0.0737999975681305,0.20489999651908875,0.00930000003427267
ENST00000479184.2,Cytoplasm|Lysosome/Vacuole|Golgi apparatus,Nuclear export signal,0.6550999879837036,0.28600001335144043,0.10610000044107437,0.09529999643564224,0.06440000236034393,0.010099999606609344,0.22529999911785126,0.7178000211715698,0.7921000123023987,0.16500000655651093
ENST00000479475.1,Extracellular,,0.41769999265670776,0.2639000117778778,0.663100004196167,0.4603999853134155,0.4767000079154968,0.004699999932199717,0.15440000593662262,0.3986999988555908,0.2702000141143799,0.009800000116229057
ENST00000479502.2,Cytoplasm,Nuclear localization signal,0.661899983882904,0.3725999891757965,0.07100000232458115,0.4309999942779541,0.08349999785423279,0.02449999935925007,0.4787999987602234,0.0737999975681305,0.20489999651908875,0.00930000003427267
ENST00000479826.1,Cell membrane,Signal peptide|Transmembrane domain,0.28040000796318054,0.06199999898672104,0.3140000104904175,0.5631999969482422,0.12409999966621399,0.009999999776482582,0.249099999666214,0.24269999563694,0.3853999972343445,0.0034000000450760126
ENST00000479917.5,Endoplasmic reticulum,Signal peptide|Transmembrane domain,0.1363999992609024,0.12890000641345978,0.016100000590085983,0.2669000029563904,0.10239999741315842,0.012600000016391277,0.8794000148773193,0.322299987077713,0.5773000121116638,0.01360000018030405
ENST00000480824.7,Endoplasmic reticulum|Golgi apparatus,Signal peptide|Transmembrane domain,0.19130000472068787,0.28189998865127563,0.11840000003576279,0.14910000562667847,0.16979999840259552,0.007499999832361937,0.9182000160217285,0.38429999351501465,0.7171000242233276,0.007699999958276749
ENST00000481238.1,Endoplasmic reticulum,Signal peptide,0.15539999306201935,0.08349999785423279,0.16210000216960907,0.24130000174045563,0.13899999856948853,0.0008999999845400453,0.7096999883651733,0.44119998812675476,0.6025000214576721,0.0017999999690800905
ENST00000482804.1,Cytoplasm,Nuclear export signal,0.6769000291824341,0.4652999937534332,0.07720000296831131,0.3395000100135803,0.12919999659061432,0.020600000396370888,0.11630000174045563,0.33399999141693115,0.4122999906539917,0.01510000042617321
ENST00000483089.5,Nucleus,Nuclear localization signal,0.31679999828338623,0.7487999796867371,0.08590000122785568,0.08160000294446945,0.03929999843239784,0.0031999999191612005,0.0681999996304512,0.07509999722242355,0.07050000131130219,0.0052999998442828655
ENST00000483871.6,Cytoplasm|Nucleus,Nuclear localization signal,0.5861999988555908,0.5924999713897705,0.26600000262260437,0.04410000145435333,0.20229999721050262,0.0044999998062849045,0.041200000792741776,0.037300001829862595,0.0544000007212162,0.016200000420212746
ENST00000483888.6,Extracellular,Signal peptide,0.29829999804496765,0.0835999995470047,0.9197999835014343,0.3179999887943268,0.05660000070929527,0.006000000052154064,0.12290000170469284,0.21809999644756317,0.2443999946117401,0.01640000008046627
ENST00000485089.6,Cytoplasm|Cell membrane,Nuclear localization signal,0.7687000036239624,0.27480000257492065,0.3343000113964081,0.6996999979019165,0.11640000343322754,0.0007999999797903001,0.15199999511241913,0.23119999468326569,0.41940000653266907,0.004600000102072954
ENST00000486996.5,Cell membrane,,0.45080000162124634,0.4366999864578247,0.03530000150203705,0.5228000283241272,0.3569999933242798,0.00559999980032444,0.2648000121116638,0.2678999900817871,0.3790000081062317,0.08839999884366989
ENST00000487137.7,Cell membrane,Signal peptide|Transmembrane domain,0.2206999957561493,0.11029999703168869,0.19930000603199005,0.8246999979019165,0.02710000053048134,0.0017000000225380063,0.26840001344680786,0.42640000581741333,0.36719998717308044,0.07289999723434448
ENST00000489498.5,Endoplasmic reticulum,Signal peptide|Transmembrane domain,0.18299999833106995,0.16930000483989716,0.10869999974966049,0.25209999084472656,0.2874999940395355,0.02979999966919422,0.6991999745368958,0.43320000171661377,0.5203999876976013,0.4025999903678894
ENST00000490272.1,Cytoplasm|Nucleus,,0.5410000085830688,0.6172000169754028,0.24279999732971191,0.05310000106692314,0.4828000068664551,0.0017999999690800905,0.21130000054836273,0.05169999971985817,0.06610000133514404,0.005400000140070915
ENST00000490337.6,Cytoplasm,Nuclear localization signal|Nuclear export signal,0.7386000156402588,0.4156000018119812,0.062199998646974564,0.20059999823570251,0.22939999401569366,0.04910000041127205,0.2935999929904938,0.14509999752044678,0.14650000631809235,0.07450000196695328
ENST00000490576.2,Endoplasmic reticulum,Signal peptide|Transmembrane domain,0.10559999942779541,0.05939999967813492,0.08540000021457672,0.1965000033378601,0.3937000036239624,0.20999999344348907,0.8373000025749207,0.11800000071525574,0.1445000022649765,0.47029998898506165
ENST00000491150.5,Endoplasmic reticulum|Golgi apparatus,Signal peptide|Transmembrane domain,0.13439999520778656,0.0851999968290329,0.04490000009536743,0.4957999885082245,0.07119999825954437,0.024299999698996544,0.7754999995231628,0.4763999879360199,0.7472000122070312,0.07460000365972519
ENST00000491222.5,Cytoplasm|Nucleus,,0.49410000443458557,0.629800021648407,0.2872999906539917,0.05400000140070915,0.28529998660087585,0.13249999284744263,0.2190999984741211,0.1535000056028366,0.20980000495910645,0.07639999687671661
ENST00000491527.2,Extracellular,Signal peptide,0.14959999918937683,0.07840000092983246,0.8065999746322632,0.26840001344680786,0.18400000035762787,0.002199999988079071,0.4916999936103821,0.5095000267028809,0.597100019454956,0.00419999985024333
ENST00000491999.5,Cytoplasm,,0.5289999842643738,0.37709999084472656,0.11879999935626984,0.11590000241994858,0.4456999897956848,0.02280000038444996,0.10769999772310257,0.07069999724626541,0.03959999978542328,0.14880000054836273
ENST00000493039.5,Nucleus,Nuclear localization signal,0.41429999470710754,0.8253999948501587,0.03700000047683716,0.03819999843835831,0.06360000371932983,0.0015999999595806003,0.11490000039339066,0.11420000344514847,0.1251000016927719,0.05979999899864197
ENST00000493409.5,Cytoplasm,,0.6847000122070312,0.41819998621940613,0.11630000174045563,0.1940000057220459,0.12020000070333481,0.003700000001117587,0.13379999995231628,0.3142000138759613,0.1695999950170517,0.016100000590085983
ENST00000494279.2,Cytoplasm|Nucleus,,0.5357000231742859,0.6693000197410583,0.24609999358654022,0.16249999403953552,0.5878999829292297,0.009999999776482582,0.0989999994635582,0.006800000090152025,0.02419999986886978,0.005799999926239252
ENST00000494586.5,Cytoplasm|Nucleus,Nuclear localization signal,0.535099983215332,0.6107000112533569,0.13429999351501465,0.133200004696846,0.14579999446868896,0.00139999995008111,0.08669999986886978,0.19519999623298645,0.1023000031709671,0.03220000118017197
ENST00000495819.6,Cytoplasm,Nuclear export signal,0.682699978351593,0.3653999865055084,0.020600000396370888,0.40619999170303345,0.3495999872684479,0.0215000007301569,0.12290000170469284,0.1501999944448471,0.40880000591278076,0.18559999763965607
ENST00000495954.5,Cytoplasm|Nucleus,,0.5573999881744385,0.536300003528595,0.11010000109672546,0.05249999836087227,0.3224000036716461,0.00989999994635582,0.12359999865293503,0.025100000202655792,0.09610000252723694,0.4595000147819519
ENST00000496455.7,Cytoplasm,Nuclear export signal,0.7903000116348267,0.4607999920845032,0.03240000084042549,0.13539999723434448,0.4235999882221222,0.02879999950528145,0.18610000610351562,0.1306000053882599,0.0729999989271164,0.053599998354911804
ENST00000496503.5,Cytoplasm|Cell membrane,Nuclear localization signal,0.6158000230789185,0.24490000307559967,0.09809999912977219,0.5917999744415283,0.16689999401569366,0.01850000023841858,0.30869999527931213,0.3488999903202057,0.31619998812675476,0.02810000069439411
ENST00000498301.1,Nucleus|Mitochondrion,,0.4706999957561493,0.5059000253677368,0.4708999991416931,0.0658000037074089,0.7059000134468079,0.010700000450015068,0.053700000047683716,0.025800000876188278,0.040800001472234726,0.006399999838322401
ENST00000503306.5,Cytoplasm|Nucleus,Peroxisomal targeting signal,0.5843999981880188,0.5144000053405762,0.09040000289678574,0.05009999871253967,0.1906999945640564,0.019500000402331352,0.2630000114440918,0.3147999942302704,0.3441999852657318,0.2930000126361847
ENST00000503359.5,Nucleus,Nuclear localization signal,0.4336000084877014,0.7712000012397766,0.17980000376701355,0.05999999865889549,0.27649998664855957,0.036400001496076584,0.045099999755620956,0.004399999976158142,0.01140000019222498,0.008799999952316284
ENST00000503759.5,Extracellular,Signal peptide|Nuclear localization signal,0.3709999918937683,0.43720000982284546,0.7735999822616577,0.4348999857902527,0.17900000512599945,0.00139999995008111,0.2623000144958496,0.19179999828338623,0.3183000087738037,0.003800000064074993
ENST00000504338.5,Cytoplasm|Nucleus,,0.5896000266075134,0.8339999914169312,0.1632000058889389,0.05090000107884407,0.3224000036716461,0.000699999975040555,0.10620000213384628,0.11659999936819077,0.07890000194311142,0.015300000086426735
ENST00000504797.1,Cytoplasm|Nucleus,Mitochondrial transit peptide,0.6197999715805054,0.8547999858856201,0.2459000051021576,0.031300000846385956,0.3398999869823456,0.000699999975040555,0.09309999644756317,0.10090000182390213,0.11890000104904175,0.007699999958276749
ENST00000504952.1,Cytoplasm|Nucleus,Nuclear localization signal,0.4941999912261963,0.6700999736785889,0.14010000228881836,0.07829999923706055,0.15199999511241913,0.009200000204145908,0.12370000034570694,0.0925000011920929,0.07569999992847443,0.03200000151991844
ENST00000505128.5,Cytoplasm|Nucleus,,0.6053000092506409,0.839900016784668,0.210999995470047,0.03620000183582306,0.3675000071525574,0.0003000000142492354,0.12269999831914902,0.08940000087022781,0.10400000214576721,0.0024999999441206455
ENST00000505695.5,Cytoplasm,Nuclear localization signal|Nuclear export signal,0.677299976348877,0.30000001192092896,0.035599999129772186,0.5612000226974487,0.14100000262260437,0.020800000056624413,0.2176000028848648,0.5321000218391418,0.2685000002384186,0.004399999976158142
ENST00000506390.5,Cytoplasm|Nucleus,Nuclear localization signal,0.5267000198364258,0.6679999828338623,0.04650000110268593,0.06949999928474426,0.36550000309944153,0.007699999958276749,0.2175000011920929,0.11680000275373459,0.18930000066757202,0.004999999888241291
ENST00000506557.5,Cytoplasm,,0.7027000188827515,0.3937999904155731,0.20329999923706055,0.10890000313520432,0.2451000064611435,0.01080000028014183,0.2249000072479248,0.19349999725818634,0.21930000185966492,0.04320000112056732
ENST00000506595.5,Cytoplasm|Nucleus,,0.6227999925613403,0.8159999847412109,0.15479999780654907,0.030700000002980232,0.3116999864578247,0.0005000000237487257,0.09880000352859497,0.08380000293254852,0.07639999687671661,0.01360000018030405
ENST00000506651.5,Cytoplasm,,0.6862999796867371,0.24240000545978546,0.06920000165700912,0.13289999961853027,0.08959999680519104,0.03009999915957451,0.19539999961853027,0.20909999310970306,0.1639000028371811,0.054999999701976776
ENST00000506810.1,Endoplasmic reticulum,Signal peptide|Transmembrane domain,0.05719999969005585,0.019899999722838402,0.028300000354647636,0.4320000112056732,0.12759999930858612,0.013899999670684338,0.6883000135421753,0.1606999933719635,0.4997999966144562,0.041999999433755875
ENST00000506939.6,Cell membrane,Signal peptide,0.1745000034570694,0.08380000293254852,0.47909998893737793,0.6205000281333923,0.02419999986886978,0.00139999995008111,0.3407000005245209,0.2500999867916107,0.3253999948501587,0.003700000001117587
ENST00000507288.1,Cytoplasm,Nuclear localization signal,0.6003999710083008,0.373199999332428,0.17409999668598175,0.350600004196167,0.20350000262260437,0.025100000202655792,0.03150000050663948,0.24869999289512634,0.0982000008225441,0.05490000173449516
ENST00000507904.5,Cytoplasm|Nucleus,,0.6474999785423279,0.8598999977111816,0.2078000009059906,0.03350000083446503,0.3303999900817871,0.0006000000284984708,0.10700000077486038,0.09080000221729279,0.11010000109672546,0.008100000210106373
ENST00000508394.6,Cytoplasm|Nucleus,Nuclear export signal,0.7249000072479248,0.7860000133514404,0.11729999631643295,0.0608999989926815,0.35899999737739563,0.00139999995008111,0.15150000154972076,0.0925000011920929,0.08980000019073486,0.018699999898672104
ENST00000509300.5,Cytoplasm|Nucleus,Nuclear export signal,0.5898000001907349,0.5626000165939331,0.04450000077486038,0.2669000029563904,0.2483000010251999,0.002099999925121665,0.0860000029206276,0.3580999970436096,0.1273999959230423,0.015300000086426735
ENST00000509549.5,Mitochondrion,Peroxisomal targeting signal,0.35040000081062317,0.33390000462532043,0.0949999988079071,0.1143999993801117,0.7150999903678894,0.051500000059604645,0.23469999432563782,0.2572999894618988,0.3149999976158142,0.5787000060081482
ENST00000510188.1,Cytoplasm,Nuclear localization signal,0.8061000108718872,0.21580000221729279,0.17759999632835388,0.19850000739097595,0.1273999959230423,0.010900000110268593,0.044199999421834946,0.11140000075101852,0.2117999941110611,0.00860000029206276
ENST00000510533.5,Cytoplasm,Nuclear export signal,0.8080999851226807,0.32600000500679016,0.042399998754262924,0.2402999997138977,0.10520000010728836,0.004900000058114529,0.11420000344514847,0.13230000436306,0.12359999865293503,0.05719999969005585
ENST00000511633.5,Cytoplasm,Nuclear export signal,0.7427999973297119,0.3547999858856201,0.0617000013589859,0.18400000035762787,0.11379999667406082,0.009200000204145908,0.0917000025510788,0.20730000734329224,0.1679999977350235,0.06539999693632126
ENST00000512138.1,Cytoplasm,Nuclear localization signal,0.7925000190734863,0.24210000038146973,0.14139999449253082,0.1615000069141388,0.1517000049352646,0.0034000000450760126,0.07890000194311142,0.17319999635219574,0.19779999554157257,0.0035000001080334187
ENST00000512982.4,Cytoplasm,Nuclear localization signal,0.8309000134468079,0.20589999854564667,0.1242000013589859,0.429500013589859,0.06629999727010727,0.01269999984651804,0.1728000044822693,0.20980000495910645,0.3379000127315521,0.004000000189989805
ENST00000513449.6,Cytoplasm|Nucleus,Nuclear export signal,0.6775000095367432,0.5103999972343445,0.07750000059604645,0.08760000020265579,0.3391000032424927,0.00930000003427267,0.2808000147342682,0.11230000108480453,0.25760000944137573,0.10010000318288803
ENST00000513610.6,Cytoplasm,Nuclear export signal,0.7633000016212463,0.3425000011920929,0.040800001472234726,0.3582000136375427,0.21220000088214874,0.014100000262260437,0.08730000257492065,0.25130000710487366,0.21870000660419464,0.0272000003606081
ENST00000513838.5,Cytoplasm|Nucleus,,0.6227999925613403,0.8159999847412109,0.15479999780654907,0.030700000002980232,0.3116999864578247,0.0005000000237487257,0.09880000352859497,0.08380000293254852,0.07639999687671661,0.01360000018030405
ENST00000514152.5,Cytoplasm,,0.732699990272522,0.22370000183582306,0.0957999974489212,0.3249000012874603,0.07289999723434448,0.003800000064074993,0.13429999351501465,0.3197000026702881,0.3903000056743622,0.015799999237060547
ENST00000514196.5,Cytoplasm|Nucleus,,0.6478000283241272,0.8101000189781189,0.15360000729560852,0.03959999978542328,0.2953999936580658,0.0008999999845400453,0.12240000069141388,0.09130000323057175,0.09870000183582306,0.020800000056624413
ENST00000514213.7,Cytoplasm,Nuclear export signal,0.6690000295639038,0.30709999799728394,0.04560000076889992,0.33970001339912415,0.0778999999165535,0.007300000172108412,0.30880001187324524,0.5519000291824341,0.5665000081062317,0.03869999945163727
ENST00000514229.5,Cytoplasm,Nuclear export signal,0.7541999816894531,0.24690000712871552,0.05209999904036522,0.3431999981403351,0.09000000357627869,0.01600000075995922,0.2345000058412552,0.5702000260353088,0.4375,0.012500000186264515
ENST00000514911.5,Cytoplasm|Nucleus,Nuclear localization signal,0.545199990272522,0.6926000118255615,0.024800000712275505,0.0786999985575676,0.25679999589920044,0.007600000128149986,0.11270000040531158,0.15629999339580536,0.28769999742507935,0.000699999975040555
ENST00000515010.5,Cytoplasm,Nuclear localization signal,0.8269000053405762,0.20819999277591705,0.14259999990463257,0.3610999882221222,0.0617000013589859,0.007000000216066837,0.14949999749660492,0.2313999980688095,0.3368000090122223,0.0027000000700354576
ENST00000515803.5,Cytoplasm,Nuclear localization signal|Nuclear export signal,0.677299976348877,0.30000001192092896,0.035599999129772186,0.5612000226974487,0.14100000262260437,0.020800000056624413,0.2176000028848648,0.5321000218391418,0.2685000002384186,0.004399999976158142
ENST00000518240.5,Nucleus,Nuclear localization signal,0.14059999585151672,0.9495000243186951,0.23849999904632568,0.0272000003606081,0.13179999589920044,0.00839999970048666,0.0203000009059906,0.030300000682473183,0.029999999329447746,0.06849999725818634
ENST00000518477.5,Mitochondrion,Mitochondrial transit peptide,0.16769999265670776,0.11209999769926071,0.0625,0.10000000149011612,0.9620000123977661,0.0013000000035390258,0.04919999837875366,0.0494999997317791,0.1039000004529953,0.02500000037252903
ENST00000519078.6,Cytoplasm|Nucleus,Nuclear export signal,0.6098999977111816,0.7063000202178955,0.06530000269412994,0.21850000321865082,0.121799997985363,0.030400000512599945,0.04439999908208847,0.17679999768733978,0.17020000517368317,0.24289999902248383
ENST00000519464.5,Cytoplasm,Nuclear export signal,0.7422000169754028,0.476500004529953,0.020400000736117363,0.0348999984562397,0.0697999969124794,0.010499999858438969,0.08579999953508377,0.27000001072883606,0.2493000030517578,0.025299999862909317
ENST00000519523.5,Cytoplasm,,0.6807000041007996,0.5009999871253967,0.06080000102519989,0.049300000071525574,0.16019999980926514,0.008500000461935997,0.10140000283718109,0.1356000006198883,0.12359999865293503,0.0348999984562397
ENST00000519560.6,Extracellular,Signal peptide,0.18250000476837158,0.11230000108480453,0.5917999744415283,0.48429998755455017,0.07940000295639038,0.002099999925121665,0.26330000162124634,0.2808000147342682,0.179299995303154,0.0071000000461936
ENST00000519595.5,Cytoplasm|Nucleus,Nuclear export signal,0.7218000292778015,0.527999997138977,0.03539999946951866,0.09610000252723694,0.14640000462532043,0.013700000010430813,0.13609999418258667,0.21080000698566437,0.23549999296665192,0.007300000172108412
ENST00000520105.5,Cell membrane,,0.36809998750686646,0.24140000343322754,0.025699999183416367,0.7635999917984009,0.3276999890804291,0.01720000058412552,0.4580000042915344,0.3986999988555908,0.5436000227928162,0.1550000011920929
ENST00000520241.5,Cytoplasm,Nuclear export signal,0.6990000009536743,0.3028999865055084,0.08799999952316284,0.33959999680519104,0.17229999601840973,0.023600000888109207,0.2199999988079071,0.4724000096321106,0.5045999884605408,0.05939999967813492
ENST00000520337.1,Extracellular,Signal peptide,0.24709999561309814,0.26750001311302185,0.9065999984741211,0.18279999494552612,0.16099999845027924,0.016100000590085983,0.18299999833106995,0.05130000039935112,0.13429999351501465,0.02459999918937683
ENST00000520406.5,Cytoplasm,Nuclear export signal,0.6754999756813049,0.430400013923645,0.11309999972581863,0.33309999108314514,0.22589999437332153,0.04019999876618385,0.13899999856948853,0.4077000021934509,0.3158999979496002,0.062300000339746475
ENST00000520467.5,Extracellular,Signal peptide,0.21809999644756317,0.179299995303154,0.8274999856948853,0.45660001039505005,0.12219999730587006,0.004699999932199717,0.21220000088214874,0.21729999780654907,0.2824999988079071,0.03440000116825104
ENST00000520497.1,Cytoplasm,,0.5759000182151794,0.28949999809265137,0.1265999972820282,0.1891999989748001,0.07370000332593918,0.004600000102072954,0.03269999846816063,0.34380000829696655,0.17249999940395355,0.004399999976158142
ENST00000520604.5,Cytoplasm|Nucleus,Nuclear localization signal,0.582099974155426,0.6177999973297119,0.07329999655485153,0.17839999496936798,0.06930000334978104,0.08919999748468399,0.08179999887943268,0.05139999836683273,0.04540000110864639,0.032600000500679016
ENST00000520635.5,Cytoplasm,,0.4564000070095062,0.4453999996185303,0.1177000030875206,0.2750999927520752,0.12070000171661377,0.018400000408291817,0.17759999632835388,0.07419999688863754,0.07930000126361847,0.1843000054359436
ENST00000520880.1,Extracellular,Signal peptide,0.28110000491142273,0.14710000157356262,0.8492000102996826,0.46630001068115234,0.4424000084400177,0.10570000112056732,0.3154999911785126,0.10159999877214432,0.2029000073671341,0.08110000193119049
ENST00000521287.5,Cytoplasm,Nuclear export signal,0.6169000267982483,0.4875999987125397,0.06480000168085098,0.21070000529289246,0.181099995970726,0.03139999881386757,0.10719999670982361,0.07010000199079514,0.1597999930381775,0.08529999852180481
ENST00000521578.6,Cell membrane,,0.41019999980926514,0.2703999876976013,0.034699998795986176,0.7994999885559082,0.2797999978065491,0.012600000016391277,0.3368000090122223,0.44429999589920044,0.44920000433921814,0.09759999811649323
ENST00000521655.1,Cytoplasm|Mitochondrion,Mitochondrial transit peptide,0.48539999127388,0.362199991941452,0.4293000102043152,0.10790000110864639,0.6618000268936157,0.11999999731779099,0.3449000120162964,0.09440000355243683,0.23229999840259552,0.1160999983549118
ENST00000521742.5,Cytoplasm|Nucleus,,0.5367000102996826,0.5471000075340271,0.12809999287128448,0.13680000603199005,0.2644999921321869,0.08860000222921371,0.1843000054359436,0.0771000012755394,0.10849999636411667,0.04129999876022339
ENST00000522520.5,Cytoplasm,Nuclear export signal,0.6169000267982483,0.4875999987125397,0.06480000168085098,0.21070000529289246,0.181099995970726,0.03139999881386757,0.10719999670982361,0.07010000199079514,0.1597999930381775,0.08529999852180481
ENST00000522789.5,Cytoplasm|Nucleus,Nuclear localization signal|Nuclear export signal,0.7026000022888184,0.6115000247955322,0.047600001096725464,0.0617000013589859,0.11249999701976776,0.051600001752376556,0.17249999940395355,0.10189999639987946,0.11289999634027481,0.017999999225139618
ENST00000523096.5,Cytoplasm|Nucleus,Nuclear export signal,0.6675999760627747,0.5248000025749207,0.013700000010430813,0.050700001418590546,0.13019999861717224,0.011300000362098217,0.10859999805688858,0.1468999981880188,0.20640000700950623,0.022700000554323196
ENST00000523147.5,Cytoplasm|Nucleus,Nuclear localization signal,0.6184999942779541,0.5968999862670898,0.0812000036239624,0.24300000071525574,0.14990000426769257,0.013399999588727951,0.07530000060796738,0.11490000039339066,0.04859999939799309,0.035100001841783524
ENST00000523220.5,Cytoplasm|Nucleus,Nuclear localization signal|Nuclear export signal,0.7573999762535095,0.5727999806404114,0.10869999974966049,0.2784000039100647,0.12319999933242798,0.012400000356137753,0.25609999895095825,0.22669999301433563,0.1973000019788742,0.01209999993443489
ENST00000523501.5,Cytoplasm|Cell membrane,Nuclear localization signal|Nuclear export signal,0.6067000031471252,0.2687000036239624,0.031099999323487282,0.7213000059127808,0.23170000314712524,0.019300000742077827,0.30640000104904175,0.3075999915599823,0.4964999854564667,0.0035000001080334187
ENST00000523732.1,Cytoplasm,Nuclear localization signal|Nuclear export signal,0.8496999740600586,0.3537999987602234,0.05849999934434891,0.09640000015497208,0.23720000684261322,0.10350000113248825,0.2215999960899353,0.20010000467300415,0.1923000067472458,0.0778999999165535
ENST00000524028.1,Cell membrane,,0.3467999994754791,0.1551000028848648,0.02590000070631504,0.7930999994277954,0.2851000130176544,0.018400000408291817,0.3197000026702881,0.42969998717308044,0.4487000107765198,0.06159999966621399
ENST00000524435.1,Cytoplasm|Nucleus,Nuclear export signal,0.7204999923706055,0.536899983882904,0.05400000140070915,0.17030000686645508,0.09399999678134918,0.0071000000461936,0.07029999792575836,0.34369999170303345,0.32839998602867126,0.05909999832510948
ENST00000524893.5,Cytoplasm,,0.4975999891757965,0.4512999951839447,0.22509999573230743,0.0828000009059906,0.40059998631477356,0.05920000001788139,0.16820000112056732,0.047200001776218414,0.08510000258684158,0.01940000057220459
ENST00000525141.1,Endoplasmic reticulum,Transmembrane domain,0.16940000653266907,0.37869998812675476,0.04479999840259552,0.10899999737739563,0.1468999981880188,0.023800000548362732,0.8930000066757202,0.12120000272989273,0.4187000095844269,0.010599999688565731
ENST00000526145.6,Nucleus,Nuclear export signal,0.43209999799728394,0.7599999904632568,0.02810000069439411,0.1657000035047531,0.05249999836087227,0.004100000020116568,0.1931000053882599,0.24869999289512634,0.30550000071525574,0.10719999670982361
ENST00000526189.3,Cell membrane,Signal peptide|Transmembrane domain,0.16189999878406525,0.11569999903440475,0.21709999442100525,0.8982999920845032,0.03869999945163727,0.00800000037997961,0.2782000005245209,0.36880001425743103,0.2143000066280365,0.22709999978542328
ENST00000526869.1,Endoplasmic reticulum,Signal peptide|Transmembrane domain,0.16509999334812164,0.17949999868869781,0.04659999907016754,0.13729999959468842,0.1906999945640564,0.03009999915957451,0.8921999931335449,0.384799987077713,0.483599990606308,0.04230000078678131
ENST00000527149.5,Endoplasmic reticulum,Transmembrane domain,0.16940000653266907,0.37869998812675476,0.04479999840259552,0.10899999737739563,0.1468999981880188,0.023800000548362732,0.8930000066757202,0.12120000272989273,0.4187000095844269,0.010599999688565731
ENST00000527150.5,Cell membrane,Signal peptide|Transmembrane domain,0.21660000085830688,0.11540000140666962,0.2362000048160553,0.875,0.029999999329447746,0.01720000058412552,0.25690001249313354,0.4226999878883362,0.3353999853134155,0.11169999837875366
ENST00000527330.2,Cytoplasm,Mitochondrial transit peptide|Nuclear localization signal,0.6338000297546387,0.49799999594688416,0.15049999952316284,0.10279999673366547,0.5716000199317932,0.002899999963119626,0.12139999866485596,0.050200000405311584,0.05990000069141388,0.01360000018030405
ENST00000528477.1,Cell membrane,Signal peptide,0.2460000067949295,0.30630001425743103,0.5041999816894531,0.5174999833106995,0.10689999908208847,0.005400000140070915,0.38420000672340393,0.21060000360012054,0.351500004529953,0.1216999962925911
ENST00000528697.6,Cell membrane,Signal peptide|Transmembrane domain,0.21660000085830688,0.11540000140666962,0.2362000048160553,0.875,0.029999999329447746,0.01720000058412552,0.25690001249313354,0.4226999878883362,0.3353999853134155,0.11169999837875366
ENST00000528916.1,Cytoplasm,Nuclear localization signal,0.6904000043869019,0.27059999108314514,0.15639999508857727,0.5231999754905701,0.17970000207424164,0.008200000040233135,0.2012999951839447,0.20890000462532043,0.36239999532699585,0.00930000003427267
ENST00000529146.6,Cytoplasm,,0.5861999988555908,0.4092000126838684,0.29600000381469727,0.0982000008225441,0.5152000188827515,0.002300000051036477,0.13650000095367432,0.029400000348687172,0.17100000381469727,0.016100000590085983
ENST00000529208.5,Cytoplasm|Cell membrane,Nuclear localization signal,0.6122999787330627,0.23819999396800995,0.05959999933838844,0.6721000075340271,0.18050000071525574,0.035999998450279236,0.1687999963760376,0.3206000030040741,0.38760000467300415,0.007699999958276749
ENST00000529598.1,Cell membrane,Signal peptide|Transmembrane domain,0.1898999959230423,0.10180000215768814,0.3531999886035919,0.8939999938011169,0.029999999329447746,0.01510000042617321,0.13740000128746033,0.48510000109672546,0.2903999984264374,0.06719999760389328
ENST00000530135.5,Extracellular,Signal peptide,0.20900000631809235,0.16200000047683716,0.7329000234603882,0.29490000009536743,0.10809999704360962,0.0013000000035390258,0.41780000925064087,0.3393000066280365,0.40950000286102295,0.002199999988079071
ENST00000530481.5,Cytoplasm|Cell membrane,Nuclear localization signal,0.6140999794006348,0.24130000174045563,0.05990000069141388,0.6814000010490417,0.18889999389648438,0.03970000147819519,0.1624000072479248,0.31380000710487366,0.38260000944137573,0.008200000040233135
ENST00000530763.5,Cell membrane,Signal peptide|Transmembrane domain,0.21660000085830688,0.11540000140666962,0.2362000048160553,0.875,0.029999999329447746,0.01720000058412552,0.25690001249313354,0.4226999878883362,0.3353999853134155,0.11169999837875366
ENST00000530915.1,Cytoplasm,Nuclear localization signal,0.6294000148773193,0.30979999899864197,0.1120000034570694,0.4876999855041504,0.10790000110864639,0.013500000350177288,0.14219999313354492,0.3617999851703644,0.1941000074148178,0.003000000026077032
ENST00000531316.1,Cytoplasm,Nuclear localization signal,0.8561000227928162,0.3310000002384186,0.04039999842643738,0.23000000417232513,0.10790000110864639,0.007600000128149986,0.11320000141859055,0.17100000381469727,0.19589999318122864,0.04010000079870224
ENST00000531327.5,Cell membrane,,0.25859999656677246,0.1193000003695488,0.22669999301433563,0.6751999855041504,0.42239999771118164,0.01080000028014183,0.31779998540878296,0.30720001459121704,0.16120000183582306,0.09880000352859497
ENST00000531387.5,Cytoplasm|Nucleus,,0.5976999998092651,0.5473999977111816,0.310699999332428,0.08730000257492065,0.44780001044273376,0.002099999925121665,0.3325999975204468,0.12439999729394913,0.13050000369548798,0.07069999724626541
ENST00000531833.1,Mitochondrion,,0.42340001463890076,0.32359999418258667,0.22619999945163727,0.1678999960422516,0.4921000003814697,0.010499999858438969,0.23989999294281006,0.11500000208616257,0.2662999927997589,0.10920000076293945
ENST00000532309.5,Nucleus,Nuclear localization signal,0.2574999928474426,0.8564000129699707,0.22769999504089355,0.054499998688697815,0.18709999322891235,0.0032999999821186066,0.015300000086426735,0.05090000107884407,0.016300000250339508,0.05810000002384186
ENST00000532643.5,Cytoplasm,Peroxisomal targeting signal,0.6715999841690063,0.4090999960899353,0.05860000103712082,0.10350000113248825,0.20980000495910645,0.016899999231100082,0.13050000369548798,0.22949999570846558,0.2020999938249588,0.34439998865127563
ENST00000533357.5,Cell membrane,Signal peptide|Transmembrane domain,0.1923999935388565,0.10520000010728836,0.1704999953508377,0.8919000029563904,0.03150000050663948,0.005200000014156103,0.258899986743927,0.4108000099658966,0.18780000507831573,0.13619999587535858
ENST00000534187.6,Cytoplasm,,0.4975999891757965,0.4512999951839447,0.22509999573230743,0.0828000009059906,0.40059998631477356,0.05920000001788139,0.16820000112056732,0.047200001776218414,0.08510000258684158,0.01940000057220459
ENST00000534520.6,Nucleus,,0.4300999939441681,0.4471000134944916,0.16850000619888306,0.05820000171661377,0.23589999973773956,0.023000000044703484,0.32170000672340393,0.22190000116825104,0.23600000143051147,0.051500000059604645
ENST00000534842.1,Endoplasmic reticulum,Signal peptide|Transmembrane domain,0.10220000147819519,0.10000000149011612,0.040300000458955765,0.3813000023365021,0.15780000388622284,0.012400000356137753,0.6700999736785889,0.5376999974250793,0.4699999988079071,0.08110000193119049
ENST00000535549.5,Nucleus,Nuclear export signal,0.4221000075340271,0.7552000284194946,0.025499999523162842,0.17679999768733978,0.07109999656677246,0.002400000113993883,0.15960000455379486,0.20059999823570251,0.2517000138759613,0.09109999984502792
ENST00000535559.5,Nucleus,Nuclear localization signal,0.29440000653266907,0.8622000217437744,0.03669999912381172,0.08429999649524689,0.020800000056624413,0.009600000455975533,0.05389999970793724,0.08429999649524689,0.10540000349283218,0.007199999876320362
ENST00000535612.6,Cytoplasm,Nuclear export signal,0.8334000110626221,0.43470001220703125,0.03229999914765358,0.29670000076293945,0.15369999408721924,0.016300000250339508,0.2240999937057495,0.11479999870061874,0.26600000262260437,0.05180000141263008
ENST00000535992.5,Extracellular,Signal peptide,0.22869999706745148,0.09700000286102295,0.871999979019165,0.18860000371932983,0.1696999967098236,0.01679999940097332,0.23739999532699585,0.13689999282360077,0.16359999775886536,0.00570000009611249
ENST00000536531.5,Cytoplasm,,0.6190000176429749,0.29910001158714294,0.07680000364780426,0.260699987411499,0.21449999511241913,0.03220000118017197,0.10930000245571136,0.41839998960494995,0.1688999980688095,0.01510000042617321
ENST00000537097.2,Cytoplasm,Nuclear localization signal,0.6812000274658203,0.3580000102519989,0.1363999992609024,0.2806999981403351,0.10010000318288803,0.047200001776218414,0.12489999830722809,0.10119999945163727,0.12960000336170197,0.0007999999797903001
ENST00000537263.5,Cytoplasm,Nuclear export signal,0.8443999886512756,0.3488999903202057,0.03550000116229057,0.27459999918937683,0.1331000030040741,0.009399999864399433,0.21379999816417694,0.0737999975681305,0.2757999897003174,0.14270000159740448
ENST00000537664.5,Cytoplasm|Nucleus,Nuclear localization signal,0.4871000051498413,0.744700014591217,0.06719999760389328,0.05009999871253967,0.2662000060081482,0.003599999938160181,0.23010000586509705,0.08500000089406967,0.11990000307559967,0.016699999570846558
ENST00000537898.5,Endoplasmic reticulum,Signal peptide|Transmembrane domain,0.08389999717473984,0.07850000262260437,0.11949999630451202,0.33880001306533813,0.20469999313354492,0.022700000554323196,0.8718000054359436,0.15600000321865082,0.3862999975681305,0.026499999687075615
ENST00000538142.5,Cell membrane|Lysosome/Vacuole,Transmembrane domain,0.21979999542236328,0.15379999577999115,0.14399999380111694,0.8008999824523926,0.18860000371932983,0.006500000134110451,0.46700000762939453,0.6011999845504761,0.32760000228881836,0.013199999928474426
ENST00000538170.6,Cytoplasm,Nuclear localization signal,0.7814000248908997,0.3499999940395355,0.2150000035762787,0.1193000003695488,0.22040000557899475,0.0038999998942017555,0.14319999516010284,0.2126999944448471,0.45089998841285706,0.0035000001080334187
ENST00000538274.6,Cytoplasm,Nuclear export signal,0.6007000207901001,0.43369999527931213,0.057100001722574234,0.2596000134944916,0.15389999747276306,0.025200000032782555,0.2833999991416931,0.44429999589920044,0.44699999690055847,0.008700000122189522
ENST00000538310.1,Extracellular,Signal peptide,0.2506999969482422,0.14409999549388885,0.7975999712944031,0.20260000228881836,0.17970000207424164,0.013100000098347664,0.289900004863739,0.11299999803304672,0.16429999470710754,0.008899999782443047
ENST00000538396.5,Cytoplasm,Nuclear localization signal,0.6310999989509583,0.4986000061035156,0.07450000196695328,0.3986000120639801,0.1501999944448471,0.013799999840557575,0.14219999313354492,0.1914999932050705,0.1881999969482422,0.019899999722838402
ENST00000538695.2,Extracellular,Signal peptide,0.14880000054836273,0.15309999883174896,0.8076000213623047,0.25099998712539673,0.2029000073671341,0.0017999999690800905,0.20579999685287476,0.17800000309944153,0.1492999941110611,0.0005000000237487257
ENST00000538884.1,Nucleus|Extracellular,,0.44830000400543213,0.6363999843597412,0.715399980545044,0.05220000073313713,0.38370001316070557,0.01360000018030405,0.0754999965429306,0.023399999365210533,0.05999999865889549,0.031199999153614044
