#ID	peptide_length	Fickett_score	pI	ORF_integrity	coding_probability	label
ENST00000378891.9	671	0.37737	7.00872802734	1	1	coding
ENST00000378888.10	696	0.35707	7.69464111328	1	1	coding
ENST00000634054.1	214	0.40355	9.97918701172	-1	0.263803	noncoding
ENST00000288774.8	347	0.41347	10.0978393555	1	0.999991	coding
ENST00000447513.7	327	0.41347	10.0341186523	1	0.999977	coding
ENST00000507596.5	325	0.45305	10.0994262695	1	0.999996	coding
ENST00000510434.1	210	0.36595	9.70794677734	1	0.968271	coding
ENST00000508384.5	54	0.42602	9.29876708984	1	0.0542025	noncoding
ENST00000514502.1	74	0.3008	5.14056396484	1	0.0898605	noncoding
ENST00000493183.5	93	0.391	10.6436157227	1	0.209628	noncoding
ENST00000419916.8	229	0.38514	6.22564697266	1	0.999192	coding
ENST00000378424.9	232	0.37894	8.90362548828	1	0.995248	coding
ENST00000378427.6	184	0.37894	8.79632568359	1	0.951256	coding
ENST00000481683.5	57	0.36846	8.82843017578	1	0.0310385	noncoding
ENST00000476686.1	84	0.3008	7.63592529297	1	0.0591292	noncoding
ENST00000343813.10	285	0.33024	8.13323974609	1	0.998376	coding
ENST00000489498.5	189	0.32831	5.84564208984	1	0.970883	coding
ENST00000474756.1	120	0.35215	6.89373779297	1	0.424694	noncoding
ENST00000608083.5	339	0.46065	6.80426025391	1	1	coding
ENST00000361521.9	371	0.47753	6.83697509766	1	1	coding
ENST00000377842.7	330	0.45086	7.66522216797	1	0.999999	coding
ENST00000377855.6	381	0.45317	8.85467529297	1	1	coding
ENST00000377263.6	107	0.32617	8.79095458984	1	0.158297	noncoding
ENST00000400904.7	82	0.4562	5.33355712891	1	0.337351	noncoding
ENST00000377258.5	82	0.41823	5.33355712891	1	0.286145	noncoding
ENST00000377022.8	1760	0.45895	6.59478759766	1	1	coding
ENST00000478524.1	2	0.37852	5.27496337891	1	8.26345e-06	noncoding
ENST00000344008.5	1167	0.45893	8.43536376953	1	1	coding
ENST00000496432.6	1031	0.4482	8.47625732422	1	1	coding
ENST00000376692.9	212	0.44512	6.04840087891	1	0.999468	coding
ENST00000235310.7	212	0.46208	6.04840087891	1	0.999543	coding
ENST00000456915.2	277	0.43524	5.56744384766	1	0.999994	coding
ENST00000376667.7	212	0.44021	6.04840087891	1	0.999431	coding
ENST00000697274.1	176	0.41794	5.79376220703	-1	0.143671	noncoding
ENST00000415136.6	457	0.4432	6.09039306641	1	1	coding
ENST00000602624.7	440	0.43536	5.43011474609	1	1	coding
ENST00000464364.1	154	0.4512	4.78472900391	-1	0.158196	noncoding
ENST00000437367.5	99	0.34872	10.0459594727	1	0.155205	noncoding
ENST00000703051.1	133	0.33113	5.44061279297	1	0.696006	coding
ENST00000454117.2	111	0.31442	4.92376708984	1	0.450983	noncoding
ENST00000689840.1	107	0.36922	9.90557861328	1	0.26247	noncoding
ENST00000690463.2	45	0.35478	5.70880126953	1	0.016699	noncoding
ENST00000671509.2	111	0.33671	4.92376708984	1	0.5	coding
ENST00000703050.1	70	0.39188	4.44061279297	1	0.189539	noncoding
ENST00000518600.3	45	0.42524	5.70880126953	1	0.030244	noncoding
ENST00000335648.3	127	0.29328	9.34930419922	1	0.192282	noncoding
ENST00000518821.1	78	0.33431	4.68341064453	-1	0.037862	noncoding
ENST00000427796.6	27	0.35218	8.49798583984	1	0.0063875	noncoding
ENST00000686609.2	27	0.38965	8.49798583984	1	0.00750671	noncoding
ENST00000664563.3	27	0.3292	8.49798583984	1	0.00625691	noncoding
ENST00000703077.1	28	0.32751	6.49066162109	1	0.00527099	noncoding
ENST00000652963.1	28	0.42129	6.49066162109	1	0.00815383	noncoding
ENST00000447961.1	11	0.33098	5.27252197266	1	0.00269655	noncoding
ENST00000687867.1	16	0.42493	3.79937744141	1	0.0139352	noncoding
ENST00000689374.1	16	0.37337	3.79937744141	1	0.00832175	noncoding
ENST00000373921.8	644	0.47064	5.76605224609	1	1	coding
ENST00000373925.5	261	0.45937	5.69464111328	1	0.999986	coding
ENST00000373927.7	124	0.39398	5.32733154297	1	0.81271	coding
ENST00000427466.1	133	0.41644	5.54681396484	-1	0.077541	noncoding
ENST00000442118.5	246	0.4279	8.21234130859	-1	0.320988	noncoding
ENST00000456990.1	388	0.46992	5.74102783203	1	1	coding
ENST00000492877.1	164	0.31693	9.41033935547	1	0.566212	coding
ENST00000471683.6	195	0.43888	5.81634521484	1	0.998486	coding
ENST00000373824.9	162	0.39649	7.77838134766	1	0.932445	coding
ENST00000689843.1	162	0.38481	7.77838134766	1	0.912867	coding
ENST00000691050.1	80	0.41707	9.56341552734	1	0.174318	noncoding
ENST00000685312.1	200	0.42495	9.16510009766	1	0.993671	coding
ENST00000263974.4	162	0.35537	7.77838134766	1	0.837342	coding
ENST00000373510.9	442	0.3525	6.81121826172	1	1	coding
ENST00000316459.4	341	0.33082	9.05291748047	1	0.999635	coding
ENST00000431473.4	392	0.31705	6.21514892578	1	0.999998	coding
ENST00000410070.6	104	0.3927	9.42974853516	1	0.319642	noncoding
ENST00000372070.7	326	0.4408	6.32281494141	1	1	coding
ENST00000621846.4	326	0.47361	6.32281494141	1	1	coding
ENST00000434299.5	147	0.44548	5.84283447266	-1	0.10832	noncoding
ENST00000351829.9	326	0.46038	6.32281494141	1	1	coding
ENST00000471651.1	120	0.38125	5.70574951172	1	0.679798	coding
ENST00000497973.5	144	0.44233	10.3932495117	1	0.909922	coding
ENST00000473038.5	132	0.39818	10.3970336914	1	0.644585	coding
ENST00000606395.1	79	0.4527	4.74920654297	1	0.367551	noncoding
ENST00000607656.5	75	0.4361	4.77874755859	-1	0.0364086	noncoding
ENST00000429784.2	72	0.41775	5.42645263672	1	0.163801	noncoding
ENST00000635606.3	17	0.45476	5.95831298828	1	0.00509477	noncoding
ENST00000692135.1	72	0.44965	5.42645263672	1	0.196699	noncoding
ENST00000455247.2	17	0.43232	5.95831298828	1	0.00476884	noncoding
ENST00000635298.1	17	0.45297	5.95831298828	1	0.00508718	noncoding
ENST00000306052.12	964	0.36683	4.88043212891	1	1	coding
ENST00000661457.1	415	0.3828	5.71221923828	1	1	coding
ENST00000657047.1	144	0.44138	6.32037353516	1	0.945597	coding
ENST00000529670.6	87	0.46023	5.56231689453	1	0.388724	noncoding
ENST00000668071.1	499	0.40186	6.43878173828	1	1	coding
ENST00000653217.1	558	0.39814	6.26190185547	1	1	coding
ENST00000658404.1	458	0.39071	5.79132080078	1	1	coding
ENST00000354412.7	701	0.39744	4.84356689453	1	1	coding
ENST00000659993.1	889	0.34994	4.94598388672	1	1	coding
ENST00000454575.6	2130	0.49491	6.36932373047	1	1	coding
ENST00000340370.10	2110	0.50731	6.34124755859	1	1	coding
ENST00000637255.1	1188	0.48146	6.34661865234	1	1	coding
ENST00000635123.1	2099	0.48315	6.36883544922	1	1	coding
ENST00000404627.3	633	0.49239	5.84027099609	1	1	coding
ENST00000464312.1	166	0.39983	10.2223510742	-1	0.209425	noncoding
ENST00000636635.1	23	0.40182	9.30023193359	1	0.00857986	noncoding
ENST00000371059.7	959	0.43855	8.03570556641	1	1	coding
ENST00000371060.7	897	0.32143	7.44525146484	1	1	coding
ENST00000616738.4	897	0.35505	7.44525146484	1	1	coding
ENST00000369039.9	1098	0.31879	8.78619384766	1	1	coding
ENST00000369041.9	878	0.31929	8.74700927734	1	1	coding
ENST00000271643.9	1075	0.32044	8.78619384766	1	1	coding
ENST00000483335.1	155	0.27466	11.5134887695	1	0.179502	noncoding
ENST00000369038.6	1075	0.33331	8.78619384766	1	1	coding
ENST00000489159.1	238	0.35957	8.56756591797	1	0.994071	coding
ENST00000676716.1	289	0.46832	8.93316650391	1	0.99999	coding
ENST00000271651.8	330	0.45154	8.71795654297	1	0.999999	coding
ENST00000676970.1	334	0.45154	8.68194580078	1	0.999999	coding
ENST00000679260.1	257	0.45483	9.06536865234	1	0.9999	coding
ENST00000676824.1	330	0.44016	8.71795654297	1	0.999998	coding
ENST00000677611.1	241	0.44752	8.89654541016	1	0.999704	coding
ENST00000678725.1	291	0.38465	8.83697509766	1	0.99981	coding
ENST00000480670.2	256	0.38572	8.65826416016	1	0.999048	coding
ENST00000677330.1	256	0.3693	8.65826416016	1	0.998193	coding
ENST00000474997.1	28	0.37863	5.82330322266	-1	0.0176439	noncoding
ENST00000368947.9	346	0.47108	5.53387451172	1	1	coding
ENST00000462520.5	178	0.47492	6.11883544922	-1	0.188264	noncoding
ENST00000368918.8	449	0.31712	5.14801025391	1	1	coding
ENST00000489549.5	252	0.46393	5.21380615234	-1	0.525324	coding
ENST00000486076.5	223	0.46543	6.49713134766	-1	0.313543	noncoding
ENST00000368916.1	411	0.44056	5.09857177734	1	1	coding
ENST00000467551.1	114	0.46995	4.20758056641	1	0.898409	coding
ENST00000440685.7	99	0.46157	5.90240478516	1	0.555514	coding
ENST00000476133.6	99	0.44039	5.90240478516	1	0.53129	coding
ENST00000339556.8	99	0.45422	5.90240478516	1	0.551355	coding
ENST00000392622.3	99	0.48055	5.90240478516	1	0.540524	coding
ENST00000392623.5	99	0.4502	5.90240478516	1	0.547073	coding
ENST00000491177.1	113	0.3829	6.56927490234	1	0.485297	noncoding
ENST00000368373.8	537	0.39005	7.28656005859	1	1	coding
ENST00000327247.9	537	0.41849	7.28656005859	1	1	coding
ENST00000427500.7	488	0.34825	7.28814697266	1	1	coding
ENST00000428024.3	450	0.4456	6.64984130859	1	1	coding
ENST00000478472.1	91	0.37068	6.38043212891	1	0.18745	noncoding
ENST00000493842.5	227	0.40097	8.20318603516	-1	0.242104	noncoding
ENST00000467918.5	58	0.33703	8.21185302734	-1	0.0916952	noncoding
ENST00000470104.1	65	0.40152	6.70416259766	1	0.0618904	noncoding
ENST00000368072.10	300	0.34563	4.25592041016	1	0.999995	coding
ENST00000472750.5	210	0.32253	4.32928466797	1	0.997537	coding
ENST00000532516.1	74	0.45352	4.28033447266	-1	0.047129	noncoding
ENST00000524939.1	149	0.47116	4.44561767578	1	0.987851	coding
ENST00000490724.6	112	0.44339	7.69927978516	1	0.636214	coding
ENST00000368011.9	350	0.36825	8.70928955078	1	0.99998	coding
ENST00000469647.5	112	0.41154	7.69927978516	1	0.516979	coding
ENST00000471613.1	46	0.38732	11.0127563477	1	0.0325151	noncoding
ENST00000392192.6	289	0.35746	8.65228271484	1	0.999389	coding
ENST00000392191.6	37	0.43936	9.49737548828	-1	0.0611439	noncoding
ENST00000475934.1	112	0.37258	7.69927978516	1	0.355394	noncoding
ENST00000472996.1	29	0.36153	9.05633544922	1	0.00856172	noncoding
ENST00000368006.8	319	0.40783	9.07269287109	1	0.999981	coding
ENST00000458050.6	319	0.41155	9.07269287109	1	0.999984	coding
ENST00000545495.5	319	0.41087	9.07269287109	1	0.999983	coding
ENST00000490843.6	319	0.42676	9.07269287109	1	0.999992	coding
ENST00000473679.6	237	0.42084	9.37493896484	-1	0.315387	noncoding
ENST00000463227.5	257	0.41033	9.34381103516	-1	0.334394	noncoding
ENST00000496632.1	91	0.39596	10.1215209961	-1	0.138763	noncoding
ENST00000533357.5	259	0.43484	9.63873291016	1	0.999771	coding
ENST00000491222.5	53	0.44024	10.3389282227	1	0.0802644	noncoding
ENST00000526189.3	232	0.46268	9.79168701172	1	0.999595	coding
ENST00000476410.1	43	0.39462	9.39605712891	1	0.0226361	noncoding
ENST00000488271.1	53	0.47336	10.3389282227	1	0.145087	noncoding
ENST00000367972.8	317	0.47472	6.19146728516	1	1	coding
ENST00000467654.1	257	0.40829	7.71392822266	1	0.99978	coding
ENST00000473080.1	31	0.43165	4.85333251953	1	0.019137	noncoding
ENST00000699277.1	277	0.33955	5.63873291016	1	0.999864	coding
ENST00000699278.1	232	0.3422	6.64471435547	1	0.996175	coding
ENST00000271450.12	318	0.36189	6.19146728516	1	0.99999	coding
ENST00000699279.1	179	0.36606	8.99261474609	1	0.911686	coding
ENST00000467525.5	87	0.33078	9.62628173828	1	0.0833218	noncoding
ENST00000461298.1	53	0.39071	4.51092529297	1	0.066902	noncoding
ENST00000486608.1	53	0.35908	4.51092529297	1	0.0477987	noncoding
ENST00000491841.1	89	0.39363	9.46441650391	1	0.185384	noncoding
ENST00000392122.4	169	0.3258	10.1683959961	1	0.60156	coding
ENST00000485089.6	114	0.42123	10.3003540039	1	0.569127	coding
ENST00000700164.1	169	0.31081	10.1683959961	1	0.509822	coding
ENST00000700158.1	169	0.29742	10.1683959961	1	0.431953	noncoding
ENST00000362089.10	169	0.3258	10.1683959961	1	0.60156	coding
ENST00000700159.1	169	0.32332	10.1683959961	1	0.586527	coding
ENST00000700108.1	169	0.31371	10.1683959961	1	0.527497	coding
ENST00000700139.1	170	0.4643	8.92376708984	-1	0.206683	noncoding
ENST00000700140.1	137	0.45678	8.64202880859	1	0.909294	coding
ENST00000700141.1	138	0.4605	8.64202880859	1	0.919474	coding
ENST00000402921.6	470	0.45817	7.97369384766	1	1	coding
ENST00000367750.7	533	0.46189	6.80401611328	1	1	coding
ENST00000469112.5	305	0.39212	8.78314208984	1	0.999936	coding
ENST00000354841.4	537	0.47009	6.57867431641	1	1	coding
ENST00000459868.1	67	0.37779	9.20123291016	1	0.0573629	noncoding
ENST00000472893.1	178	0.46992	6.96966552734	1	0.994214	coding
ENST00000469711.1	74	0.36842	9.51165771484	-1	0.117794	noncoding
ENST00000294868.8	303	0.35168	5.60015869141	1	0.999982	coding
ENST00000287713.7	308	0.35881	6.58953857422	1	0.999969	coding
ENST00000464047.1	91	0.45975	6.37933349609	1	0.387562	noncoding
ENST00000304685.8	804	0.44278	5.60272216797	1	1	coding
ENST00000360851.4	769	0.44278	5.78350830078	1	1	coding
ENST00000470918.2	990	0.47445	5.87640380859	1	1	coding
ENST00000695979.1	443	0.47881	7.06390380859	1	1	coding
ENST00000695981.1	1197	0.49598	5.98284912109	1	1	coding
ENST00000695984.1	568	0.45169	8.11199951172	1	1	coding
ENST00000367429.9	1232	0.48829	6.23065185547	1	1	coding
ENST00000630130.2	450	0.47548	6.80279541016	1	1	coding
ENST00000452560.5	37	0.37513	5.98480224609	1	0.0110749	noncoding
ENST00000413408.5	47	0.48554	5.30267333984	1	0.0369275	noncoding
ENST00000331314.11	620	0.50609	7.18048095703	1	1	coding
ENST00000429498.5	99	0.43845	9.99176025391	1	0.471893	noncoding
ENST00000433235.1	224	0.45961	9.09686279297	-1	0.346754	noncoding
ENST00000453944.1	75	0.32779	7.79644775391	-1	0.0977677	noncoding
ENST00000608999.6	983	0.33091	5.53411865234	1	1	coding
ENST00000391959.5	1044	0.33091	5.65423583984	1	1	coding
ENST00000480184.5	516	0.47126	5.14324951172	1	1	coding
ENST00000464965.1	42	0.4421	9.68450927734	1	0.0402968	noncoding
ENST00000434615.2	29	0.44015	12.3042602539	1	0.0236251	noncoding
ENST00000498070.5	70	0.37239	11.452331543	1	0.0667592	noncoding
ENST00000634903.1	187	0.4286	9.69073486328	1	0.986722	coding
ENST00000618451.1	62	0.32445	10.8662719727	1	0.0386444	noncoding
ENST00000605818.5	272	0.46084	6.61456298828	1	0.999988	coding
ENST00000581977.7	717	0.47899	7.90948486328	1	1	coding
ENST00000578328.6	658	0.46816	8.32537841797	1	1	coding
ENST00000579827.6	154	0.46112	7.73468017578	1	0.967414	coding
ENST00000359470.6	602	0.34773	8.78411865234	1	1	coding
ENST00000461135.2	356	0.40494	10.1028442383	1	0.999991	coding
ENST00000367006.8	437	0.41878	6.25274658203	1	1	coding
ENST00000419091.7	554	0.39412	6.75433349609	1	1	coding
ENST00000452621.6	450	0.45881	5.71966552734	1	1	coding
ENST00000528926.5	375	0.43128	6.54156494141	1	1	coding
ENST00000472734.1	62	0.38376	6.07171630859	1	0.0507675	noncoding
ENST00000529572.5	105	0.34268	6.57965087891	-1	0.0758547	noncoding
ENST00000367005.8	496	0.3972	8.25701904297	1	1	coding
ENST00000485186.1	62	0.32653	8.06634521484	1	0.0262819	noncoding
ENST00000486666.5	58	0.29448	9.69268798828	1	0.026773	noncoding
ENST00000528066.1	32	0.41839	6.04779052734	1	0.0112487	noncoding
ENST00000526255.1	43	0.44543	12.1810913086	1	0.0498441	noncoding
ENST00000468573.5	95	0.28301	9.67327880859	1	0.0743954	noncoding
ENST00000676153.1	591	0.3387	9.32647705078	1	1	coding
ENST00000492335.5	70	0.36621	9.49652099609	1	0.0606729	noncoding
ENST00000674678.1	104	0.34103	6.47174072266	1	0.23677	noncoding
ENST00000255380.8	591	0.30595	9.32647705078	1	1	coding
ENST00000675709.1	166	0.3889	5.98248291016	-1	0.113347	noncoding
ENST00000315273.4	962	0.42262	6.06243896484	1	1	coding
ENST00000281419.8	1007	0.43847	6.23809814453	1	1	coding
ENST00000471687.1	51	0.46916	8.38092041016	1	0.0605184	noncoding
ENST00000484590.1	132	0.29268	8.55120849609	1	0.244479	noncoding
ENST00000264709.7	913	0.32218	6.19073486328	1	1	coding
ENST00000321117.10	913	0.34344	6.19073486328	1	1	coding
ENST00000380746.8	724	0.41554	6.41339111328	1	1	coding
ENST00000380756.7	782	0.3932	5.61053466797	1	1	coding
ENST00000683393.1	508	0.39451	6.82525634766	1	1	coding
ENST00000683760.1	761	0.41218	7.16290283203	1	1	coding
ENST00000402667.1	690	0.45114	6.09783935547	1	1	coding
ENST00000474887.6	223	0.41533	8.39593505859	1	0.998224	coding
ENST00000466601.5	140	0.41405	8.78753662109	-1	0.129298	noncoding
ENST00000474807.5	201	0.4206	7.54376220703	-1	0.194291	noncoding
ENST00000484184.1	64	0.39959	6.70989990234	-1	0.0320572	noncoding
ENST00000406659.3	167	0.34063	4.76190185547	1	0.969127	coding
ENST00000379619.5	319	0.29152	8.92498779297	1	0.993938	coding
ENST00000264716.9	327	0.26913	7.03277587891	1	0.998799	coding
ENST00000436647.1	202	0.45025	8.90374755859	-1	0.264441	noncoding
ENST00000611976.1	255	0.28683	5.48614501953	1	0.99809	coding
ENST00000295324.4	255	0.28518	5.48614501953	1	0.998017	coding
ENST00000457889.1	215	0.42303	5.88836669922	-1	0.244213	noncoding
ENST00000610745.5	544	0.36893	9.17791748047	1	1	coding
ENST00000490576.2	544	0.37949	9.17791748047	1	1	coding
ENST00000407351.5	1149	0.47287	5.47808837891	1	1	coding
ENST00000405975.7	1954	0.47381	5.71124267578	1	1	coding
ENST00000405006.8	1954	0.46877	5.71124267578	1	1	coding
ENST00000467668.1	69	0.43274	9.20465087891	1	0.123307	noncoding
ENST00000485018.1	81	0.41367	6.38885498047	1	0.181734	noncoding
ENST00000486735.5	28	0.42079	7.82269287109	1	0.00850846	noncoding
ENST00000473004.5	55	0.4201	9.03472900391	1	0.0498115	noncoding
ENST00000402796.5	507	0.38676	6.91864013672	-1	0.897734	coding
ENST00000485353.5	157	0.41562	6.09869384766	-1	0.107094	noncoding
ENST00000486447.1	81	0.29857	9.44464111328	1	0.0527255	noncoding
ENST00000238892.4	118	0.26785	9.09686279297	1	0.129302	noncoding
ENST00000405482.5	310	0.48012	5.09002685547	-1	0.795925	coding
ENST00000431489.6	1161	0.45797	5.65460205078	1	1	coding
ENST00000263991.9	1232	0.50301	5.23931884766	1	1	coding
ENST00000469591.1	55	0.32948	10.7739868164	1	0.0316133	noncoding
ENST00000422032.1	182	0.44263	4.73455810547	-1	0.228947	noncoding
ENST00000471179.1	94	0.41799	11.8773803711	-1	0.199512	noncoding
ENST00000493121.5	112	0.42545	5.51336669922	1	0.739096	coding
ENST00000471551.5	65	0.46625	4.59503173828	-1	0.0392635	noncoding
ENST00000234256.4	533	0.45712	5.88201904297	1	1	coding
ENST00000480594.1	313	0.38604	5.39959716797	1	0.999998	coding
ENST00000483195.5	878	0.39902	6.97064208984	1	1	coding
ENST00000346834.8	1138	0.41251	8.10101318359	1	1	coding
ENST00000423644.5	1122	0.40747	7.77581787109	1	1	coding
ENST00000637036.1	198	0.43294	6.44586181641	1	0.997966	coding
ENST00000479776.1	65	0.40174	10.0326538086	1	0.077789	noncoding
ENST00000432728.1	122	0.44266	6.05938720703	-1	0.0710273	noncoding
ENST00000444570.5	144	0.46266	5.38433837891	-1	0.122906	noncoding
ENST00000476689.5	409	0.43105	4.92681884766	1	1	coding
ENST00000389394.8	4159	0.46817	5.72088623047	1	1	coding
ENST00000468661.1	138	0.41471	9.48687744141	1	0.805414	coding
ENST00000602588.1	552	0.45836	5.90203857422	1	1	coding
ENST00000608013.1	111	0.31464	4.75018310547	1	0.482761	noncoding
ENST00000702794.1	73	0.31573	9.91949462891	1	0.0473205	noncoding
ENST00000442128.2	180	0.27251	8.09405517578	1	0.606982	coding
ENST00000470579.5	264	0.42025	9.50421142578	-1	0.37219	noncoding
ENST00000412735.5	431	0.42029	9.38214111328	1	1	coding
ENST00000357485.8	595	0.45716	9.33770751953	1	1	coding
ENST00000467498.5	160	0.42641	10.0005493164	-1	0.211768	noncoding
ENST00000328709.8	75	0.32785	8.96978759766	1	0.0492425	noncoding
ENST00000483527.5	57	0.334	5.03778076172	1	0.0390214	noncoding
ENST00000480666.1	48	0.38512	10.0923461914	1	0.0309774	noncoding
ENST00000409997.1	74	0.37279	8.23065185547	1	0.0676979	noncoding
ENST00000410049.1	191	0.47114	9.67974853516	1	0.996923	coding
ENST00000258457.7	233	0.37649	9.75604248047	1	0.991957	coding
ENST00000419296.1	135	0.32385	9.53118896484	1	0.335604	noncoding
ENST00000336905.3	135	0.29551	9.53118896484	1	0.235874	noncoding
ENST00000405953.6	113	0.44535	4.95904541016	1	0.836989	coding
ENST00000308659.12	139	0.32551	8.55267333984	1	0.421994	noncoding
ENST00000393256.8	199	0.28432	8.42608642578	1	0.757792	coding
ENST00000393252.4	293	0.3072	10.2272338867	1	0.97566	coding
ENST00000433098.6	110	0.29156	5.82025146484	1	0.28488	noncoding
ENST00000436733.5	141	0.35645	5.55230712891	1	0.838793	coding
ENST00000439718.1	86	0.29452	6.24749755859	1	0.0922652	noncoding
ENST00000348750.8	410	0.45924	5.33575439453	1	1	coding
ENST00000351659.7	507	0.46322	5.09051513672	1	1	coding
ENST00000393040.7	483	0.47769	5.17523193359	1	1	coding
ENST00000462958.5	133	0.27849	8.45318603516	1	0.226115	noncoding
ENST00000409400.1	440	0.45924	5.09893798828	1	1	coding
ENST00000392929.6	84	0.30497	9.23370361328	1	0.0591928	noncoding
ENST00000668300.1	30	0.37408	7.77667236328	1	0.00684755	noncoding
ENST00000428857.2	125	0.34787	8.25286865234	1	0.384579	noncoding
ENST00000413962.6	125	0.32551	8.25286865234	1	0.298756	noncoding
ENST00000678291.1	738	0.44333	5.26129150391	1	1	coding
ENST00000435030.6	958	0.44478	5.86016845703	1	1	coding
ENST00000677891.1	958	0.4521	5.86016845703	1	1	coding
ENST00000464066.6	863	0.44753	5.78179931641	1	1	coding
ENST00000678636.1	594	0.44648	5.48687744141	1	1	coding
ENST00000678720.1	510	0.44648	6.17291259766	1	1	coding
ENST00000678856.1	545	0.43467	6.31610107422	1	1	coding
ENST00000678184.1	268	0.38098	9.39178466797	1	0.99896	coding
ENST00000678891.1	190	0.35896	8.95355224609	1	0.934334	coding
ENST00000677465.1	144	0.32485	9.94683837891	1	0.396502	noncoding
ENST00000415049.5	109	0.46992	7.78790283203	-1	0.0731133	noncoding
ENST00000310454.10	728	0.41354	7.57696533203	1	1	coding
ENST00000438166.7	728	0.39563	7.57696533203	1	1	coding
ENST00000495851.5	98	0.40157	7.79681396484	1	0.286478	noncoding
ENST00000281772.14	988	0.38338	8.68597412109	1	1	coding
ENST00000418791.5	946	0.43754	8.40496826172	1	1	coding
ENST00000457374.5	706	0.45648	8.85870361328	1	1	coding
ENST00000452086.5	706	0.44702	8.85870361328	1	1	coding
ENST00000438563.5	92	0.42315	10.4081420898	1	0.315532	noncoding
ENST00000415553.1	92	0.48189	10.4081420898	1	0.642968	coding
ENST00000453904.2	364	0.35006	8.60223388672	1	0.999974	coding
ENST00000373960.4	471	0.48073	5.21282958984	1	1	coding
ENST00000477226.6	209	0.46866	5.12042236328	1	0.999686	coding
ENST00000492726.1	175	0.43812	5.03192138672	-1	0.184248	noncoding
ENST00000683013.1	267	0.45551	4.89910888672	1	0.999995	coding
ENST00000483395.1	47	0.47779	4.89068603516	1	0.0479114	noncoding
ENST00000402136.5	166	0.47772	6.43768310547	1	0.989062	coding
ENST00000407315.6	578	0.4695	9.38714599609	1	1	coding
ENST00000402545.5	193	0.4729	6.70367431641	1	0.997994	coding
ENST00000430555.5	66	0.28043	8.42266845703	1	0.0293984	noncoding
ENST00000415434.5	43	0.37399	8.80413818359	-1	0.0711818	noncoding
ENST00000457686.5	62	0.29511	8.42279052734	-1	0.147773	noncoding
ENST00000693709.1	104	0.38131	6.49420166016	1	0.353336	noncoding
ENST00000701629.1	96	0.30408	11.9334106445	1	0.0697141	noncoding
ENST00000429947.1	27	0.38085	7.97552490234	-1	0.039431	noncoding
ENST00000687670.1	56	0.32255	7.84771728516	1	0.0196168	noncoding
ENST00000690485.1	87	0.34376	6.05462646484	1	0.12966	noncoding
ENST00000439601.1	48	0.38626	5.98016357422	1	0.0234692	noncoding
ENST00000429456.1	69	0.29728	10.3334350586	1	0.041022	noncoding
ENST00000416204.1	36	0.3644	11.6990356445	1	0.0189543	noncoding
ENST00000426962.1	57	0.43288	10.7910766602	1	0.0905951	noncoding
ENST00000451070.1	31	0.32943	7.88043212891	1	0.00646822	noncoding
ENST00000567549.2	81	0.40626	6.22235107422	1	0.176685	noncoding
ENST00000383820.10	344	0.46817	10.2406616211	1	0.999999	coding
ENST00000466141.1	102	0.39746	10.2555541992	1	0.314826	noncoding
ENST00000472381.5	142	0.37097	10.4078979492	1	0.601325	coding
ENST00000433972.2	129	0.40704	10.7420043945	1	0.641303	coding
ENST00000460909.1	91	0.33305	11.2166137695	1	0.0926433	noncoding
ENST00000684493.1	421	0.3548	4.81231689453	1	1	coding
ENST00000673935.2	393	0.35108	5.02667236328	1	1	coding
ENST00000673737.2	241	0.30628	5.05194091797	1	0.998562	coding
ENST00000684181.1	427	0.32756	5.48077392578	1	1	coding
ENST00000467713.6	364	0.34656	5.20123291016	1	1	coding
ENST00000452070.6	421	0.3548	4.81231689453	1	1	coding
ENST00000683603.1	375	0.35784	4.99749755859	1	1	coding
ENST00000684659.1	87	0.30129	7.82769775391	1	0.0650707	noncoding
ENST00000465716.2	219	0.27599	5.97003173828	1	0.978222	coding
ENST00000491527.2	87	0.30194	7.82769775391	1	0.0652646	noncoding
ENST00000684629.1	102	0.41315	8.76849365234	1	0.371538	noncoding
ENST00000682200.1	206	0.35378	9.85174560547	1	0.939649	coding
ENST00000326434.9	423	0.3717	5.56024169922	1	1	coding
ENST00000682355.1	175	0.45141	5.21502685547	1	0.996623	coding
ENST00000683388.1	168	0.29143	11.7240600586	1	0.241177	noncoding
ENST00000404922.8	1232	0.42625	4.76654052734	1	1	coding
ENST00000295760.11	1185	0.43192	4.72869873047	1	1	coding
ENST00000695382.1	174	0.3363	8.98687744141	1	0.784208	coding
ENST00000496484.3	174	0.32919	8.98687744141	1	0.750465	coding
ENST00000420267.6	111	0.30725	9.74053955078	1	0.140013	noncoding
ENST00000695334.2	174	0.28063	8.98687744141	1	0.488542	noncoding
ENST00000695391.1	174	0.32686	8.98687744141	1	0.738795	coding
ENST00000449354.7	146	0.30725	9.65289306641	1	0.345943	noncoding
ENST00000474866.3	174	0.32421	8.98687744141	1	0.725195	coding
ENST00000698783.1	174	0.33966	8.98687744141	1	0.799099	coding
ENST00000253686.7	174	0.27739	8.98687744141	1	0.473266	noncoding
ENST00000695323.1	113	0.42568	10.3887329102	1	0.579362	coding
ENST00000444840.6	130	0.36693	10.8899536133	1	0.42459	noncoding
ENST00000695383.2	110	0.3567	6.16143798828	1	0.378628	noncoding
ENST00000615277.5	1128	0.48689	6.47381591797	1	1	coding
ENST00000432376.5	1002	0.46658	5.85968017578	1	1	coding
ENST00000419842.1	678	0.49385	6.97955322266	1	1	coding
ENST00000414198.7	42	0.36854	6.49151611328	1	0.012707	noncoding
ENST00000598149.6	107	0.32374	6.48406982422	1	0.2277	noncoding
ENST00000610002.4	41	0.3072	9.79095458984	1	0.0159907	noncoding
ENST00000438418.8	41	0.3439	9.79095458984	1	0.0167738	noncoding
ENST00000593741.6	43	0.37348	6.69964599609	1	0.0135486	noncoding
ENST00000626869.2	40	0.29005	8.06365966797	1	0.0108762	noncoding
ENST00000631076.2	42	0.34225	6.49151611328	1	0.0110653	noncoding
ENST00000596277.5	42	0.41781	9.03497314453	1	0.0245096	noncoding
ENST00000628431.2	28	0.44027	4.83099365234	1	0.0164182	noncoding
ENST00000596307.5	81	0.34875	9.09893798828	1	0.0765236	noncoding
ENST00000628248.2	35	0.3592	3.83880615234	1	0.0240015	noncoding
ENST00000626526.1	43	0.29815	10.3179321289	1	0.0200014	noncoding
ENST00000593444.5	42	0.40927	6.49151611328	1	0.0176985	noncoding
ENST00000630766.1	33	0.39908	3.91632080078	1	0.0309057	noncoding
ENST00000627496.2	35	0.33783	10.0560913086	1	0.0141574	noncoding
ENST00000628209.2	68	0.29757	9.61077880859	1	0.0358615	noncoding
ENST00000453361.1	70	0.33011	4.92718505859	1	0.0819843	noncoding
ENST00000487159.5	850	0.4319	5.83221435547	1	1	coding
ENST00000327628.10	954	0.43089	5.58831787109	1	1	coding
ENST00000613405.4	671	0.41227	4.78875732422	1	1	coding
ENST00000341421.7	687	0.41227	4.81304931641	1	1	coding
ENST00000702423.1	24	0.41516	6.49395751953	1	0.0060826	noncoding
ENST00000445452.1	12	0.36975	8.34539794922	1	0.00304286	noncoding
ENST00000653434.1	67	0.30761	10.2437133789	1	0.0394425	noncoding
ENST00000668806.1	57	0.34127	9.96966552734	1	0.031832	noncoding
ENST00000434363.3	47	0.33494	11.1338500977	1	0.0257169	noncoding
ENST00000232974.11	748	0.39435	5.51898193359	1	1	coding
ENST00000680014.1	776	0.39033	5.43145751953	1	1	coding
ENST00000505904.1	294	0.47693	9.41265869141	1	0.999993	coding
ENST00000685649.2	63	0.42646	5.86981201172	1	0.0874943	noncoding
ENST00000457331.2	63	0.46754	5.86981201172	1	0.101009	noncoding
ENST00000701041.1	25	0.36174	11.6990356445	1	0.0130499	noncoding
ENST00000231751.9	711	0.35047	8.50360107422	1	1	coding
ENST00000426532.6	667	0.39832	8.19989013672	1	1	coding
ENST00000443496.5	696	0.4171	8.39056396484	-1	0.984388	coding
ENST00000498301.1	55	0.37453	10.3444213867	-1	0.137885	noncoding
ENST00000635099.1	196	0.48755	8.72991943359	-1	0.28345	noncoding
ENST00000635082.1	132	0.45568	6.86029052734	1	0.889616	coding
ENST00000346691.9	765	0.44772	5.89447021484	1	1	coding
ENST00000639561.1	665	0.46055	5.85882568359	1	1	coding
ENST00000320211.10	792	0.43066	5.89617919922	1	1	coding
ENST00000635464.1	465	0.38137	7.64385986328	1	1	coding
ENST00000412052.4	699	0.45719	5.92962646484	1	1	coding
ENST00000634384.2	594	0.35844	6.02398681641	1	1	coding
ENST00000635084.1	78	0.38706	8.98675537109	1	0.10225	noncoding
ENST00000394729.6	677	0.44212	7.93365478516	1	1	coding
ENST00000330452.8	677	0.44007	7.93365478516	1	1	coding
ENST00000650739.1	677	0.42508	7.93365478516	1	1	coding
ENST00000654719.1	677	0.42055	7.93365478516	1	1	coding
ENST00000697589.1	449	0.42497	6.44708251953	1	1	coding
ENST00000415149.6	912	0.35244	8.73748779297	1	1	coding
ENST00000325805.13	942	0.37554	8.95709228516	1	1	coding
ENST00000449335.5	144	0.47356	5.35357666016	-1	0.129515	noncoding
ENST00000456419.5	205	0.4998	6.46905517578	-1	0.264973	noncoding
ENST00000443253.1	48	0.44483	11.6143188477	-1	0.16021	noncoding
ENST00000458347.1	104	0.46224	10.919128418	-1	0.20139	noncoding
ENST00000355354.13	306	0.36366	8.09246826172	1	0.999878	coding
ENST00000361309.6	324	0.39544	6.82415771484	1	0.999997	coding
ENST00000471694.1	90	0.31512	10.1338500977	1	0.0813374	noncoding
ENST00000517766.5	48	0.4371	8.21282958984	1	0.0343271	noncoding
ENST00000644850.1	183	0.4531	6.12579345703	-1	0.184839	noncoding
ENST00000393845.9	1855	0.47074	5.28326416016	1	1	coding
ENST00000489244.1	162	0.33126	9.20904541016	1	0.642957	coding
ENST00000461734.1	402	0.47806	5.55242919922	1	1	coding
ENST00000484923.1	42	0.42767	8.58868408203	1	0.0241437	noncoding
ENST00000465510.1	84	0.49436	9.92645263672	-1	0.121471	noncoding
ENST00000490481.1	105	0.38397	9.69317626953	1	0.297012	noncoding
ENST00000479422.1	101	0.44667	4.49005126953	1	0.762228	coding
ENST00000273691.7	503	0.37611	8.86956787109	1	1	coding
ENST00000344209.10	547	0.37765	9.11676025391	1	1	coding
ENST00000430155.6	516	0.43548	6.47637939453	1	1	coding
ENST00000469902.6	715	0.46755	5.51361083984	1	1	coding
ENST00000465475.5	344	0.37617	6.74468994141	1	0.999998	coding
ENST00000461616.1	88	0.34119	5.37603759766	1	0.174761	noncoding
ENST00000479231.1	185	0.43629	5.46734619141	-1	0.191325	noncoding
ENST00000479826.1	174	0.39185	9.49163818359	1	0.934553	coding
ENST00000462437.1	112	0.38584	4.40655517578	-1	0.0510135	noncoding
ENST00000514463.1	242	0.30981	9.49761962891	1	0.938785	coding
ENST00000389709.8	859	0.44983	8.48040771484	1	1	coding
ENST00000515545.5	340	0.39994	6.25787353516	1	0.999999	coding
ENST00000336332.5	711	0.42204	8.45489501953	1	1	coding
ENST00000338446.8	214	0.42187	5.67144775391	1	0.999482	coding
ENST00000360570.8	202	0.41176	4.96673583984	1	0.99924	coding
ENST00000393035.6	180	0.42017	5.54974365234	1	0.99552	coding
ENST00000491175.1	125	0.39863	5.92291259766	1	0.776463	coding
ENST00000393034.6	180	0.42812	5.54974365234	1	0.996073	coding
ENST00000296059.7	202	0.32546	7.39703369141	1	0.950435	coding
ENST00000470080.5	202	0.36245	7.39703369141	1	0.983238	coding
ENST00000474754.1	159	0.36137	5.71661376953	-1	0.105141	noncoding
ENST00000491182.1	138	0.31374	8.05804443359	1	0.388894	noncoding
ENST00000295920.7	595	0.46084	7.20562744141	1	1	coding
ENST00000496455.7	694	0.39192	6.42071533203	1	1	coding
ENST00000478609.5	47	0.33064	8.84063720703	1	0.0159215	noncoding
ENST00000490337.6	420	0.38274	9.09564208984	1	1	coding
ENST00000471742.5	409	0.38274	9.22528076172	1	0.999999	coding
ENST00000618897.4	375	0.34554	9.47271728516	1	0.999938	coding
ENST00000302490.12	402	0.36783	9.39495849609	1	0.999996	coding
ENST00000445224.6	245	0.38664	5.06463623047	1	0.999902	coding
ENST00000495954.5	85	0.42927	4.89471435547	1	0.418827	noncoding
ENST00000483730.1	30	0.31315	5.30218505859	1	0.00832297	noncoding
ENST00000482804.1	261	0.44215	4.81231689453	1	0.999993	coding
ENST00000482885.1	113	0.29607	4.31097412109	1	0.59053	coding
ENST00000232458.9	884	0.46743	7.27972412109	1	1	coding
ENST00000540509.5	884	0.47236	7.27972412109	1	1	coding
ENST00000392692.8	915	0.44615	7.76519775391	1	1	coding
ENST00000417960.5	883	0.47236	7.53717041016	1	1	coding
ENST00000428567.5	204	0.45929	5.20538330078	-1	0.30532	noncoding
ENST00000366254.2	18	0.38115	4.66741943359	-1	0.0112531	noncoding
ENST00000415665.5	159	0.48287	4.58563232422	-1	0.217074	noncoding
ENST00000438041.5	150	0.44422	4.52716064453	-1	0.151335	noncoding
ENST00000444250.1	195	0.44786	7.68939208984	-1	0.206037	noncoding
ENST00000437296.1	227	0.40182	9.89398193359	1	0.995449	coding
ENST00000392456.4	307	0.4427	6.19647216797	1	0.999999	coding
ENST00000392455.9	483	0.3413	8.30914306641	1	1	coding
ENST00000460064.1	26	0.42523	8.84100341797	1	0.0104372	noncoding
ENST00000343267.8	190	0.44122	5.05828857422	1	0.998837	coding
ENST00000458447.5	122	0.41779	4.86248779297	1	0.886484	coding
ENST00000453131.1	149	0.44957	4.83148193359	-1	0.142204	noncoding
ENST00000463719.1	129	0.35593	6.57940673828	1	0.593255	coding
ENST00000445739.2	155	0.32494	4.00225830078	1	0.958145	coding
ENST00000296350.10	739	0.3916	5.60516357422	1	1	coding
ENST00000696016.1	671	0.44805	5.90106201172	1	1	coding
ENST00000296351.8	303	0.38057	5.57342529297	1	0.999994	coding
ENST00000489445.1	25	0.31135	11.6990356445	1	0.015197	noncoding
ENST00000491399.1	69	0.40611	6.13189697266	1	0.0941723	noncoding
ENST00000473501.1	160	0.31163	5.05865478516	1	0.91106	coding
ENST00000532937.1	33	0.41053	4.55657958984	1	0.0224484	noncoding
ENST00000513449.6	412	0.35803	9.07501220703	1	0.999997	coding
ENST00000389737.5	758	0.40524	6.98150634766	1	1	coding
ENST00000528167.1	245	0.43255	4.83709716797	1	0.999974	coding
ENST00000531038.5	80	0.33716	6.38262939453	1	0.078376	noncoding
ENST00000511149.1	68	0.43726	4.28314208984	1	0.272944	noncoding
ENST00000511366.2	144	0.33485	8.89630126953	1	0.5	coding
ENST00000382480.6	516	0.43768	9.02349853516	1	1	coding
ENST00000506287.1	51	0.32446	11.2147827148	1	0.028467	noncoding
ENST00000315782.6	642	0.40905	8.36944580078	1	1	coding
ENST00000360986.9	653	0.423	8.21954345703	1	1	coding
ENST00000514602.1	63	0.35837	5.92596435547	1	0.044066	noncoding
ENST00000504070.2	70	0.32571	7.78656005859	1	0.0368343	noncoding
ENST00000514875.1	70	0.44736	7.78656005859	1	0.123262	noncoding
ENST00000513486.1	40	0.42526	11.2147827148	1	0.0382017	noncoding
ENST00000397700.6	151	0.49222	9.29888916016	-1	0.204343	noncoding
ENST00000295297.4	297	0.35712	5.23065185547	1	0.999987	coding
ENST00000512144.1	32	0.40437	8.38677978516	1	0.0105869	noncoding
ENST00000510958.1	78	0.3432	9.24322509766	1	0.0650977	noncoding
ENST00000429690.5	290	0.33662	5.11114501953	1	0.999961	coding
ENST00000444304.3	290	0.36177	5.11114501953	1	0.999985	coding
ENST00000381295.7	895	0.49197	6.16534423828	1	1	coding
ENST00000346134.11	895	0.46502	6.16534423828	1	1	coding
ENST00000349598.6	880	0.46502	6.16241455078	1	1	coding
ENST00000511971.5	376	0.29153	8.12188720703	1	0.99971	coding
ENST00000504321.1	91	0.41634	6.56988525391	1	0.289224	noncoding
ENST00000503359.5	189	0.37649	5.18951416016	1	0.995	coding
ENST00000504730.5	200	0.34747	5.07000732422	1	0.995045	coding
ENST00000286648.10	261	0.39079	5.13616943359	1	0.999967	coding
ENST00000514213.7	963	0.48231	4.84527587891	1	1	coding
ENST00000264904.8	974	0.47206	4.82672119141	1	1	coding
ENST00000507019.5	115	0.40836	9.82476806641	1	0.520871	coding
ENST00000507349.5	69	0.37897	11.008605957	1	0.0732539	noncoding
ENST00000295491.9	143	0.35347	9.63189697266	1	0.558505	coding
ENST00000395184.6	749	0.40054	6.23931884766	1	1	coding
ENST00000395183.6	654	0.43951	6.37139892578	1	1	coding
ENST00000509300.5	118	0.46772	5.07525634766	-1	0.0883904	noncoding
ENST00000514229.5	622	0.43907	6.66802978516	-1	0.994364	coding
ENST00000502537.1	123	0.46645	6.29827880859	1	0.845558	coding
ENST00000264343.4	656	0.37302	8.13446044922	1	1	coding
ENST00000305046.13	376	0.43203	8.53082275391	1	1	coding
ENST00000625860.2	376	0.43203	8.53082275391	1	1	coding
ENST00000515694.4	336	0.4103	8.14410400391	1	0.999997	coding
ENST00000506651.5	336	0.46806	8.14410400391	1	1	coding
ENST00000504498.1	113	0.45972	7.82330322266	1	0.70016	coding
ENST00000428908.5	653	0.46359	5.25946044922	1	1	coding
ENST00000322953.9	786	0.47799	5.27862548828	1	1	coding
ENST00000444316.2	756	0.48302	5.27545166016	1	1	coding
ENST00000504403.1	96	0.29153	6.00042724609	1	0.155771	noncoding
ENST00000510207.5	150	0.41957	9.25970458984	-1	0.160879	noncoding
ENST00000682186.1	38	0.27454	8.29473876953	1	0.0118997	noncoding
ENST00000684504.1	288	0.42373	9.01080322266	1	0.99995	coding
ENST00000442366.6	281	0.40568	8.41473388672	1	0.999901	coding
ENST00000672341.1	322	0.41389	8.82965087891	1	0.99999	coding
ENST00000673123.1	327	0.42048	8.97332763672	1	0.999993	coding
ENST00000672328.1	313	0.34738	8.61309814453	1	0.999684	coding
ENST00000672285.1	313	0.44085	8.61309814453	1	0.999995	coding
ENST00000671960.1	313	0.38247	8.61309814453	1	0.999943	coding
ENST00000265171.10	1208	0.39256	5.52862548828	1	1	coding
ENST00000509793.5	1166	0.46489	5.43914794922	1	1	coding
ENST00000652245.1	1011	0.40643	5.92645263672	1	1	coding
ENST00000503392.1	1167	0.4589	5.67962646484	1	1	coding
ENST00000502723.1	135	0.4466	5.18255615234	-1	0.101142	noncoding
ENST00000502579.1	123	0.43393	8.84918212891	-1	0.113217	noncoding
ENST00000544918.1	83	0.36364	5.42059326172	1	0.166002	noncoding
ENST00000610556.4	1231	0.49339	8.88519287109	1	1	coding
ENST00000448416.6	124	0.35812	5.60601806641	1	0.653076	coding
ENST00000307142.9	1262	0.41857	8.93792724609	1	1	coding
ENST00000429713.7	1094	0.33281	8.75299072266	1	1	coding
ENST00000504178.1	1132	0.41857	8.90899658203	1	1	coding
ENST00000627783.2	699	0.33446	9.37762451172	1	1	coding
ENST00000344721.8	985	0.39616	7.22039794922	1	1	coding
ENST00000358102.8	985	0.39616	7.22039794922	1	1	coding
ENST00000625323.2	989	0.39616	7.44573974609	1	1	coding
ENST00000503174.1	99	0.43286	5.29364013672	1	0.595007	coding
ENST00000393956.9	628	0.33519	8.74932861328	1	1	coding
ENST00000296555.11	590	0.33267	8.98565673828	1	1	coding
ENST00000603548.6	708	0.34956	5.50457763672	1	1	coding
ENST00000281708.10	708	0.33747	5.50457763672	1	1	coding
ENST00000603821.1	142	0.27398	8.69427490234	1	0.258957	noncoding
ENST00000603841.1	708	0.47395	5.50457763672	1	1	coding
ENST00000604316.1	122	0.45189	6.55474853516	1	0.815218	coding
ENST00000703551.1	272	0.31925	8.71307373047	1	0.992411	coding
ENST00000703554.1	636	0.40568	9.67340087891	-1	0.897125	coding
ENST00000604095.1	49	0.44671	8.36407470703	1	0.0418479	noncoding
ENST00000666010.3	71	0.37537	7.66070556641	1	0.0592464	noncoding
ENST00000609153.2	67	0.34394	10.7163696289	1	0.0503129	noncoding
ENST00000608794.1	71	0.35399	7.66070556641	1	0.0479417	noncoding
ENST00000609900.1	78	0.3151	7.59747314453	1	0.0494886	noncoding
ENST00000608892.1	66	0.3822	11.4846801758	1	0.0635156	noncoding
ENST00000660244.1	94	0.27645	7.72760009766	1	0.0807007	noncoding
ENST00000657714.1	76	0.30272	10.7112426758	1	0.0518478	noncoding
ENST00000656003.1	76	0.30588	10.7112426758	1	0.0525228	noncoding
ENST00000506276.5	85	0.34798	9.41656494141	1	0.091185	noncoding
ENST00000511785.2	63	0.32575	9.69439697266	1	0.0344974	noncoding
ENST00000691614.1	128	0.36157	9.32757568359	1	0.450124	noncoding
ENST00000701895.1	69	0.27275	6.69207763672	1	0.0441783	noncoding
ENST00000691992.1	97	0.36367	6.89459228516	1	0.201018	noncoding
ENST00000688111.1	57	0.3479	6.22760009766	1	0.026825	noncoding
ENST00000320895.10	539	0.46131	8.70758056641	1	1	coding
ENST00000503534.5	170	0.47168	8.41546630859	1	0.989527	coding
ENST00000511268.6	65	0.4417	9.30096435547	1	0.117068	noncoding
ENST00000503151.5	198	0.43168	7.61651611328	-1	0.197486	noncoding
ENST00000652578.1	140	0.31326	8.73175048828	1	0.364841	noncoding
ENST00000684972.1	109	0.32664	7.69049072266	1	0.189946	noncoding
ENST00000689786.1	109	0.39159	7.69049072266	1	0.391005	noncoding
ENST00000693074.1	113	0.29328	6.25299072266	1	0.261958	noncoding
ENST00000689567.2	109	0.36373	7.69049072266	1	0.289127	noncoding
ENST00000436493.2	109	0.39136	7.69049072266	1	0.390045	noncoding
ENST00000513610.6	2059	0.44422	5.85284423828	1	1	coding
ENST00000515803.5	1416	0.48098	5.86663818359	1	1	coding
ENST00000505695.5	1416	0.47687	5.86663818359	1	1	coding
ENST00000507288.1	98	0.3797	6.02484130859	1	0.314482	noncoding
ENST00000512982.4	830	0.43345	6.47894287109	1	1	coding
ENST00000351578.12	784	0.43345	6.11419677734	1	1	coding
ENST00000646045.2	840	0.43345	6.47991943359	1	1	coding
ENST00000647313.1	139	0.41317	4.72833251953	1	0.960717	coding
ENST00000642942.1	44	0.32719	9.38360595703	1	0.0160496	noncoding
ENST00000644817.1	99	0.22328	9.48284912109	1	0.109422	noncoding
ENST00000510188.1	174	0.45451	9.90948486328	-1	0.260715	noncoding
ENST00000506557.5	62	0.36619	10.5485229492	-1	0.154655	noncoding
ENST00000503065.1	34	0.36382	9.48577880859	1	0.0124072	noncoding
ENST00000628593.1	272	0.40445	9.20159912109	1	0.999715	coding
ENST00000498322.1	172	0.46668	9.64715576172	-1	0.2551	noncoding
ENST00000285947.5	300	0.4578	8.92523193359	1	0.999993	coding
ENST00000418299.5	91	0.42327	4.45074462891	1	0.586949	coding
ENST00000463805.5	91	0.37262	4.45074462891	1	0.404741	noncoding
ENST00000199320.9	314	0.35564	10.0130004883	1	0.99922	coding
ENST00000680214.1	161	0.32072	9.77410888672	1	0.534915	coding
ENST00000679751.1	285	0.43689	10.0156860352	1	0.999933	coding
ENST00000681192.1	286	0.44758	9.65875244141	1	0.999967	coding
ENST00000680960.1	161	0.42501	9.77410888672	1	0.942146	coding
ENST00000681672.1	244	0.37328	10.3627319336	1	0.991539	coding
ENST00000506390.5	276	0.45192	10.2496948242	1	0.999932	coding
ENST00000514911.5	155	0.33843	10.1719360352	1	0.556503	coding
ENST00000255189.8	867	0.47328	7.30963134766	1	1	coding
ENST00000523732.1	604	0.48065	6.34564208984	1	1	coding
ENST00000518477.5	574	0.46179	6.24591064453	1	1	coding
ENST00000520388.5	47	0.35844	8.47796630859	1	0.016816	noncoding
ENST00000518707.1	47	0.41229	8.47796630859	1	0.0263724	noncoding
ENST00000520855.1	51	0.33081	4.83087158203	1	0.030758	noncoding
ENST00000231004.5	418	0.33666	8.35687255859	1	0.999996	coding
ENST00000639739.2	233	0.34306	9.50567626953	1	0.975553	coding
ENST00000513319.5	121	0.38887	5.10577392578	1	0.792275	coding
ENST00000505593.5	121	0.39087	5.10577392578	1	0.798073	coding
ENST00000503759.5	188	0.37577	6.08819580078	1	0.988957	coding
ENST00000562220.2	845	0.34692	4.81658935547	1	1	coding
ENST00000307360.6	949	0.43352	5.04095458984	1	1	coding
ENST00000506939.6	686	0.43904	5.00323486328	1	1	coding
ENST00000673459.1	38	0.31177	9.09942626953	1	0.0117221	noncoding
ENST00000289269.7	1008	0.43405	5.25982666016	1	1	coding
ENST00000673410.1	59	0.3474	8.78094482422	1	0.0286084	noncoding
ENST00000359370.10	156	0.302	6.51617431641	1	0.706774	coding
ENST00000337706.7	156	0.302	6.51617431641	1	0.706774	coding
ENST00000619447.4	156	0.302	6.51617431641	1	0.706774	coding
ENST00000621536.4	156	0.29435	6.51617431641	1	0.685286	coding
ENST00000360966.9	79	0.35565	9.03204345703	1	0.0752601	noncoding
ENST00000489937.5	79	0.3283	9.03204345703	1	0.057982	noncoding
ENST00000441680.6	156	0.46068	6.51617431641	1	0.97727	coding
ENST00000419524.6	156	0.36287	6.51617431641	1	0.887154	coding
ENST00000411960.1	43	0.34991	9.44488525391	1	0.0169631	noncoding
ENST00000394434.7	1177	0.50386	6.95074462891	1	1	coding
ENST00000674398.1	1176	0.50386	6.82366943359	1	1	coding
ENST00000510191.5	1123	0.47807	6.61834716797	1	1	coding
ENST00000674310.1	1113	0.47375	6.90655517578	1	1	coding
ENST00000511505.5	311	0.47583	9.37689208984	-1	0.663604	coding
ENST00000521655.1	167	0.38015	5.64044189453	1	0.97446	coding
ENST00000231198.12	299	0.33095	8.11627197266	1	0.999174	coding
ENST00000519560.6	1524	0.37724	7.99212646484	1	1	coding
ENST00000332966.8	1531	0.38036	7.98455810547	1	1	coding
ENST00000521130.1	220	0.44652	8.95037841797	1	0.998964	coding
ENST00000393784.8	291	0.38705	6.58624267578	1	0.999974	coding
ENST00000686615.1	204	0.34673	5.44000244141	1	0.9944	coding
ENST00000691612.1	199	0.36519	9.23773193359	1	0.957294	coding
ENST00000687702.1	169	0.36157	5.18756103516	1	0.97541	coding
ENST00000311086.9	186	0.34973	5.89080810547	1	0.978958	coding
ENST00000285908.5	130	0.32198	7.90850830078	1	0.350935	noncoding
ENST00000477985.1	63	0.38221	5.10809326172	1	0.0789659	noncoding
ENST00000480951.1	86	0.31883	4.35650634766	1	0.235906	noncoding
ENST00000518658.1	63	0.35209	5.10809326172	1	0.0585835	noncoding
ENST00000506296.5	253	0.40732	8.90692138672	-1	0.313867	noncoding
ENST00000511244.5	129	0.41431	5.54693603516	-1	0.0722852	noncoding
ENST00000355472.10	577	0.45804	8.32440185547	1	1	coding
ENST00000507633.5	476	0.42508	9.05523681641	1	1	coding
ENST00000355958.9	561	0.41568	8.74591064453	1	1	coding
ENST00000528793.5	590	0.4573	8.79876708984	1	1	coding
ENST00000515666.5	547	0.4747	7.71905517578	1	1	coding
ENST00000319449.9	709	0.48999	5.54254150391	1	1	coding
ENST00000393448.6	305	0.46238	6.20489501953	1	0.999999	coding
ENST00000502984.5	153	0.42871	6.96624755859	-1	0.107669	noncoding
ENST00000437570.6	601	0.45357	5.63690185547	1	1	coding
ENST00000393438.6	601	0.46971	5.63690185547	1	1	coding
ENST00000508609.5	245	0.41595	4.69622802734	-1	0.405976	noncoding
ENST00000509797.1	129	0.44118	5.14788818359	-1	0.0889424	noncoding
ENST00000502531.1	127	0.42338	9.86309814453	1	0.734663	coding
ENST00000503583.1	85	0.38664	8.79046630859	-1	0.0873029	noncoding
ENST00000508797.1	166	0.36463	10.1849975586	1	0.789618	coding
ENST00000652689.1	376	0.37874	8.69171142578	1	0.999997	coding
ENST00000651624.1	304	0.40391	6.10699462891	1	0.999996	coding
ENST00000651992.1	381	0.40796	8.69183349609	1	1	coding
ENST00000515770.2	286	0.30889	6.45587158203	1	0.999306	coding
ENST00000507591.2	381	0.35249	8.69171142578	1	0.999988	coding
ENST00000652576.1	376	0.47157	8.69171142578	1	1	coding
ENST00000613507.4	1098	0.45799	5.10858154297	1	1	coding
ENST00000259698.9	1069	0.44259	5.28533935547	1	1	coding
ENST00000643898.2	1048	0.45799	4.97430419922	1	1	coding
ENST00000463828.1	126	0.4427	5.54302978516	-1	0.0797188	noncoding
ENST00000510784.8	648	0.40876	5.53057861328	1	1	coding
ENST00000644621.1	592	0.47819	5.27142333984	1	1	coding
ENST00000473070.1	87	0.41776	4.24542236328	1	0.545903	coding
ENST00000644411.1	664	0.43172	5.42291259766	1	1	coding
ENST00000647309.1	85	0.34343	10.5546264648	-1	0.170925	noncoding
ENST00000606385.1	59	0.36706	10.0747680664	1	0.0422	noncoding
ENST00000474914.1	56	0.37217	6.95269775391	1	0.0269668	noncoding
ENST00000359086.4	79	0.46806	7.00616455078	1	0.219688	noncoding
ENST00000634371.1	74	0.29909	5.62506103516	1	0.0706254	noncoding
ENST00000644971.2	4245	0.45128	5.05242919922	1	1	coding
ENST00000647633.1	4492	0.45128	5.19146728516	1	1	coding
ENST00000375244.7	4245	0.45128	5.05242919922	1	1	coding
ENST00000451343.4	674	0.41754	5.66253662109	1	1	coding
ENST00000490077.5	712	0.44791	5.21661376953	1	1	coding
ENST00000442721.1	86	0.34734	5.25164794922	1	0.176966	noncoding
ENST00000469940.5	97	0.34674	4.97784423828	1	0.324874	noncoding
ENST00000473619.5	134	0.45828	4.50347900391	1	0.96764	coding
ENST00000488669.5	77	0.41725	4.47357177734	1	0.336213	noncoding
ENST00000375055.6	348	0.43831	6.40863037109	1	1	coding
ENST00000484849.5	304	0.44649	5.22662353516	1	0.999999	coding
ENST00000375069.7	452	0.43222	6.38714599609	1	1	coding
ENST00000375070.7	427	0.43789	7.02642822266	1	1	coding
ENST00000438221.6	395	0.43831	7.62689208984	1	1	coding
ENST00000375076.9	405	0.45682	5.83062744141	1	1	coding
ENST00000450110.5	234	0.4192	9.65411376953	-1	0.314237	noncoding
ENST00000538695.2	160	0.39104	10.2232055664	1	0.852637	coding
ENST00000491215.1	85	0.34572	8.48760986328	1	0.0842632	noncoding
ENST00000474612.1	667	0.3841	7.18878173828	1	1	coding
ENST00000375023.3	2004	0.38509	5.42767333984	1	1	coding
ENST00000473562.1	648	0.38104	4.58258056641	1	1	coding
ENST00000374882.8	277	0.35284	7.03863525391	1	0.999664	coding
ENST00000374881.3	273	0.35108	5.53057861328	1	0.999902	coding
ENST00000418931.7	259	0.30573	8.82598876953	1	0.975824	coding
ENST00000469120.1	124	0.41645	6.60638427734	1	0.760093	coding
ENST00000488575.1	30	0.43427	12.0000610352	1	0.0251709	noncoding
ENST00000428835.5	148	0.42249	9.04547119141	-1	0.150235	noncoding
ENST00000416804.1	165	0.42337	8.89788818359	1	0.95799	coding
ENST00000374675.7	470	0.43189	6.36138916016	1	1	coding
ENST00000374677.8	470	0.43401	6.36138916016	1	1	coding
ENST00000355190.7	355	0.46698	6.01727294922	1	1	coding
ENST00000480824.7	348	0.32298	6.35931396484	1	0.999985	coding
ENST00000647861.1	464	0.42969	5.23712158203	1	1	coding
ENST00000373674.4	464	0.46159	5.23712158203	1	1	coding
ENST00000491324.1	53	0.32681	5.95928955078	1	0.0214326	noncoding
ENST00000457653.8	430	0.42974	8.52203369141	-1	0.810935	coding
ENST00000567255.2	305	0.3258	5.49139404297	1	0.999958	coding
ENST00000435541.2	46	0.37591	5.79315185547	-1	0.0229376	noncoding
ENST00000691406.1	147	0.33666	6.88250732422	1	0.697968	coding
ENST00000439386.3	44	0.3183	9.84613037109	1	0.0179242	noncoding
ENST00000414386.7	44	0.37278	9.84613037109	1	0.0223809	noncoding
ENST00000454812.1	44	0.37585	9.84613037109	1	0.0228674	noncoding
ENST00000701272.1	44	0.34195	9.84613037109	1	0.018991	noncoding
ENST00000432751.1	61	0.37286	11.5390014648	1	0.0482274	noncoding
ENST00000481352.6	151	0.3792	4.74993896484	1	0.964711	coding
ENST00000512472.5	100	0.45164	4.56353759766	1	0.739828	coding
ENST00000642195.1	347	0.43998	5.30938720703	1	1	coding
ENST00000643799.1	297	0.45333	5.61822509766	1	0.999999	coding
ENST00000304004.7	343	0.44975	5.65301513672	1	1	coding
ENST00000645141.1	222	0.43394	5.83990478516	1	0.999719	coding
ENST00000488601.6	151	0.42499	4.74993896484	1	0.984915	coding
ENST00000423780.1	131	0.43251	5.24322509766	-1	0.0851085	noncoding
ENST00000687843.1	170	0.33071	9.29937744141	1	0.705761	coding
ENST00000422059.5	56	0.32959	6.69610595703	1	0.0211736	noncoding
ENST00000652850.1	56	0.35829	10.303894043	1	0.0361865	noncoding
ENST00000687275.1	77	0.37354	7.77081298828	1	0.0783451	noncoding
ENST00000607590.1	53	0.35501	4.78045654297	1	0.0398609	noncoding
ENST00000483377.5	334	0.35948	9.63055419922	-1	0.305204	noncoding
ENST00000371432.7	568	0.33561	9.66693115234	1	1	coding
ENST00000483243.5	80	0.34413	9.86114501953	1	0.0752103	noncoding
ENST00000576263.5	543	0.43371	8.59906005859	1	1	coding
ENST00000478660.6	277	0.41079	10.2532348633	1	0.999638	coding
ENST00000359524.7	508	0.33561	9.20965576172	1	1	coding
ENST00000425443.6	699	0.453	5.85968017578	1	1	coding
ENST00000322507.13	3064	0.46613	5.37774658203	1	1	coding
ENST00000681086.1	64	0.42792	4.65313720703	1	0.169116	noncoding
ENST00000680981.1	145	0.4537	9.87847900391	1	0.938555	coding
ENST00000345356.10	1900	0.45608	5.71014404297	1	1	coding
ENST00000483888.6	3063	0.45021	5.37774658203	1	1	coding
ENST00000671923.1	662	0.47786	6.16546630859	1	1	coding
ENST00000369975.6	1254	0.47161	8.78216552734	1	1	coding
ENST00000369977.8	1286	0.39696	8.74749755859	1	1	coding
ENST00000664640.1	1295	0.41746	8.71160888672	1	1	coding
ENST00000662603.1	926	0.46606	8.68658447266	-1	0.999822	coding
ENST00000672093.1	1286	0.45351	8.74420166016	1	1	coding
ENST00000430435.1	156	0.43416	5.63629150391	-1	0.119887	noncoding
ENST00000672162.1	234	0.35819	9.35638427734	1	0.987932	coding
ENST00000514801.2	466	0.35951	5.67913818359	1	1	coding
ENST00000418862.2	234	0.42962	5.69000244141	1	0.999878	coding
ENST00000314673.8	947	0.47975	6.27667236328	1	1	coding
ENST00000346348.7	894	0.48227	6.49285888672	1	1	coding
ENST00000682688.1	512	0.4567	5.65679931641	1	1	coding
ENST00000682709.1	891	0.37782	6.73358154297	1	1	coding
ENST00000682738.1	883	0.48632	6.19378662109	1	1	coding
ENST00000684118.1	935	0.48632	6.35003662109	1	1	coding
ENST00000474645.6	27	0.33003	7.74542236328	1	0.00525167	noncoding
ENST00000505648.5	895	0.49428	5.88592529297	1	1	coding
ENST00000369627.6	938	0.48272	6.34967041016	1	1	coding
ENST00000682168.1	484	0.47375	8.15240478516	1	1	coding
ENST00000369037.9	400	0.37002	8.43487548828	1	0.999999	coding
ENST00000369031.4	241	0.40546	9.22283935547	1	0.998618	coding
ENST00000368923.8	311	0.3962	8.65301513672	1	0.999965	coding
ENST00000368924.9	370	0.3962	8.50885009766	1	0.999999	coding
ENST00000316316.10	1144	0.45105	7.87030029297	1	1	coding
ENST00000619706.5	1150	0.43565	8.11639404297	1	1	coding
ENST00000505485.1	118	0.45175	8.59710693359	-1	0.101189	noncoding
ENST00000368478.2	99	0.31446	9.15985107422	1	0.105232	noncoding
ENST00000316068.7	392	0.43809	5.52105712891	1	1	coding
ENST00000617695.5	3119	0.49388	5.99212646484	1	1	coding
ENST00000421865.3	3123	0.49388	6.00933837891	1	1	coding
ENST00000692206.1	94	0.46617	7.86773681641	1	0.436714	noncoding
ENST00000684985.1	239	0.45937	8.35284423828	1	0.999795	coding
ENST00000688150.1	129	0.46286	5.80133056641	-1	0.0887772	noncoding
ENST00000688799.1	478	0.4837	6.08184814453	1	1	coding
ENST00000439090.7	521	0.46984	6.66705322266	1	1	coding
ENST00000368134.6	521	0.4558	6.66705322266	1	1	coding
ENST00000457563.6	545	0.49019	6.88055419922	1	1	coding
ENST00000528422.5	122	0.41058	9.24176025391	1	0.623463	coding
ENST00000533296.5	238	0.44225	7.00653076172	1	0.999816	coding
ENST00000324172.10	222	0.47999	5.99444580078	1	0.999771	coding
ENST00000532309.5	210	0.48784	6.53082275391	-1	0.28332	noncoding
ENST00000452150.6	173	0.31035	4.84185791016	1	0.959804	coding
ENST00000530481.5	853	0.46604	5.57769775391	1	1	coding
ENST00000337057.8	1006	0.45601	5.33843994141	1	1	coding
ENST00000445890.6	748	0.45064	6.19561767578	1	1	coding
ENST00000628542.2	936	0.45169	5.29583740234	1	1	coding
ENST00000530757.5	202	0.34122	4.81414794922	1	0.995928	coding
ENST00000706365.1	1058	0.45962	5.37567138672	1	1	coding
ENST00000526782.1	26	0.40721	6.49029541016	1	0.00651463	noncoding
ENST00000529208.5	936	0.46966	5.29583740234	1	1	coding
ENST00000534166.1	62	0.44796	5.30181884766	1	0.116595	noncoding
ENST00000530148.5	63	0.4318	11.3980102539	1	0.112004	noncoding
ENST00000456896.6	81	0.34045	9.09881591797	1	0.070398	noncoding
ENST00000664620.1	81	0.38247	10.2904663086	1	0.121993	noncoding
ENST00000656952.1	81	0.3997	9.09881591797	1	0.138335	noncoding
ENST00000657580.1	81	0.37296	9.09881591797	1	0.0999468	noncoding
ENST00000662808.1	91	0.36484	9.89239501953	1	0.142394	noncoding
ENST00000687103.2	81	0.40387	9.09881591797	1	0.145831	noncoding
ENST00000658153.1	81	0.42987	9.09881591797	1	0.204022	noncoding
ENST00000662987.1	81	0.37854	10.2904663086	1	0.11633	noncoding
ENST00000662820.1	81	0.38974	9.09881591797	1	0.1222	noncoding
ENST00000670422.1	58	0.35421	9.56317138672	1	0.0333996	noncoding
ENST00000418834.1	58	0.36978	9.69415283203	1	0.0388128	noncoding
ENST00000446458.2	81	0.43658	9.09881591797	1	0.222588	noncoding
ENST00000337019.7	297	0.4325	8.41973876953	1	0.999985	coding
ENST00000366889.6	258	0.4541	8.89471435547	1	0.999909	coding
ENST00000366888.7	258	0.45704	8.89471435547	1	0.999917	coding
ENST00000542669.1	105	0.43117	9.88507080078	-1	0.136695	noncoding
ENST00000544266.1	111	0.40672	10.014465332	1	0.460994	noncoding
ENST00000537664.5	934	0.39977	5.62054443359	1	1	coding
ENST00000625626.1	243	0.33323	9.26446533203	1	0.979536	coding
ENST00000476287.4	911	0.37955	5.49456787109	1	1	coding
ENST00000496635.1	65	0.33252	10.1333618164	1	0.0412878	noncoding
ENST00000444847.2	334	0.45488	8.54681396484	1	0.999999	coding
ENST00000481403.1	31	0.44543	7.83538818359	1	0.0125612	noncoding
ENST00000474396.1	46	0.27853	9.49456787109	-1	0.181107	noncoding
ENST00000397095.2	334	0.4455	8.54681396484	1	0.999999	coding
ENST00000427680.1	56	0.42406	4.17730712891	-1	0.0259615	noncoding
ENST00000423008.2	94	0.33427	9.50933837891	1	0.109874	noncoding
ENST00000660500.1	94	0.27075	9.50933837891	1	0.0699215	noncoding
ENST00000662926.1	94	0.29385	9.50933837891	1	0.0762976	noncoding
ENST00000422230.1	59	0.37347	7.82427978516	1	0.0315034	noncoding
ENST00000413706.1	34	0.32486	5.94976806641	1	0.00794794	noncoding
ENST00000413182.5	57	0.40925	6.49237060547	-1	0.0266162	noncoding
ENST00000430844.5	72	0.36788	4.54449462891	-1	0.0268646	noncoding
ENST00000366167.2	32	0.36228	5.78778076172	1	0.00801008	noncoding
ENST00000415611.9	59	0.33345	8.26861572266	1	0.0243361	noncoding
ENST00000667557.1	46	0.29072	6.68914794922	1	0.0144683	noncoding
ENST00000422542.4	59	0.29526	8.26861572266	1	0.0221063	noncoding
ENST00000661147.1	46	0.33876	7.99810791016	1	0.0133958	noncoding
ENST00000656687.2	59	0.33567	8.26861572266	1	0.0246381	noncoding
ENST00000657608.1	59	0.36461	8.26861572266	1	0.0303242	noncoding
ENST00000690219.2	38	0.4302	8.04498291016	1	0.0173384	noncoding
ENST00000663057.1	38	0.43074	8.04498291016	1	0.0174281	noncoding
ENST00000702192.1	55	0.34212	6.37969970703	1	0.0225015	noncoding
ENST00000702874.1	16	0.35616	3.66571044922	1	0.00791155	noncoding
ENST00000658124.1	39	0.41113	6.50201416016	1	0.0149342	noncoding
ENST00000661582.1	38	0.34756	8.04498291016	1	0.00955444	noncoding
ENST00000432668.1	65	0.35846	9.57928466797	1	0.0463034	noncoding
ENST00000222803.10	212	0.32137	5.69549560547	1	0.991094	coding
ENST00000419018.1	67	0.40192	6.81646728516	1	0.0682707	noncoding
ENST00000412494.1	72	0.47121	8.79071044922	1	0.214814	noncoding
ENST00000479939.1	127	0.40568	9.14569091797	1	0.659799	coding
ENST00000324453.13	132	0.33605	4.02801513672	1	0.873098	coding
ENST00000409688.1	91	0.39258	3.58172607422	1	0.652875	coding
ENST00000437235.7	118	0.29355	9.45977783203	1	0.150152	noncoding
ENST00000412856.6	118	0.35972	9.45977783203	1	0.333299	noncoding
ENST00000665516.1	118	0.30564	9.45977783203	1	0.170636	noncoding
ENST00000424194.1	23	0.37565	5.89544677734	1	0.00492282	noncoding
ENST00000692566.2	74	0.37029	9.88763427734	1	0.0783044	noncoding
ENST00000427076.5	128	0.27851	5.62664794922	1	0.518991	coding
ENST00000422304.1	252	0.43783	9.83221435547	1	0.999671	coding
ENST00000395749.7	667	0.3827	6.87408447266	1	1	coding
ENST00000425809.5	177	0.47107	6.12017822266	1	0.995252	coding
ENST00000358707.7	504	0.47097	7.04010009766	1	1	coding
ENST00000466584.5	149	0.45787	6.36639404297	1	0.965336	coding
ENST00000353625.8	480	0.47479	6.70477294922	1	1	coding
ENST00000489429.5	300	0.34723	8.81414794922	1	0.99931	coding
ENST00000395747.6	519	0.4507	6.87261962891	1	1	coding
ENST00000495819.6	287	0.46063	6.96087646484	-1	0.54196	coding
ENST00000700242.1	272	0.46793	8.92633056641	-1	0.508782	coding
ENST00000700244.1	174	0.47486	9.01531982422	-1	0.229692	noncoding
ENST00000424197.5	168	0.44342	8.11688232422	-1	0.157202	noncoding
ENST00000457408.7	228	0.41958	8.41033935547	1	0.998815	coding
ENST00000289577.9	179	0.41211	9.07269287109	1	0.972554	coding
ENST00000481238.1	187	0.37477	6.37591552734	1	0.985329	coding
ENST00000477639.5	134	0.28495	8.61981201172	1	0.236718	noncoding
ENST00000444131.2	170	0.43087	6.15435791016	-1	0.136835	noncoding
ENST00000258770.8	632	0.45526	6.98162841797	1	1	coding
ENST00000361278.7	522	0.47284	6.54791259766	1	1	coding
ENST00000395655.8	522	0.46726	6.54791259766	1	1	coding
ENST00000494076.5	643	0.4476	6.84075927734	1	1	coding
ENST00000478116.1	47	0.46446	9.07318115234	1	0.0588294	noncoding
ENST00000488222.5	234	0.42869	6.89080810547	1	0.999704	coding
ENST00000484326.1	148	0.42918	9.59381103516	1	0.907588	coding
ENST00000478532.5	283	0.43675	9.11053466797	-1	0.459757	noncoding
ENST00000477328.1	195	0.45617	6.49725341797	-1	0.212386	noncoding
ENST00000471142.5	141	0.46054	8.51239013672	1	0.931358	coding
ENST00000615084.4	675	0.46302	8.06610107422	1	1	coding
ENST00000617389.4	675	0.46302	8.06610107422	1	1	coding
ENST00000395556.6	675	0.46507	8.06610107422	1	1	coding
ENST00000433017.6	675	0.42665	8.06610107422	1	1	coding
ENST00000419119.1	675	0.43535	8.06610107422	1	1	coding
ENST00000422854.5	102	0.4534	6.54461669922	-1	0.0535428	noncoding
ENST00000420829.5	94	0.3448	8.37713623047	1	0.12125	noncoding
ENST00000448788.1	57	0.35348	8.88421630859	1	0.0278622	noncoding
ENST00000451013.7	950	0.47901	5.49371337891	1	1	coding
ENST00000610955.1	198	0.47948	4.85992431641	-1	0.339517	noncoding
ENST00000478628.1	40	0.45359	5.98211669922	1	0.0229761	noncoding
ENST00000484624.1	87	0.28311	9.34979248047	1	0.0590099	noncoding
ENST00000619775.1	182	0.37998	4.93450927734	1	0.994311	coding
ENST00000614386.1	109	0.41864	7.53619384766	1	0.50696	coding
ENST00000318622.8	224	0.39291	9.82196044922	1	0.993046	coding
ENST00000454791.1	224	0.39353	9.82196044922	1	0.993199	coding
ENST00000006777.11	365	0.43458	9.48236083984	1	0.999999	coding
ENST00000257637.8	119	0.38388	8.39678955078	1	0.471232	noncoding
ENST00000433078.5	119	0.35345	8.39678955078	1	0.338507	noncoding
ENST00000492231.2	48	0.31245	7.71051025391	1	0.013537	noncoding
ENST00000455575.1	55	0.39162	10.254699707	1	0.0460363	noncoding
ENST00000287908.7	491	0.30159	9.27728271484	1	0.999984	coding
ENST00000394621.7	491	0.30387	9.27728271484	1	0.999987	coding
ENST00000394626.5	455	0.4061	8.78497314453	1	1	coding
ENST00000394622.6	491	0.30387	9.27728271484	1	0.999987	coding
ENST00000394629.2	455	0.40885	8.78497314453	1	1	coding
ENST00000482369.1	185	0.38388	8.92816162109	-1	0.184814	noncoding
ENST00000265734.8	327	0.30191	6.02178955078	1	0.999926	coding
ENST00000424848.3	327	0.30191	6.02178955078	1	0.999926	coding
ENST00000467166.1	66	0.32949	7.67620849609	1	0.0315087	noncoding
ENST00000491250.1	84	0.36476	12.7412719727	1	0.0491758	noncoding
ENST00000297268.11	1367	0.42967	9.07696533203	1	1	coding
ENST00000464916.1	288	0.46184	5.74530029297	-1	0.625903	coding
ENST00000449309.2	574	0.4395	5.82281494141	1	1	coding
ENST00000408938.2	535	0.44436	5.43304443359	-1	0.991684	coding
ENST00000710813.1	613	0.46569	7.54644775391	1	1	coding
ENST00000425308.6	613	0.45171	7.54644775391	1	1	coding
ENST00000303887.10	720	0.44274	6.08062744141	1	1	coding
ENST00000343023.10	390	0.45892	5.92816162109	1	1	coding
ENST00000485286.6	544	0.4482	5.90716552734	1	1	coding
ENST00000493352.1	158	0.42961	8.84259033203	-1	0.158844	noncoding
ENST00000463722.5	121	0.37485	8.83587646484	1	0.444374	noncoding
ENST00000467516.5	37	0.37029	5.89324951172	1	0.0109684	noncoding
ENST00000465738.1	48	0.45252	11.8399047852	1	0.0802696	noncoding
ENST00000223061.6	450	0.45733	7.40887451172	1	1	coding
ENST00000487172.1	76	0.40594	5.00616455078	1	0.221807	noncoding
ENST00000468214.1	131	0.4097	11.0930786133	1	0.649654	coding
ENST00000460002.1	14	0.35453	5.26837158203	-1	0.015424	noncoding
ENST00000490909.1	11	0.42688	5.75079345703	1	0.00332327	noncoding
ENST00000486440.5	197	0.42589	9.07965087891	-1	0.232418	noncoding
ENST00000472348.1	105	0.40868	9.15155029297	1	0.395041	noncoding
ENST00000417368.7	927	0.43713	6.17572021484	1	1	coding
ENST00000681708.1	456	0.34523	6.23272705078	1	1	coding
ENST00000679847.1	470	0.38022	6.36212158203	1	1	coding
ENST00000681213.1	415	0.36636	5.78912353516	1	1	coding
ENST00000679419.1	415	0.38686	5.78912353516	1	1	coding
ENST00000473553.5	415	0.48028	5.78912353516	1	1	coding
ENST00000681511.1	257	0.40694	5.46295166016	1	0.999962	coding
ENST00000393232.6	504	0.41977	4.93914794922	1	1	coding
ENST00000477428.5	27	0.36249	6.79803466797	1	0.00514585	noncoding
ENST00000454688.5	209	0.46331	5.59637451172	-1	0.302721	noncoding
ENST00000223190.8	504	0.46348	4.93914794922	1	1	coding
ENST00000393230.6	504	0.42501	4.93914794922	1	1	coding
ENST00000436302.6	921	0.40662	8.75103759766	1	1	coding
ENST00000435976.6	705	0.43045	7.53350830078	1	1	coding
ENST00000455283.2	93	0.47905	4.05023193359	-1	0.088079	noncoding
ENST00000476700.5	178	0.26107	4.99261474609	1	0.953539	coding
ENST00000494702.2	110	0.39317	4.52618408203	1	0.756486	coding
ENST00000470839.1	33	0.34757	3.92572021484	1	0.0186197	noncoding
ENST00000489820.5	51	0.41164	7.73077392578	1	0.0292736	noncoding
ENST00000460379.1	93	0.45856	9.56182861328	-1	0.110706	noncoding
ENST00000223210.5	1170	0.44471	6.87213134766	1	1	coding
ENST00000488265.1	133	0.36914	4.11553955078	1	0.924869	coding
ENST00000466435.1	87	0.44647	6.25640869141	-1	0.0411128	noncoding
ENST00000478024.1	85	0.32326	8.04095458984	1	0.0682045	noncoding
ENST00000706130.1	805	0.46824	6.08575439453	1	1	coding
ENST00000404039.5	802	0.4114	6.06329345703	1	1	coding
ENST00000406326.5	354	0.37405	8.58355712891	1	0.999989	coding
ENST00000496611.2	150	0.31811	5.12066650391	1	0.86049	coding
ENST00000706152.1	65	0.393	8.19110107422	1	0.0536403	noncoding
ENST00000481593.1	141	0.41841	9.16680908203	1	0.845038	coding
ENST00000493268.1	112	0.37558	9.69232177734	1	0.33466	noncoding
ENST00000484789.5	167	0.41645	7.06011962891	1	0.973477	coding
ENST00000480367.1	360	0.35163	8.03753662109	1	0.999985	coding
ENST00000518240.5	124	0.43464	7.70220947266	-1	0.0833404	noncoding
ENST00000352684.2	292	0.37675	9.12298583984	1	0.999677	coding
ENST00000382824.5	368	0.28301	8.35333251953	1	0.999121	coding
ENST00000350302.8	359	0.28301	8.35955810547	1	0.998789	coding
ENST00000446331.6	251	0.37652	5.96868896484	1	0.999774	coding
ENST00000443614.6	375	0.45467	6.32476806641	1	1	coding
ENST00000525283.5	264	0.46311	5.27264404297	-1	0.571927	coding
ENST00000220584.9	418	0.45632	6.09771728516	1	1	coding
ENST00000529464.5	229	0.44831	5.41510009766	-1	0.365712	noncoding
ENST00000525954.5	477	0.43391	6.93157958984	1	1	coding
ENST00000528643.5	333	0.43923	5.87725830078	1	1	coding
ENST00000529146.6	107	0.30338	11.5816040039	1	0.0971003	noncoding
ENST00000340537.9	154	0.29195	9.40472412109	1	0.35337	noncoding
ENST00000448228.7	297	0.39149	6.00286865234	1	0.999992	coding
ENST00000534187.6	140	0.2881	6.57952880859	1	0.490215	noncoding
ENST00000530508.1	98	0.34417	9.09698486328	1	0.140954	noncoding
ENST00000524893.5	130	0.34864	8.20880126953	1	0.449233	noncoding
ENST00000529060.5	172	0.36324	9.50946044922	1	0.854078	coding
ENST00000534520.6	154	0.4023	9.40472412109	1	0.876298	coding
ENST00000531833.1	109	0.34547	10.4729614258	1	0.198997	noncoding
ENST00000289989.10	366	0.40634	8.52447509766	1	0.999999	coding
ENST00000409586.7	358	0.40634	8.53204345703	1	0.999998	coding
ENST00000614574.4	301	0.34201	5.87066650391	1	0.999958	coding
ENST00000453427.2	50	0.3507	4.44073486328	-1	0.0204262	noncoding
ENST00000475994.1	148	0.46974	9.26104736328	-1	0.183352	noncoding
ENST00000495957.1	160	0.36795	10.5454711914	1	0.736935	coding
ENST00000397091.9	821	0.42886	5.76947021484	1	1	coding
ENST00000619564.3	455	0.34942	6.86431884766	1	1	coding
ENST00000447712.7	823	0.42886	5.82073974609	1	1	coding
ENST00000532791.5	821	0.42886	5.82073974609	1	1	coding
ENST00000425967.8	829	0.48725	6.46905517578	1	1	coding
ENST00000397113.6	821	0.47969	5.76947021484	1	1	coding
ENST00000356207.9	734	0.45523	6.19171142578	1	1	coding
ENST00000326324.10	732	0.45523	6.12420654297	1	1	coding
ENST00000683815.1	819	0.47348	5.76947021484	1	1	coding
ENST00000674474.1	501	0.37355	6.22760009766	1	1	coding
ENST00000397103.5	734	0.4715	6.28680419922	1	1	coding
ENST00000524528.2	387	0.36494	5.97833251953	1	1	coding
ENST00000487647.5	429	0.45739	8.79644775391	-1	0.873167	coding
ENST00000466021.5	230	0.44966	7.00457763672	-1	0.303868	noncoding
ENST00000674235.1	207	0.47472	8.72210693359	1	0.998945	coding
ENST00000475621.1	115	0.44968	6.26910400391	-1	0.064798	noncoding
ENST00000526742.5	145	0.4144	5.20452880859	-1	0.0951301	noncoding
ENST00000484370.5	151	0.42206	4.67987060547	1	0.985198	coding
ENST00000619594.5	101	0.40088	10.4572143555	1	0.315383	noncoding
ENST00000614462.4	62	0.36434	11.2426147461	1	0.0487283	noncoding
ENST00000612809.4	101	0.43517	10.4572143555	1	0.482065	noncoding
ENST00000545322.5	62	0.43382	11.2426147461	1	0.113389	noncoding
ENST00000611854.4	101	0.40501	10.4572143555	1	0.332497	noncoding
ENST00000523245.1	43	0.2917	12.0729370117	1	0.0253225	noncoding
ENST00000518786.1	26	0.33512	5.96929931641	-1	0.0310818	noncoding
ENST00000517831.5	51	0.34908	9.39056396484	1	0.0232704	noncoding
ENST00000517298.5	92	0.3797	10.0765991211	1	0.17817	noncoding
ENST00000522631.1	36	0.32953	5.33514404297	1	0.0106633	noncoding
ENST00000518392.1	40	0.42615	10.2888793945	-1	0.097333	noncoding
ENST00000321764.4	263	0.29166	6.45184326172	1	0.996325	coding
ENST00000311212.9	77	0.32244	10.0192260742	1	0.0569597	noncoding
ENST00000519744.5	49	0.41164	10.3751831055	1	0.0447375	noncoding
ENST00000520498.1	48	0.35049	9.59246826172	1	0.0217369	noncoding
ENST00000517844.5	77	0.35962	10.0192260742	1	0.0796233	noncoding
ENST00000520347.5	148	0.33931	10.0659790039	1	0.5	coding
ENST00000519882.5	77	0.33534	10.0192260742	1	0.0631507	noncoding
ENST00000523146.1	54	0.3568	10.4783325195	1	0.0339928	noncoding
ENST00000330295.10	244	0.37818	8.31365966797	1	0.998113	coding
ENST00000520337.1	230	0.44568	8.27008056641	1	0.99952	coding
ENST00000620350.5	467	0.42464	6.07989501953	1	1	coding
ENST00000519595.5	467	0.45837	6.07989501953	1	1	coding
ENST00000522789.5	180	0.45063	9.58062744141	1	0.989947	coding
ENST00000250173.5	412	0.42611	6.12628173828	1	1	coding
ENST00000522597.1	101	0.44877	9.41436767578	-1	0.112181	noncoding
ENST00000520446.5	169	0.43164	6.24444580078	1	0.988036	coding
ENST00000521430.5	22	0.36447	11.0127563477	1	0.0114237	noncoding
ENST00000527730.1	301	0.40407	8.70257568359	-1	0.412162	noncoding
ENST00000292524.6	494	0.39236	6.43475341797	1	1	coding
ENST00000529022.5	494	0.42794	6.43475341797	1	1	coding
ENST00000530854.1	86	0.38994	8.49273681641	-1	0.0774638	noncoding
ENST00000531310.1	186	0.42881	7.65313720703	-1	0.171469	noncoding
ENST00000528528.1	139	0.44632	10.4418334961	1	0.896293	coding
ENST00000529995.1	80	0.45227	5.46136474609	1	0.293516	noncoding
ENST00000442898.5	466	0.46624	5.49310302734	1	1	coding
ENST00000696149.1	480	0.46427	5.59466552734	1	1	coding
ENST00000696150.1	99	0.45613	4.27252197266	1	0.767575	coding
ENST00000696151.1	172	0.46161	4.17974853516	1	0.998183	coding
ENST00000642633.1	36	0.27534	5.46490478516	-1	0.0848811	noncoding
ENST00000476212.1	12	0.36654	7.82183837891	1	0.00260059	noncoding
ENST00000378643.8	623	0.45552	5.31744384766	1	1	coding
ENST00000448890.2	623	0.4482	5.31744384766	1	1	coding
ENST00000696701.1	479	0.40417	5.28094482422	1	1	coding
ENST00000696702.1	231	0.36053	5.36785888672	1	0.999288	coding
ENST00000696703.1	231	0.32632	5.36785888672	1	0.997976	coding
ENST00000696708.1	231	0.38843	5.36785888672	1	0.999696	coding
ENST00000696709.1	387	0.36402	5.19781494141	1	1	coding
ENST00000461149.2	177	0.34768	6.12969970703	1	0.956532	coding
ENST00000696711.1	161	0.30651	4.74481201172	1	0.930911	coding
ENST00000696713.1	555	0.42771	5.12738037109	1	1	coding
ENST00000696714.1	124	0.31277	4.86175537109	1	0.632387	coding
ENST00000462124.1	100	0.36258	6.03997802734	-1	0.0538411	noncoding
ENST00000574939.1	54	0.46774	4.59368896484	1	0.0973016	noncoding
ENST00000431981.2	35	0.36688	9.89874267578	-1	0.115792	noncoding
ENST00000658413.1	98	0.31373	9.01470947266	1	0.101021	noncoding
ENST00000666249.1	48	0.31686	6.49969482422	1	0.0145449	noncoding
ENST00000658963.1	48	0.31767	6.49969482422	1	0.014533	noncoding
ENST00000377518.3	95	0.31757	11.9555053711	1	0.0731653	noncoding
ENST00000429818.1	92	0.29547	11.9060668945	1	0.063164	noncoding
ENST00000412631.1	50	0.40098	8.88531494141	1	0.0300921	noncoding
ENST00000430302.1	69	0.37608	8.50714111328	1	0.0563821	noncoding
ENST00000265382.8	541	0.40235	6.38836669922	1	1	coding
ENST00000541509.5	503	0.34625	8.34722900391	1	1	coding
ENST00000377284.5	103	0.45812	6.73138427734	-1	0.0555288	noncoding
ENST00000388712.7	402	0.4436	4.91302490234	1	1	coding
ENST00000388711.7	402	0.44359	4.91302490234	1	1	coding
ENST00000472919.1	28	0.47014	6.05059814453	1	0.0102085	noncoding
ENST00000375751.8	613	0.40719	7.27142333984	1	1	coding
ENST00000375754.9	636	0.39179	8.43194580078	1	1	coding
ENST00000375747.5	613	0.40719	7.27142333984	1	1	coding
ENST00000476708.1	116	0.41985	7.05389404297	-1	0.0657576	noncoding
ENST00000375482.8	726	0.46778	5.78289794922	1	1	coding
ENST00000416701.6	725	0.46538	5.73028564453	1	1	coding
ENST00000468206.6	726	0.46283	5.78289794922	1	1	coding
ENST00000337352.10	726	0.46954	5.78289794922	1	1	coding
ENST00000467786.1	635	0.38304	5.89569091797	1	1	coding
ENST00000488407.1	112	0.37272	6.80450439453	-1	0.0678143	noncoding
ENST00000618336.4	165	0.31686	8.22833251953	1	0.664419	coding
ENST00000474301.1	49	0.37249	6.81915283203	1	0.0186036	noncoding
ENST00000223795.3	235	0.32167	7.62213134766	1	0.985699	coding
ENST00000493559.1	86	0.34996	10.166809082	1	0.100698	noncoding
ENST00000684047.1	455	0.29268	6.10772705078	1	1	coding
ENST00000684001.1	487	0.29268	6.28057861328	1	1	coding
ENST00000684405.1	326	0.29268	5.93450927734	1	0.9999	coding
ENST00000608872.6	455	0.28883	6.10772705078	1	1	coding
ENST00000453291.2	188	0.31857	6.99603271484	1	0.917093	coding
ENST00000373808.8	743	0.46652	5.58624267578	1	1	coding
ENST00000432226.7	732	0.45524	5.58221435547	1	1	coding
ENST00000373818.8	783	0.45236	5.89642333984	1	1	coding
ENST00000373806.1	208	0.45916	4.60247802734	1	0.999784	coding
ENST00000373095.6	385	0.30632	8.83111572266	1	0.999776	coding
ENST00000465821.5	134	0.34328	9.36212158203	1	0.422063	noncoding
ENST00000373084.8	243	0.35435	6.24285888672	1	0.999015	coding
ENST00000300434.3	134	0.35528	9.36212158203	1	0.483361	noncoding
ENST00000493175.1	65	0.36903	9.74395751953	1	0.052354	noncoding
ENST00000674687.3	123	0.30544	6.56024169922	1	0.341985	noncoding
ENST00000692865.2	123	0.31753	6.56024169922	1	0.369417	noncoding
ENST00000411904.2	62	0.28796	4.52899169922	1	0.0824843	noncoding
ENST00000675837.3	62	0.31065	4.52899169922	1	0.0671202	noncoding
ENST00000687828.2	133	0.28305	11.1781616211	1	0.150601	noncoding
ENST00000701344.1	133	0.27385	11.1781616211	1	0.140272	noncoding
ENST00000691577.1	133	0.30432	11.1781616211	1	0.18871	noncoding
ENST00000485732.5	297	0.3396	7.18341064453	1	0.999758	coding
ENST00000317446.7	1138	0.38162	5.67694091797	1	1	coding
ENST00000445819.5	1217	0.40912	5.65936279297	1	1	coding
ENST00000481327.1	0	0.34111	0.0	-1	8.40577e-07	noncoding
ENST00000479475.1	219	0.32636	7.20941162109	1	0.980929	coding
ENST00000689491.1	304	0.32545	9.11602783203	1	0.997718	coding
ENST00000480703.2	296	0.3238	9.21173095703	1	0.996296	coding
ENST00000440282.5	67	0.29551	9.05816650391	1	0.0318966	noncoding
ENST00000466271.3	414	0.33656	9.40545654297	1	0.999979	coding
ENST00000688845.1	178	0.34149	9.39959716797	1	0.810841	coding
ENST00000689161.1	363	0.36754	9.53936767578	1	0.999971	coding
ENST00000378605.3	375	0.35353	9.53936767578	1	0.999959	coding
ENST00000683141.1	294	0.37825	9.49346923828	1	0.999627	coding
ENST00000463303.5	33	0.36282	9.99237060547	-1	0.123105	noncoding
ENST00000469555.1	26	0.39405	5.98577880859	1	0.00653425	noncoding
ENST00000649551.3	315	0.42424	9.61029052734	-1	0.5	coding
ENST00000650893.1	824	0.41125	9.00714111328	1	1	coding
ENST00000377100.8	180	0.38598	6.42156982422	1	0.982797	coding
ENST00000377072.8	1028	0.41193	8.68463134766	1	1	coding
ENST00000307729.12	1069	0.44491	8.49456787109	1	1	coding
ENST00000650772.1	169	0.4619	6.22137451172	-1	0.155791	noncoding
ENST00000651298.1	466	0.44361	9.31475830078	1	1	coding
ENST00000652497.1	180	0.37725	6.42156982422	1	0.978642	coding
ENST00000495130.5	107	0.44526	4.87469482422	1	0.783391	coding
ENST00000377059.7	1069	0.46411	8.49456787109	1	1	coding
ENST00000468309.1	127	0.44638	10.1323852539	1	0.825989	coding
ENST00000420525.1	62	0.42778	6.20294189453	-1	0.0267474	noncoding
ENST00000376215.10	416	0.45186	9.16741943359	1	1	coding
ENST00000473224.1	72	0.48019	6.25543212891	-1	0.0336097	noncoding
ENST00000491711.5	71	0.4097	7.92401123047	1	0.0869609	noncoding
ENST00000470978.1	154	0.39759	5.30902099609	1	0.969041	coding
ENST00000542547.5	468	0.40306	5.53619384766	1	1	coding
ENST00000263056.6	468	0.44252	5.53619384766	1	1	coding
ENST00000375322.2	133	0.44113	4.50189208984	1	0.964535	coding
ENST00000413724.5	223	0.46477	4.84136962891	-1	0.433395	noncoding
ENST00000375321.1	468	0.4477	5.53619384766	1	1	coding
ENST00000560196.5	75	0.46526	10.5427856445	1	0.326444	noncoding
ENST00000542879.5	907	0.46859	5.09063720703	1	1	coding
ENST00000561304.5	77	0.46299	10.798034668	1	0.343617	noncoding
ENST00000320985.14	1125	0.45653	4.87188720703	1	1	coding
ENST00000424869.6	1126	0.47188	4.85931396484	1	1	coding
ENST00000437844.6	907	0.47188	5.09063720703	1	1	coding
ENST00000446923.7	1109	0.45276	4.79681396484	1	1	coding
ENST00000606671.5	118	0.4431	3.73040771484	-1	0.114217	noncoding
ENST00000374429.6	94	0.35325	9.92486572266	1	0.138084	noncoding
ENST00000374426.6	120	0.44144	10.4430541992	1	0.740279	coding
ENST00000343575.11	90	0.32954	9.71868896484	1	0.0917415	noncoding
ENST00000519078.6	189	0.46981	8.53021240234	-1	0.237656	noncoding
ENST00000475504.6	110	0.32771	6.73687744141	1	0.245426	noncoding
ENST00000316629.8	241	0.38476	6.53912353516	1	0.999485	coding
ENST00000395284.8	298	0.39698	8.37506103516	1	0.999946	coding
ENST00000448257.6	298	0.34212	8.37506103516	1	0.999353	coding
ENST00000487784.1	29	0.4032	4.90277099609	1	0.01317	noncoding
ENST00000537969.5	156	0.31576	5.55291748047	1	0.854003	coding
ENST00000544879.5	227	0.35039	7.63824462891	1	0.992148	coding
ENST00000357321.9	353	0.37349	7.11480712891	1	0.999998	coding
ENST00000349051.9	264	0.35395	8.71673583984	1	0.997589	coding
ENST00000488223.5	242	0.3538	8.82098388672	1	0.992831	coding
ENST00000469925.1	56	0.46363	9.63421630859	1	0.11402	noncoding
ENST00000372997.3	236	0.3538	9.25750732422	1	0.987702	coding
ENST00000372185.5	219	0.40085	9.08123779297	1	0.995275	coding
ENST00000606162.6	230	0.28567	8.92449951172	1	0.871253	coding
ENST00000372187.9	230	0.46254	8.92449951172	1	0.99963	coding
ENST00000361175.8	615	0.44144	8.18206787109	1	1	coding
ENST00000456849.2	620	0.44225	8.18206787109	1	1	coding
ENST00000693560.1	404	0.35258	5.94354248047	1	1	coding
ENST00000371953.8	404	0.34213	5.94354248047	1	1	coding
ENST00000700021.1	389	0.37021	5.55889892578	1	1	coding
ENST00000700022.1	222	0.35591	5.23663330078	1	0.998762	coding
ENST00000686459.1	207	0.44672	4.80499267578	1	0.999717	coding
ENST00000472832.3	345	0.47126	8.19256591797	1	1	coding
ENST00000688922.2	271	0.36197	5.85687255859	1	0.999896	coding
ENST00000487939.1	31	0.31105	5.99835205078	1	0.00713882	noncoding
ENST00000413464.6	1401	0.47137	5.21783447266	1	1	coding
ENST00000278070.7	1665	0.47907	6.11346435547	1	1	coding
ENST00000370012.1	650	0.42107	10.0346069336	1	1	coding
ENST00000462933.1	27	0.37416	6.49822998047	1	0.00555502	noncoding
ENST00000495914.1	121	0.41129	9.50531005859	-1	0.136219	noncoding
ENST00000238936.8	518	0.39147	8.20745849609	1	1	coding
ENST00000369931.3	154	0.41151	6.72406005859	1	0.944555	coding
ENST00000450947.2	67	0.41578	5.47271728516	-1	0.0272509	noncoding
ENST00000428200.1	25	0.43017	12.3026733398	1	0.017133	noncoding
ENST00000469294.1	35	0.40184	9.23712158203	1	0.0154728	noncoding
ENST00000357060.8	1666	0.4545	5.70574951172	1	1	coding
ENST00000457071.5	451	0.44619	7.12506103516	1	1	coding
ENST00000434629.5	949	0.44003	5.97686767578	1	1	coding
ENST00000479392.1	55	0.42233	6.72100830078	1	0.0421256	noncoding
ENST00000278064.7	941	0.47288	5.49908447266	1	1	coding
ENST00000369720.6	483	0.40493	5.18463134766	1	1	coding
ENST00000369719.2	374	0.43187	5.47467041016	1	1	coding
ENST00000360162.7	675	0.4546	6.35296630859	1	1	coding
ENST00000277900.12	675	0.4103	6.35296630859	1	1	coding
ENST00000356080.9	707	0.43948	5.91888427734	1	1	coding
ENST00000497125.5	125	0.42639	7.88385009766	-1	0.0873878	noncoding
ENST00000473669.5	108	0.42081	5.30413818359	-1	0.0543089	noncoding
ENST00000468345.1	180	0.44269	6.42095947266	-1	0.163564	noncoding
ENST00000472568.5	118	0.47654	7.96820068359	-1	0.0875112	noncoding
ENST00000650623.2	1133	0.4689	6.56658935547	1	1	coding
ENST00000369081.3	220	0.48596	9.26898193359	1	0.99962	coding
ENST00000648661.1	965	0.45184	6.15118408203	1	1	coding
ENST00000650409.1	523	0.40643	6.29583740234	1	1	coding
ENST00000637174.1	404	0.36459	8.86553955078	1	0.999998	coding
ENST00000462160.5	382	0.44547	6.68328857422	1	1	coding
ENST00000298630.8	487	0.42073	6.15618896484	1	1	coding
ENST00000368620.2	239	0.42502	11.5333862305	-1	0.351173	noncoding
ENST00000368619.3	147	0.32269	11.473815918	1	0.288769	noncoding
ENST00000456004.1	103	0.33002	11.924987793	1	0.0988076	noncoding
ENST00000311604.8	340	0.44776	4.68780517578	1	1	coding
ENST00000446808.5	126	0.43806	4.15631103516	-1	0.10689	noncoding
ENST00000405957.6	278	0.41107	4.91485595703	1	0.999995	coding
ENST00000451814.5	64	0.40956	4.29302978516	-1	0.02608	noncoding
ENST00000457279.5	275	0.41518	4.54742431641	-1	0.549832	coding
ENST00000429923.5	175	0.41978	4.23150634766	-1	0.189494	noncoding
ENST00000406638.6	278	0.33565	4.91485595703	1	0.999936	coding
ENST00000417766.5	222	0.45817	4.57391357422	-1	0.445374	noncoding
ENST00000432093.1	222	0.44059	4.57391357422	-1	0.393837	noncoding
ENST00000698909.1	340	0.39309	5.79522705078	1	1	coding
ENST00000698913.1	612	0.45888	6.23773193359	1	1	coding
ENST00000526596.2	717	0.44409	6.23419189453	1	1	coding
ENST00000533343.2	494	0.47145	5.81585693359	1	1	coding
ENST00000698914.1	327	0.41819	5.64410400391	1	1	coding
ENST00000300737.8	686	0.44409	6.18939208984	1	1	coding
ENST00000698920.1	367	0.38899	8.45904541016	1	0.999998	coding
ENST00000526156.1	160	0.36145	9.59735107422	1	0.762218	coding
ENST00000530135.5	403	0.45748	8.28570556641	1	1	coding
ENST00000329293.4	403	0.38925	8.28570556641	1	1	coding
ENST00000528308.1	170	0.34499	5.36663818359	1	0.961052	coding
ENST00000450114.7	647	0.38691	6.32916259766	1	1	coding
ENST00000299613.10	433	0.4545	7.67413330078	1	1	coding
ENST00000524549.1	169	0.29374	5.89971923828	1	0.863377	coding
ENST00000681684.1	433	0.45245	7.67413330078	1	1	coding
ENST00000530712.6	253	0.39398	9.27386474609	1	0.998816	coding
ENST00000532275.1	191	0.47947	5.75384521484	-1	0.244065	noncoding
ENST00000256178.8	323	0.38235	8.59320068359	1	0.999966	coding
ENST00000438354.6	117	0.41333	5.60662841797	1	0.759921	coding
ENST00000529598.1	219	0.48248	6.41693115234	1	0.999669	coding
ENST00000531706.1	54	0.42353	4.65118408203	-1	0.0233298	noncoding
ENST00000278198.2	641	0.39508	6.69696044922	1	1	coding
ENST00000619527.4	641	0.48201	6.69696044922	1	1	coding
ENST00000528697.6	641	0.46349	6.69696044922	1	1	coding
ENST00000527150.5	641	0.44822	6.69696044922	1	1	coding
ENST00000530763.5	641	0.46511	6.69696044922	1	1	coding
ENST00000534577.1	32	0.40902	4.38848876953	1	0.0231257	noncoding
ENST00000534751.3	517	0.41442	7.25628662109	1	1	coding
ENST00000683152.1	1178	0.38981	5.67254638672	1	1	coding
ENST00000424263.6	478	0.46907	5.65948486328	1	1	coding
ENST00000622142.5	1178	0.41236	5.67254638672	1	1	coding
ENST00000528980.1	194	0.42387	5.67401123047	-1	0.19297	noncoding
ENST00000667593.1	35	0.34357	7.68157958984	1	0.00771541	noncoding
ENST00000668755.3	35	0.43432	7.68157958984	1	0.0141044	noncoding
ENST00000669834.2	35	0.37186	7.68157958984	1	0.0087071	noncoding
ENST00000670220.1	112	0.28683	10.1875610352	1	0.115883	noncoding
ENST00000656602.2	76	0.33871	6.01043701172	1	0.0731019	noncoding
ENST00000524488.1	35	0.42415	7.68157958984	1	0.0129182	noncoding
ENST00000524565.1	35	0.36018	7.68157958984	1	0.00819367	noncoding
ENST00000405308.6	144	0.396	9.83917236328	1	0.773446	coding
ENST00000441869.5	115	0.36442	11.6686401367	1	0.227231	noncoding
ENST00000490240.5	157	0.37834	9.95477294922	1	0.796931	coding
ENST00000395566.9	144	0.44156	9.83917236328	1	0.913671	coding
ENST00000395569.8	88	0.46388	10.1575317383	1	0.470102	noncoding
ENST00000481047.1	142	0.37901	9.82696533203	-1	0.169397	noncoding
ENST00000426335.6	494	0.39097	8.70172119141	1	1	coding
ENST00000524782.6	522	0.39413	8.07611083984	1	1	coding
ENST00000525314.6	536	0.39413	8.34454345703	1	1	coding
ENST00000525635.1	75	0.33399	4.60308837891	-1	0.0356486	noncoding
ENST00000532438.5	90	0.46584	8.73541259766	1	0.420453	noncoding
ENST00000525398.5	327	0.47443	9.11712646484	-1	0.70274	coding
ENST00000524727.5	257	0.35158	6.16204833984	1	0.999541	coding
ENST00000530794.1	141	0.30121	9.27337646484	-1	0.164938	noncoding
ENST00000622878.4	93	0.42775	10.4407348633	-1	0.150717	noncoding
ENST00000256996.9	428	0.44624	9.55792236328	1	1	coding
ENST00000378601.7	245	0.37455	9.85406494141	1	0.994621	coding
ENST00000615695.1	176	0.41656	10.141784668	1	0.961999	coding
ENST00000612309.4	295	0.37506	9.81890869141	1	0.999451	coding
ENST00000617022.4	225	0.32198	9.33380126953	1	0.938072	coding
ENST00000378600.7	239	0.38332	9.66741943359	1	0.995535	coding
ENST00000614394.1	155	0.37086	8.64495849609	1	0.802254	coding
ENST00000614884.1	47	0.4413	4.64166259766	1	0.0646703	noncoding
ENST00000652762.2	266	0.31639	9.70965576172	1	0.975836	coding
ENST00000650773.1	110	0.30671	9.33221435547	-1	0.163834	noncoding
ENST00000356786.10	1477	0.40369	5.08880615234	1	1	coding
ENST00000463837.5	1215	0.43264	4.85089111328	1	1	coding
ENST00000494566.5	622	0.46012	4.71405029297	1	1	coding
ENST00000359902.2	713	0.41611	7.75140380859	1	1	coding
ENST00000479965.5	373	0.39296	8.23736572266	1	0.999999	coding
ENST00000473405.1	184	0.37841	11.2655639648	-1	0.209485	noncoding
ENST00000301897.5	224	0.32162	9.62457275391	1	0.923763	coding
ENST00000472524.1	155	0.36241	8.83612060547	1	0.759632	coding
ENST00000294066.7	821	0.38792	5.91387939453	1	1	coding
ENST00000435926.5	732	0.46341	5.92376708984	1	1	coding
ENST00000424945.5	94	0.43365	4.41265869141	1	0.6611	coding
ENST00000470088.5	211	0.36677	9.55548095703	1	0.972607	coding
ENST00000377350.7	813	0.4907	5.91387939453	1	1	coding
ENST00000433890.5	723	0.47635	5.83062744141	1	1	coding
ENST00000489952.5	260	0.43783	9.41363525391	1	0.999827	coding
ENST00000467689.1	74	0.47975	6.70599365234	-1	0.0353204	noncoding
ENST00000439069.5	307	0.43958	8.71380615234	-1	0.533687	coding
ENST00000493428.5	103	0.44755	10.0054321289	-1	0.142954	noncoding
ENST00000468062.5	79	0.40543	9.35870361328	-1	0.0946878	noncoding
ENST00000702924.1	35	0.43357	6.05865478516	1	0.0150275	noncoding
ENST00000619960.4	46	0.45569	9.58990478516	1	0.0590907	noncoding
ENST00000637877.1	29	0.44824	7.82269287109	1	0.0113585	noncoding
ENST00000685970.1	46	0.37467	9.58990478516	1	0.0232776	noncoding
ENST00000309775.8	57	0.38266	8.83734130859	1	0.0353419	noncoding
ENST00000530267.5	587	0.45755	4.97845458984	1	1	coding
ENST00000530535.5	451	0.42634	4.85198974609	1	1	coding
ENST00000528910.5	298	0.46783	6.30975341797	-1	0.634034	coding
ENST00000529308.6	1019	0.46001	5.42486572266	1	1	coding
ENST00000530546.5	630	0.40179	5.41302490234	1	1	coding
ENST00000526425.1	750	0.41413	5.19244384766	1	1	coding
ENST00000530521.1	85	0.45373	5.58489990234	-1	0.0421137	noncoding
ENST00000701675.1	54	0.41629	6.70404052734	1	0.0376464	noncoding
ENST00000532168.3	54	0.34452	6.70404052734	1	0.0204025	noncoding
ENST00000504610.2	155	0.28445	9.39984130859	1	0.330952	noncoding
ENST00000419895.5	35	0.27433	5.87200927734	1	0.0144275	noncoding
ENST00000691869.2	20	0.36725	4.67706298828	1	0.00616762	noncoding
ENST00000693507.1	93	0.2951	7.65679931641	1	0.0814749	noncoding
ENST00000689463.1	35	0.35514	5.87200927734	1	0.00897951	noncoding
ENST00000690533.1	93	0.32551	7.65679931641	1	0.0997984	noncoding
ENST00000307257.10	308	0.40644	5.88336181641	1	0.999998	coding
ENST00000227349.7	779	0.31729	9.28411865234	1	1	coding
ENST00000531316.1	779	0.43923	9.28411865234	1	1	coding
ENST00000690490.2	126	0.34829	11.7064819336	1	0.237518	noncoding
ENST00000660892.2	58	0.33423	4.73480224609	1	0.0481414	noncoding
ENST00000227135.7	152	0.37203	4.76397705078	1	0.960881	coding
ENST00000529498.1	92	0.36395	9.57537841797	1	0.144751	noncoding
ENST00000524614.1	59	0.44142	5.00457763672	-1	0.0272766	noncoding
ENST00000284292.11	79	0.37906	7.72027587891	1	0.0921064	noncoding
ENST00000412681.2	79	0.37906	7.72027587891	1	0.0921064	noncoding
ENST00000535549.5	226	0.30787	6.34124755859	1	0.988547	coding
ENST00000319397.7	442	0.34473	5.04400634766	1	1	coding
ENST00000392668.8	486	0.32244	5.01165771484	1	1	coding
ENST00000526145.6	355	0.36783	5.07879638672	1	1	coding
ENST00000305108.10	143	0.46254	9.51739501953	1	0.942126	coding
ENST00000662884.1	189	0.4615	9.46551513672	1	0.995576	coding
ENST00000397265.7	136	0.46803	9.89422607422	1	0.931005	coding
ENST00000542920.1	107	0.44946	10.1513061523	1	0.636562	coding
ENST00000433832.2	91	0.44474	6.23626708984	1	0.376476	noncoding
ENST00000011684.11	791	0.45024	6.62921142578	1	1	coding
ENST00000684764.1	791	0.45024	6.62921142578	1	1	coding
ENST00000536531.5	496	0.43981	9.20782470703	1	1	coding
ENST00000396988.7	791	0.4554	6.62921142578	1	1	coding
ENST00000544743.1	60	0.44299	7.80889892578	-1	0.0369697	noncoding
ENST00000540667.5	118	0.43783	11.2363891602	1	0.663435	coding
ENST00000710358.1	118	0.3591	11.2363891602	1	0.264892	noncoding
ENST00000309083.8	118	0.36768	11.2363891602	1	0.296409	noncoding
ENST00000389462.8	105	0.41803	11.0014038086	1	0.418159	noncoding
ENST00000359478.7	174	0.34507	5.63702392578	1	0.961793	coding
ENST00000396549.6	164	0.33451	5.62030029297	1	0.922711	coding
ENST00000544211.5	129	0.40387	4.79888916016	1	0.913239	coding
ENST00000538694.5	86	0.44612	10.6228637695	1	0.352851	noncoding
ENST00000537009.5	139	0.44996	4.83734130859	1	0.970352	coding
ENST00000538107.5	76	0.44418	3.73065185547	1	0.516865	coding
ENST00000537128.1	87	0.43083	3.85699462891	1	0.654592	coding
ENST00000446597.6	1052	0.47523	5.59722900391	1	1	coding
ENST00000333957.8	1001	0.48508	5.47247314453	1	1	coding
ENST00000542676.5	1052	0.47319	5.59722900391	1	1	coding
ENST00000545552.5	1055	0.50268	5.85760498047	1	1	coding
ENST00000539615.1	276	0.43308	6.52362060547	-1	0.452387	noncoding
ENST00000543888.1	63	0.39754	9.85784912109	-1	0.106927	noncoding
ENST00000540245.5	100	0.38628	7.65655517578	-1	0.0684966	noncoding
ENST00000538142.5	120	0.40677	7.49810791016	-1	0.0761279	noncoding
ENST00000422622.3	141	0.33674	8.00445556641	1	0.532636	coding
ENST00000242729.7	244	0.35756	8.12188720703	1	0.996415	coding
ENST00000473753.2	72	0.31129	6.79754638672	1	0.0423314	noncoding
ENST00000617468.1	90	0.30633	9.02349853516	1	0.0722741	noncoding
ENST00000361418.10	1675	0.48191	6.04522705078	1	1	coding
ENST00000636569.1	1566	0.4537	6.16802978516	1	1	coding
ENST00000361961.7	1662	0.48851	6.04168701172	1	1	coding
ENST00000551264.5	620	0.47885	5.32183837891	1	1	coding
ENST00000544797.6	1638	0.44036	6.13287353516	1	1	coding
ENST00000541463.6	1622	0.44264	5.96710205078	1	1	coding
ENST00000547108.5	455	0.45234	9.19696044922	1	1	coding
ENST00000546842.5	361	0.36208	5.48101806641	-1	0.643923	coding
ENST00000553200.1	137	0.29457	10.2997436523	-1	0.14622	noncoding
ENST00000549102.1	83	0.44992	6.38360595703	1	0.263623	noncoding
ENST00000478250.1	326	0.36666	4.96148681641	1	0.999999	coding
ENST00000243050.5	599	0.4007	6.82025146484	1	1	coding
ENST00000550763.1	148	0.38989	5.20562744141	-1	0.0891058	noncoding
ENST00000394825.6	599	0.42292	6.82025146484	1	1	coding
ENST00000548232.1	326	0.38548	4.96148681641	1	0.999999	coding
ENST00000562373.1	184	0.45497	4.12994384766	-1	0.316425	noncoding
ENST00000550557.1	326	0.28953	4.96148681641	1	0.999974	coding
ENST00000564201.1	72	0.38594	11.8787231445	1	0.0724385	noncoding
ENST00000550339.1	88	0.3801	11.4135131836	1	0.13549	noncoding
ENST00000565848.1	95	0.40483	10.2216186523	-1	0.143961	noncoding
ENST00000553310.6	163	0.29701	11.9284057617	-1	0.0740583	noncoding
ENST00000423955.7	487	0.40924	5.56402587891	1	1	coding
ENST00000293525.5	487	0.42692	5.56402587891	1	1	coding
ENST00000546655.1	55	0.3349	5.13067626953	-1	0.0321697	noncoding
ENST00000534842.1	558	0.44434	8.63275146484	1	1	coding
ENST00000329548.5	451	0.41247	7.95928955078	1	1	coding
ENST00000552097.1	124	0.445	8.70269775391	-1	0.110885	noncoding
ENST00000411731.6	184	0.47559	5.28375244141	1	0.997986	coding
ENST00000549672.6	187	0.43967	5.61334228516	1	0.99779	coding
ENST00000267101.8	1343	0.40795	6.10614013672	1	1	coding
ENST00000684500.1	700	0.40517	5.74310302734	1	1	coding
ENST00000550070.6	608	0.38094	5.33587646484	1	1	coding
ENST00000553131.5	584	0.4153	5.26116943359	1	1	coding
ENST00000683142.1	439	0.40414	4.95721435547	1	1	coding
ENST00000549832.1	463	0.40648	4.92901611328	1	1	coding
ENST00000549318.5	263	0.45263	6.54754638672	-1	0.445245	noncoding
ENST00000547423.5	105	0.35853	7.74322509766	-1	0.0882992	noncoding
ENST00000548360.1	82	0.33887	6.70550537109	-1	0.0660163	noncoding
ENST00000554643.5	318	0.46135	8.93585205078	1	0.999998	coding
ENST00000556650.5	75	0.42857	7.80889892578	-1	0.0461795	noncoding
ENST00000554150.5	318	0.46257	8.93585205078	1	0.999998	coding
ENST00000556481.5	34	0.35653	10.7366333008	1	0.0167403	noncoding
ENST00000554155.1	88	0.41666	6.71771240234	-1	0.0424854	noncoding
ENST00000322165.1	318	0.4593	8.93585205078	1	0.999998	coding
ENST00000556875.5	69	0.38999	7.81683349609	1	0.0625758	noncoding
ENST00000548887.5	148	0.3719	6.27337646484	-1	0.0940598	noncoding
ENST00000355673.8	1004	0.37217	9.72296142578	1	1	coding
ENST00000546632.1	67	0.38543	12.067199707	1	0.055926	noncoding
ENST00000552255.5	45	0.35954	4.86773681641	-1	0.0200345	noncoding
ENST00000547545.1	504	0.37584	9.76434326172	1	1	coding
ENST00000548550.1	0	0.37743	0.0	-1	7.98381e-06	noncoding
ENST00000552163.1	108	0.36762	6.07196044922	1	0.402529	noncoding
ENST00000547844.1	60	0.35907	8.90667724609	1	0.0334076	noncoding
ENST00000333972.11	620	0.44633	5.51947021484	1	1	coding
ENST00000286494.9	581	0.42517	6.19427490234	1	1	coding
ENST00000616622.1	475	0.44933	5.51055908203	1	1	coding
ENST00000471370.5	286	0.42277	8.55914306641	1	0.999956	coding
ENST00000469072.5	191	0.46917	8.71697998047	-1	0.250884	noncoding
ENST00000466399.1	185	0.43362	8.56805419922	-1	0.196998	noncoding
ENST00000228705.7	515	0.30121	6.13555908203	1	1	coding
ENST00000551214.5	166	0.44752	5.66156005859	-1	0.150426	noncoding
ENST00000548414.5	19	0.45702	11.0127563477	1	0.0232574	noncoding
ENST00000266718.5	339	0.3577	6.15606689453	1	0.999997	coding
ENST00000548071.1	59	0.29434	8.44683837891	1	0.0224756	noncoding
ENST00000546642.1	70	0.46813	8.83734130859	1	0.190657	noncoding
ENST00000052754.10	360	0.33666	8.75054931641	1	0.999917	coding
ENST00000425043.5	213	0.39896	6.64007568359	1	0.998049	coding
ENST00000393155.6	213	0.39068	9.43804931641	1	0.989458	coding
ENST00000552962.5	360	0.43254	8.75054931641	1	0.999999	coding
ENST00000547568.6	213	0.38027	6.64007568359	1	0.996694	coding
ENST00000547937.5	179	0.45727	6.82720947266	-1	0.16958	noncoding
ENST00000552145.5	178	0.46765	6.82720947266	-1	0.174005	noncoding
ENST00000550563.5	174	0.46252	6.82720947266	-1	0.161671	noncoding
ENST00000549513.5	119	0.46573	5.02960205078	-1	0.0902801	noncoding
ENST00000500986.6	108	0.35144	9.24298095703	1	0.220189	noncoding
ENST00000668485.1	70	0.30788	5.72637939453	1	0.0546192	noncoding
ENST00000499137.6	83	0.32091	9.87359619141	1	0.0676637	noncoding
ENST00000662875.1	83	0.41203	9.87359619141	1	0.190131	noncoding
ENST00000547845.5	43	0.40637	6.81829833984	1	0.0175441	noncoding
ENST00000551626.1	43	0.36272	6.81829833984	1	0.0124439	noncoding
ENST00000333003.10	604	0.35697	5.89215087891	1	1	coding
ENST00000552861.5	185	0.35784	8.52838134766	1	0.927839	coding
ENST00000549617.1	87	0.34703	5.59222412109	1	0.15959	noncoding
ENST00000546416.5	120	0.40512	5.58551025391	-1	0.0611335	noncoding
ENST00000547594.5	183	0.4445	5.16278076172	1	0.998028	coding
ENST00000552484.1	47	0.41297	7.78656005859	1	0.0237462	noncoding
ENST00000622476.4	435	0.45414	6.23468017578	1	1	coding
ENST00000393101.7	468	0.45512	5.82586669922	1	1	coding
ENST00000330677.7	484	0.45369	6.06744384766	1	1	coding
ENST00000266736.7	427	0.44714	6.14471435547	1	1	coding
ENST00000548310.1	318	0.4507	6.27520751953	1	0.999999	coding
ENST00000553023.1	40	0.43752	11.2509155273	1	0.0459796	noncoding
ENST00000549171.1	175	0.43876	5.97723388672	-1	0.155687	noncoding
ENST00000612117.4	81	0.34225	9.57000732422	1	0.0747409	noncoding
ENST00000552457.1	81	0.31859	9.57000732422	1	0.0605827	noncoding
ENST00000443585.6	81	0.36411	9.57000732422	1	0.0942	noncoding
ENST00000546866.1	63	0.34251	9.74957275391	1	0.0387127	noncoding
ENST00000548336.1	81	0.38403	9.57000732422	1	0.118995	noncoding
ENST00000361948.8	432	0.39994	7.67071533203	1	1	coding
ENST00000552912.5	677	0.43036	8.90277099609	1	1	coding
ENST00000242591.10	677	0.45617	8.90277099609	1	1	coding
ENST00000546374.5	366	0.39734	8.35748291016	-1	0.560087	coding
ENST00000550156.5	624	0.43758	8.97308349609	1	1	coding
ENST00000551273.1	86	0.39957	9.84588623047	1	0.181486	noncoding
ENST00000548673.6	622	0.45304	4.93780517578	1	1	coding
ENST00000397558.6	574	0.46936	4.92999267578	1	1	coding
ENST00000546420.5	277	0.47483	5.18316650391	1	0.999997	coding
ENST00000546861.2	84	0.39138	4.72235107422	1	0.322756	noncoding
ENST00000550245.1	47	0.35687	8.05804443359	1	0.0155055	noncoding
ENST00000546790.1	151	0.42789	4.68035888672	-1	0.126843	noncoding
ENST00000550197.1	123	0.42772	8.84820556641	1	0.715529	coding
ENST00000546460.1	65	0.44408	4.90911865234	1	0.167085	noncoding
ENST00000546502.1	57	0.31829	9.89874267578	1	0.028182	noncoding
ENST00000546857.1	110	0.33258	9.42193603516	1	0.185013	noncoding
ENST00000392514.9	318	0.46018	5.71563720703	1	1	coding
ENST00000549098.5	279	0.44238	5.51397705078	1	0.999996	coding
ENST00000550856.5	247	0.44977	9.11358642578	-1	0.391413	noncoding
ENST00000261819.8	756	0.4641	6.39520263672	1	1	coding
ENST00000535641.5	320	0.34961	7.18426513672	1	0.999953	coding
ENST00000534976.5	220	0.43584	5.89984130859	1	0.999676	coding
ENST00000541887.5	743	0.4564	6.39520263672	1	1	coding
ENST00000535482.1	422	0.43413	8.30255126953	1	1	coding
ENST00000544314.5	358	0.44077	7.22686767578	1	1	coding
ENST00000538334.1	102	0.33686	9.33502197266	1	0.149338	noncoding
ENST00000541652.5	218	0.46637	5.04925537109	1	0.99984	coding
ENST00000536416.5	153	0.45136	4.90936279297	1	0.987976	coding
ENST00000376874.9	404	0.47124	5.13275146484	1	1	coding
ENST00000636882.1	387	0.46904	5.02056884766	1	1	coding
ENST00000340724.6	284	0.48272	5.69854736328	1	0.999997	coding
ENST00000544468.1	77	0.43902	6.90838623047	1	0.167649	noncoding
ENST00000623184.1	79	0.32005	8.27435302734	1	0.0520315	noncoding
ENST00000700716.1	88	0.31	10.1420288086	1	0.0735478	noncoding
ENST00000700717.1	86	0.33515	5.28448486328	1	0.158228	noncoding
ENST00000700718.1	68	0.29624	5.65374755859	1	0.0534983	noncoding
ENST00000691775.2	69	0.36904	6.53533935547	1	0.0570436	noncoding
ENST00000424756.2	96	0.35239	8.43646240234	1	0.143569	noncoding
ENST00000700879.1	96	0.3208	8.43646240234	1	0.101599	noncoding
ENST00000701043.1	79	0.33301	6.06719970703	1	0.0800714	noncoding
ENST00000700720.1	107	0.33936	9.81280517578	1	0.180608	noncoding
ENST00000429698.3	139	0.3508	6.89495849609	1	0.662855	coding
ENST00000690064.2	53	0.43801	9.23712158203	1	0.0593099	noncoding
ENST00000692136.1	111	0.4071	9.59429931641	1	0.465892	noncoding
ENST00000700979.1	67	0.35107	9.35430908203	1	0.0455123	noncoding
ENST00000688382.1	92	0.37958	6.79864501953	1	0.195829	noncoding
ENST00000434100.5	96	0.38792	9.38714599609	1	0.225989	noncoding
ENST00000649209.1	143	0.33091	8.45208740234	1	0.5	coding
ENST00000687945.2	139	0.41232	6.89495849609	1	0.87006	coding
ENST00000692717.1	67	0.41854	9.35430908203	1	0.0950697	noncoding
ENST00000701112.1	93	0.43478	9.36480712891	1	0.356795	noncoding
ENST00000688513.1	66	0.35409	9.16156005859	1	0.0434615	noncoding
ENST00000685124.1	53	0.44662	9.23712158203	1	0.0667833	noncoding
ENST00000688575.1	49	0.30188	9.03179931641	1	0.0172435	noncoding
ENST00000335327.6	503	0.3862	5.99871826172	1	1	coding
ENST00000361042.8	500	0.3862	6.21929931641	1	1	coding
ENST00000474320.1	105	0.43093	10.0612182617	1	0.51084	coding
ENST00000379221.4	151	0.36064	10.0830688477	1	0.650446	coding
ENST00000355854.8	338	0.37705	8.48956298828	1	0.999982	coding
ENST00000409308.6	338	0.37705	8.48956298828	1	0.999982	coding
ENST00000457041.5	188	0.47644	8.35357666016	-1	0.233302	noncoding
ENST00000664199.1	79	0.33418	8.95880126953	1	0.0606107	noncoding
ENST00000596992.5	31	0.3035	4.21881103516	1	0.0164409	noncoding
ENST00000673853.1	112	0.31985	9.35736083984	1	0.169327	noncoding
ENST00000659913.1	43	0.33105	6.12738037109	1	0.0121942	noncoding
ENST00000629989.2	43	0.35339	6.12738037109	1	0.013138	noncoding
ENST00000454605.5	26	0.33711	9.97650146484	1	0.00987588	noncoding
ENST00000593750.5	26	0.4553	9.97650146484	1	0.0233879	noncoding
ENST00000593369.5	56	0.34032	9.51666259766	1	0.0278373	noncoding
ENST00000594244.1	45	0.38516	9.69244384766	1	0.0247588	noncoding
ENST00000625818.1	38	0.31932	7.81024169922	1	0.00880208	noncoding
ENST00000683975.1	154	0.41778	6.37176513672	1	0.958194	coding
ENST00000376250.6	154	0.41454	6.37176513672	1	0.955726	coding
ENST00000471912.1	26	0.40931	10.9032592773	-1	0.123785	noncoding
ENST00000611712.4	912	0.44496	8.17144775391	1	1	coding
ENST00000405925.2	912	0.43521	8.17144775391	1	1	coding
ENST00000442234.6	912	0.44663	8.17144775391	1	1	coding
ENST00000614526.2	845	0.44868	7.74237060547	1	1	coding
ENST00000692222.1	912	0.39192	8.17144775391	1	1	coding
ENST00000688455.1	912	0.47732	8.17144775391	1	1	coding
ENST00000686913.1	912	0.44868	8.17144775391	1	1	coding
ENST00000687164.1	912	0.43893	8.17144775391	1	1	coding
ENST00000688396.1	912	0.47732	8.17144775391	1	1	coding
ENST00000686926.1	912	0.44201	8.17144775391	1	1	coding
ENST00000686204.1	912	0.43227	8.17144775391	1	1	coding
ENST00000673682.1	123	0.37187	5.25897216797	1	0.740835	coding
ENST00000418511.6	218	0.40982	6.70745849609	1	0.99887	coding
ENST00000556585.3	218	0.45026	6.70745849609	1	0.999509	coding
ENST00000554844.1	65	0.44642	9.68231201172	1	0.136776	noncoding
ENST00000555314.1	87	0.44521	9.96893310547	-1	0.121865	noncoding
ENST00000547074.1	87	0.3983	9.42706298828	1	0.180914	noncoding
ENST00000548162.2	504	0.44563	6.30279541016	1	1	coding
ENST00000311852.11	583	0.40663	7.62847900391	1	1	coding
ENST00000548761.1	194	0.40809	10.2161254883	-1	0.249329	noncoding
ENST00000547596.1	72	0.34186	6.70843505859	1	0.0503955	noncoding
ENST00000397359.7	820	0.44971	4.64739990234	1	1	coding
ENST00000485922.2	393	0.39454	4.59820556641	1	1	coding
ENST00000487137.7	782	0.44723	4.63140869141	1	1	coding
ENST00000554034.5	782	0.46271	4.63140869141	1	1	coding
ENST00000357460.7	551	0.34544	4.86431884766	1	1	coding
ENST00000561013.3	553	0.37822	5.11517333984	1	1	coding
ENST00000673724.1	440	0.46208	4.74200439453	1	1	coding
ENST00000558278.1	46	0.36705	6.00323486328	1	0.0175916	noncoding
ENST00000554411.6	220	0.44198	9.00897216797	1	0.998799	coding
ENST00000336557.9	220	0.30233	9.00897216797	1	0.886224	coding
ENST00000258807.5	220	0.43635	9.00897216797	1	0.998581	coding
ENST00000555471.1	29	0.34883	9.30230712891	1	0.00895598	noncoding
ENST00000331968.11	913	0.45499	6.16412353516	1	1	coding
ENST00000616995.5	817	0.46701	6.22161865234	1	1	coding
ENST00000691338.1	90	0.4494	5.10894775391	1	0.5	coding
ENST00000691517.1	507	0.4756	6.58367919922	1	1	coding
ENST00000651571.1	748	0.47285	6.52508544922	1	1	coding
ENST00000415220.6	921	0.45294	6.11907958984	1	1	coding
ENST00000546371.1	154	0.3628	7.75103759766	1	0.804241	coding
ENST00000468370.5	174	0.32268	9.91119384766	1	0.644086	coding
ENST00000280979.9	2320	0.42739	4.89691162109	1	1	coding
ENST00000557354.5	1076	0.44007	4.98931884766	1	1	coding
ENST00000557102.1	108	0.4689	4.56329345703	-1	0.0884493	noncoding
ENST00000557272.1	1246	0.46049	5.24652099609	1	1	coding
ENST00000554449.1	115	0.35562	4.48870849609	1	0.695623	coding
ENST00000554740.1	70	0.38592	10.1774291992	1	0.0812143	noncoding
ENST00000555574.1	93	0.38248	4.21697998047	1	0.519973	coding
ENST00000457354.7	281	0.28411	4.91448974609	1	0.999733	coding
ENST00000556683.1	197	0.34628	5.55718994141	1	0.990609	coding
ENST00000559087.5	409	0.41164	8.97052001953	1	1	coding
ENST00000245451.9	409	0.42305	8.97052001953	1	1	coding
ENST00000417573.5	409	0.44592	8.97052001953	1	1	coding
ENST00000558984.1	409	0.41488	8.97052001953	1	1	coding
ENST00000559501.1	271	0.43279	9.92376708984	-1	0.432839	noncoding
ENST00000558961.1	67	0.41162	11.9236450195	1	0.0824755	noncoding
ENST00000558489.1	80	0.34507	10.0724487305	1	0.0770694	noncoding
ENST00000554364.1	72	0.43585	4.36907958984	-1	0.0375185	noncoding
ENST00000395468.9	246	0.34394	5.30462646484	1	0.999528	coding
ENST00000556515.1	27	0.46607	9.78204345703	1	0.0270815	noncoding
ENST00000325642.7	456	0.44432	6.69122314453	1	1	coding
ENST00000531143.6	383	0.44022	5.19049072266	1	1	coding
ENST00000532036.2	165	0.34876	10.1937866211	1	0.702069	coding
ENST00000395076.9	383	0.32244	5.19049072266	1	1	coding
ENST00000325658.3	325	0.36263	5.49603271484	1	0.999997	coding
ENST00000525399.2	187	0.41527	7.77069091797	-1	0.168219	noncoding
ENST00000621525.4	183	0.48136	5.80316162109	1	0.997079	coding
ENST00000618385.1	49	0.39077	8.49627685547	1	0.0239006	noncoding
ENST00000555028.7	117	0.36161	4.88665771484	1	0.680834	coding
ENST00000554076.5	152	0.44509	4.63946533203	1	0.989359	coding
ENST00000298912.9	1003	0.32005	4.84356689453	1	1	coding
ENST00000557215.5	48	0.41512	4.41229248047	1	0.0677836	noncoding
ENST00000556454.1	693	0.46993	4.64007568359	1	1	coding
ENST00000556416.1	76	0.32305	11.1857299805	1	0.0568667	noncoding
ENST00000555336.6	132	0.46114	9.62652587891	-1	0.169953	noncoding
ENST00000392882.7	472	0.38007	5.82720947266	1	1	coding
ENST00000358655.8	431	0.35957	6.02703857422	1	1	coding
ENST00000355338.6	472	0.38523	5.82720947266	1	1	coding
ENST00000344102.9	431	0.38551	6.02703857422	1	1	coding
ENST00000554331.5	182	0.46653	6.30157470703	1	0.996305	coding
ENST00000557239.5	107	0.45386	4.36322021484	1	0.843122	coding
ENST00000557094.5	106	0.48448	4.41119384766	-1	0.0959914	noncoding
ENST00000553769.6	104	0.48237	4.41119384766	-1	0.0922692	noncoding
ENST00000555031.5	55	0.39109	6.09051513672	-1	0.0254611	noncoding
ENST00000286918.9	318	0.30344	9.59136962891	1	0.993035	coding
ENST00000559651.1	318	0.39703	9.59136962891	1	0.999947	coding
ENST00000560748.5	318	0.38631	9.59136962891	1	0.999911	coding
ENST00000559404.5	259	0.37057	9.81915283203	-1	0.260579	noncoding
ENST00000263805.8	1884	0.43136	6.72930908203	1	1	coding
ENST00000564754.7	1907	0.408	6.86407470703	1	1	coding
ENST00000565380.5	1112	0.42186	6.38031005859	1	1	coding
ENST00000565500.5	849	0.44441	6.83782958984	1	1	coding
ENST00000567772.2	165	0.43125	5.12567138672	1	0.992621	coding
ENST00000562188.7	356	0.32785	5.88616943359	1	0.999996	coding
ENST00000428046.7	329	0.34419	5.82122802734	1	0.999992	coding
ENST00000389651.8	268	0.45744	6.09979248047	1	0.999988	coding
ENST00000565555.1	39	0.29644	11.4196166992	1	0.0225917	noncoding
ENST00000563551.1	36	0.42787	9.77716064453	1	0.025143	noncoding
ENST00000610420.4	268	0.4797	6.09979248047	1	0.999989	coding
ENST00000396976.6	853	0.36432	6.55389404297	1	1	coding
ENST00000684362.1	853	0.35748	6.55389404297	1	1	coding
ENST00000566849.5	364	0.45077	8.37542724609	1	1	coding
ENST00000563508.1	65	0.41284	4.28009033203	1	0.198581	noncoding
ENST00000434505.5	418	0.42279	8.59515380859	1	1	coding
ENST00000411750.5	148	0.44817	6.95697021484	-1	0.106931	noncoding
ENST00000457648.1	100	0.34844	5.34588623047	-1	0.0519535	noncoding
ENST00000413453.7	418	0.42859	8.59515380859	1	1	coding
ENST00000479938.1	95	0.31626	5.32061767578	1	0.211523	noncoding
ENST00000674405.1	253	0.31056	7.62066650391	1	0.990453	coding
ENST00000558789.5	101	0.4083	9.20660400391	1	0.345845	noncoding
ENST00000559230.5	279	0.38791	8.00238037109	1	0.999836	coding
ENST00000267814.14	358	0.31924	8.22625732422	1	0.999867	coding
ENST00000558580.1	337	0.44843	7.96002197266	1	0.999999	coding
ENST00000558574.2	85	0.29054	6.04608154297	1	0.0973682	noncoding
ENST00000561133.5	148	0.43977	8.82635498047	-1	0.147104	noncoding
ENST00000561106.1	61	0.41034	7.70953369141	-1	0.0399745	noncoding
ENST00000536845.7	1074	0.41466	8.76983642578	1	1	coding
ENST00000389425.7	477	0.44237	7.55267333984	1	1	coding
ENST00000354744.8	1018	0.41466	8.85589599609	1	1	coding
ENST00000358066.8	1012	0.41714	8.82330322266	1	1	coding
ENST00000389428.7	999	0.41466	8.89703369141	1	1	coding
ENST00000558431.1	124	0.43744	6.04852294922	1	0.842181	coding
ENST00000560006.1	145	0.45486	6.08306884766	-1	0.106881	noncoding
ENST00000558498.5	272	0.31905	9.70562744141	1	0.982629	coding
ENST00000284509.11	1193	0.46538	6.55731201172	1	1	coding
ENST00000559726.5	1066	0.44488	6.43878173828	1	1	coding
ENST00000559829.5	1193	0.47554	6.55731201172	1	1	coding
ENST00000558906.5	1003	0.47531	6.51226806641	1	1	coding
ENST00000560354.1	108	0.44154	9.74188232422	-1	0.134626	noncoding
ENST00000558458.1	50	0.43851	5.43328857422	1	0.050547	noncoding
ENST00000674213.1	346	0.4633	7.56683349609	1	1	coding
ENST00000338963.6	1248	0.438	6.18988037109	1	1	coding
ENST00000435532.8	901	0.44806	5.66986083984	1	1	coding
ENST00000648451.1	754	0.4342	5.34759521484	1	1	coding
ENST00000507063.1	52	0.48375	3.79779052734	-1	0.0467425	noncoding
ENST00000508075.1	195	0.40659	9.90960693359	-1	0.239874	noncoding
ENST00000559831.6	219	0.40129	4.76934814453	1	0.999739	coding
ENST00000288398.10	285	0.44576	4.69451904297	1	0.999999	coding
ENST00000358278.7	285	0.42128	4.71990966797	1	0.999998	coding
ENST00000560131.2	125	0.42935	4.76519775391	1	0.922381	coding
ENST00000267996.11	285	0.44226	4.69842529297	1	0.999999	coding
ENST00000558868.6	156	0.36382	8.78973388672	1	0.776195	coding
ENST00000404484.9	249	0.44733	4.77801513672	1	0.999984	coding
ENST00000558910.3	249	0.47895	4.73663330078	1	0.999983	coding
ENST00000558544.5	159	0.36754	4.72100830078	1	0.973043	coding
ENST00000560615.6	159	0.45501	4.72100830078	1	0.993134	coding
ENST00000557789.5	175	0.31804	7.67449951172	1	0.802325	coding
ENST00000325881.9	194	0.37149	9.59857177734	1	0.948964	coding
ENST00000561334.1	153	0.28158	11.6217651367	1	0.178853	noncoding
ENST00000558466.5	121	0.40767	10.1289672852	1	0.584213	coding
ENST00000560607.5	153	0.40877	11.6217651367	1	0.780621	coding
ENST00000300026.4	217	0.48945	9.42083740234	1	0.999585	coding
ENST00000680158.1	124	0.47059	9.81854248047	1	0.879267	coding
ENST00000558492.1	120	0.40239	9.99542236328	-1	0.15636	noncoding
ENST00000300035.9	112	0.33662	9.84722900391	1	0.203677	noncoding
ENST00000380258.6	66	0.35465	11.0404663086	1	0.0525876	noncoding
ENST00000559519.5	85	0.37554	9.19879150391	1	0.123192	noncoding
ENST00000558008.3	116	0.40546	10.0653686523	1	0.514437	coding
ENST00000558043.5	45	0.43802	9.78326416016	1	0.0457477	noncoding
ENST00000560234.1	92	0.44908	9.89617919922	1	0.432236	noncoding
ENST00000558250.1	76	0.3635	10.7991333008	1	0.0814404	noncoding
ENST00000288840.10	497	0.36978	8.45843505859	1	1	coding
ENST00000612349.1	345	0.27474	9.47796630859	1	0.987641	coding
ENST00000557916.5	339	0.3183	8.30328369141	1	0.999659	coding
ENST00000559931.5	108	0.4116	8.68487548828	-1	0.0932254	noncoding
ENST00000558937.1	134	0.3485	7.09661865234	-1	0.104095	noncoding
ENST00000542035.2	213	0.39149	5.60333251953	1	0.998927	coding
ENST00000564082.1	174	0.34494	9.13616943359	-1	0.17648	noncoding
ENST00000340912.6	213	0.28467	5.60333251953	1	0.983274	coding
ENST00000563671.5	140	0.39245	5.30413818359	1	0.922501	coding
ENST00000563119.5	199	0.33218	8.54388427734	1	0.9186	coding
ENST00000357635.10	199	0.34086	8.54388427734	1	0.936461	coding
ENST00000569524.5	74	0.34086	11.9264526367	1	0.0512121	noncoding
ENST00000566894.1	106	0.30989	8.24029541016	1	0.133837	noncoding
ENST00000563069.5	149	0.37514	10.9313354492	1	0.646227	coding
ENST00000570143.5	74	0.39656	11.9264526367	1	0.0865853	noncoding
ENST00000566194.5	88	0.4725	11.942199707	1	0.5	coding
ENST00000564857.1	106	0.39339	8.24029541016	1	0.347797	noncoding
ENST00000562698.5	168	0.41392	9.46844482422	-1	0.191859	noncoding
ENST00000308527.6	575	0.32542	6.30120849609	1	1	coding
ENST00000569152.1	188	0.40509	6.44500732422	1	0.993204	coding
ENST00000559785.5	418	0.41062	7.54241943359	1	1	coding
ENST00000559795.5	82	0.36385	8.68365478516	1	0.0910839	noncoding
ENST00000558012.6	417	0.46419	5.34552001953	1	1	coding
ENST00000379595.7	414	0.48077	5.34552001953	1	1	coding
ENST00000697622.1	172	0.30929	4.57073974609	1	0.966636	coding
ENST00000559750.5	137	0.34485	9.46258544922	1	0.457086	noncoding
ENST00000697623.1	205	0.38182	4.39337158203	1	0.999255	coding
ENST00000559161.5	208	0.39852	9.08160400391	-1	0.226731	noncoding
ENST00000559859.5	145	0.40369	9.11297607422	-1	0.146509	noncoding
ENST00000557995.1	178	0.46638	4.23883056641	1	0.998689	coding
ENST00000558870.1	75	0.43375	6.01995849609	-1	0.0327091	noncoding
ENST00000560064.1	116	0.42876	4.61248779297	1	0.878675	coding
ENST00000407106.5	420	0.4045	6.45599365234	1	1	coding
ENST00000537726.5	175	0.36803	9.49932861328	1	0.884683	coding
ENST00000558767.6	161	0.36644	6.17254638672	1	0.932761	coding
ENST00000261755.9	420	0.4626	6.45599365234	1	1	coding
ENST00000561369.1	175	0.34895	9.49932861328	1	0.818204	coding
ENST00000682012.1	187	0.35389	7.05926513672	1	0.961095	coding
ENST00000561421.6	420	0.46901	6.45599365234	1	1	coding
ENST00000684569.1	203	0.44654	7.05682373047	1	0.998409	coding
ENST00000539156.5	350	0.38268	6.74993896484	1	0.999999	coding
ENST00000558514.1	39	0.46116	4.02545166016	1	0.0565619	noncoding
ENST00000394588.3	155	0.36671	10.8994750977	1	0.654691	coding
ENST00000360476.8	122	0.41861	11.8677368164	1	0.514609	coding
ENST00000627716.2	82	0.40691	8.65753173828	1	0.152303	noncoding
ENST00000424398.6	281	0.40572	9.11236572266	1	0.999841	coding
ENST00000633923.1	142	0.38754	9.49053955078	-1	0.157711	noncoding
ENST00000219481.10	293	0.41865	9.38226318359	1	0.99994	coding
ENST00000633025.1	82	0.33869	8.65753173828	1	0.0697906	noncoding
ENST00000461802.1	77	0.35029	10.286315918	-1	0.15998	noncoding
ENST00000465166.1	164	0.38239	11.3341674805	1	0.764266	coding
ENST00000614890.4	185	0.43368	6.28546142578	1	0.995777	coding
ENST00000338401.8	108	0.43756	6.82281494141	1	0.59015	coding
ENST00000397666.6	206	0.40355	7.17510986328	1	0.996354	coding
ENST00000301686.13	205	0.44626	7.71197509766	1	0.998208	coding
ENST00000448973.6	148	0.28876	7.68792724609	1	0.427948	noncoding
ENST00000397664.8	128	0.44451	5.87432861328	1	0.889849	coding
ENST00000568077.5	104	0.42799	6.81134033203	1	0.5	coding
ENST00000456420.6	85	0.37706	10.8516235352	1	0.129978	noncoding
ENST00000397665.6	186	0.42958	6.34161376953	1	0.995618	coding
ENST00000568830.1	174	0.40837	7.15557861328	-1	0.135153	noncoding
ENST00000619377.1	156	0.30076	5.68927001953	1	0.812169	coding
ENST00000307650.9	161	0.38488	9.49957275391	1	0.862935	coding
ENST00000491999.5	76	0.31443	9.38031005859	-1	0.157636	noncoding
ENST00000474840.5	76	0.26835	11.3814086914	1	0.053631	noncoding
ENST00000615744.4	73	0.28415	11.8279418945	1	0.0461131	noncoding
ENST00000619674.1	100	0.31945	8.25286865234	1	0.117691	noncoding
ENST00000575894.1	195	0.29914	7.55096435547	1	0.867949	coding
ENST00000442039.3	133	0.31491	6.51324462891	1	0.489446	noncoding
ENST00000563974.1	66	0.32271	5.27081298828	1	0.0549542	noncoding
ENST00000396878.8	460	0.36964	6.48065185547	1	1	coding
ENST00000576416.5	460	0.40448	6.48065185547	1	1	coding
ENST00000576863.1	205	0.31681	9.49774169922	1	0.847476	coding
ENST00000572647.5	302	0.38129	9.97271728516	1	0.999658	coding
ENST00000574575.2	205	0.38719	9.49774169922	1	0.9821	coding
ENST00000427587.9	331	0.46982	5.70281982422	1	1	coding
ENST00000458008.8	297	0.44684	6.09234619141	1	0.999998	coding
ENST00000585436.5	94	0.44956	10.869934082	1	0.47281	noncoding
ENST00000587161.5	231	0.46599	5.38494873047	1	0.999916	coding
ENST00000587608.1	75	0.43426	6.27301025391	1	0.163017	noncoding
ENST00000587133.1	270	0.47277	5.23529052734	1	0.999995	coding
ENST00000585975.5	160	0.33838	5.86444091797	1	0.896624	coding
ENST00000586444.1	95	0.43226	6.06585693359	-1	0.0448493	noncoding
ENST00000300036.6	1973	0.43263	5.42303466797	1	1	coding
ENST00000452625.7	1946	0.43542	5.43963623047	1	1	coding
ENST00000573908.1	61	0.39747	11.1434936523	1	0.0653776	noncoding
ENST00000676846.1	1223	0.45193	5.44342041016	1	1	coding
ENST00000399336.9	1223	0.4882	5.44342041016	1	1	coding
ENST00000678080.1	840	0.43763	5.60296630859	1	1	coding
ENST00000679086.1	1080	0.48502	5.17242431641	1	1	coding
ENST00000677260.1	1177	0.46777	5.57342529297	1	1	coding
ENST00000678148.1	994	0.47325	5.42791748047	1	1	coding
ENST00000574157.5	206	0.41779	4.68255615234	-1	0.260131	noncoding
ENST00000572932.1	197	0.43969	4.79351806641	1	0.999415	coding
ENST00000573635.1	119	0.3371	9.51702880859	1	0.257657	noncoding
ENST00000570732.2	82	0.31264	11.0723266602	1	0.0632723	noncoding
ENST00000570346.1	28	0.32451	9.19915771484	1	0.00817994	noncoding
ENST00000396083.7	354	0.35371	8.01385498047	1	0.999983	coding
ENST00000381337.6	440	0.3658	9.01495361328	1	1	coding
ENST00000570231.1	207	0.43119	8.89410400391	1	0.996699	coding
ENST00000565248.1	146	0.35284	6.60125732422	1	0.776581	coding
ENST00000569768.1	142	0.41311	5.60357666016	1	0.938546	coding
ENST00000563962.6	77	0.28584	8.58856201172	1	0.0422916	noncoding
ENST00000566507.2	70	0.3218	5.74176025391	1	0.0547754	noncoding
ENST00000563176.3	70	0.41443	5.74176025391	1	0.1244	noncoding
ENST00000569920.1	70	0.40544	5.74176025391	1	0.113837	noncoding
ENST00000550665.6	929	0.48169	10.2050170898	1	1	coding
ENST00000552123.1	94	0.40146	10.3123168945	1	0.25322	noncoding
ENST00000547235.5	47	0.36932	12.1412963867	-1	0.178408	noncoding
ENST00000550690.1	80	0.3783	7.81207275391	-1	0.0623543	noncoding
ENST00000686453.1	59	0.40947	12.1513061523	1	0.0534452	noncoding
ENST00000564775.4	18	0.39822	7.99884033203	1	0.00424956	noncoding
ENST00000568500.1	224	0.34063	12.3037719727	1	0.71152	coding
ENST00000570025.1	59	0.37769	5.75238037109	1	0.0447745	noncoding
ENST00000663816.1	59	0.38483	5.75238037109	1	0.0481536	noncoding
ENST00000564901.1	59	0.28658	5.75238037109	1	0.0366341	noncoding
ENST00000662645.2	59	0.34295	5.75238037109	1	0.0335598	noncoding
ENST00000565573.2	103	0.34371	9.34356689453	1	0.168026	noncoding
ENST00000665761.1	128	0.34171	9.54510498047	1	0.350776	noncoding
ENST00000658747.1	59	0.37425	5.75238037109	1	0.0432707	noncoding
ENST00000279804.3	202	0.41623	9.17572021484	1	0.99261	coding
ENST00000395019.3	201	0.41565	9.49542236328	1	0.991136	coding
ENST00000563599.5	179	0.46289	8.90875244141	-1	0.224761	noncoding
ENST00000569239.5	151	0.31929	8.48675537109	1	0.520048	coding
ENST00000219097.7	253	0.41007	8.91107177734	1	0.999476	coding
ENST00000563306.5	150	0.42972	8.89947509766	1	0.922498	coding
ENST00000568364.6	168	0.32723	8.09771728516	1	0.754136	coding
ENST00000575571.5	93	0.41008	7.80792236328	1	0.254941	noncoding
ENST00000567000.2	109	0.34895	9.34381103516	1	0.220232	noncoding
ENST00000561648.5	1285	0.40954	6.42559814453	1	1	coding
ENST00000563137.7	1293	0.41067	6.49517822266	1	1	coding
ENST00000562871.5	1225	0.46748	6.74066162109	1	1	coding
ENST00000535559.5	1168	0.46184	7.26129150391	1	1	coding
ENST00000567169.5	1168	0.46601	7.26129150391	1	1	coding
ENST00000568094.2	48	0.46534	4.74932861328	1	0.0620335	noncoding
ENST00000569842.5	881	0.47392	5.48309326172	1	1	coding
ENST00000569863.5	125	0.48028	4.48260498047	-1	0.128987	noncoding
ENST00000568656.5	178	0.43397	4.64898681641	-1	0.204967	noncoding
ENST00000564887.5	697	0.46291	5.81683349609	1	1	coding
ENST00000563437.1	164	0.36523	6.88458251953	-1	0.121801	noncoding
ENST00000563405.1	79	0.47438	9.15545654297	1	0.33217	noncoding
ENST00000563486.1	138	0.41772	6.10638427734	1	0.907912	coding
ENST00000564278.1	124	0.46356	9.84027099609	1	0.86	coding
ENST00000563465.1	68	0.44761	11.2321166992	1	0.18563	noncoding
ENST00000328514.11	139	0.31649	4.87091064453	1	0.801852	coding
ENST00000318129.6	217	0.36009	5.21063232422	1	0.998561	coding
ENST00000565726.3	483	0.42223	9.61700439453	1	1	coding
ENST00000348579.6	486	0.3659	10.3532104492	1	0.999999	coding
ENST00000566075.1	173	0.32636	11.4061889648	1	0.486571	noncoding
ENST00000562122.1	78	0.42015	9.34185791016	-1	0.0889515	noncoding
ENST00000567311.1	80	0.34611	4.74993896484	1	0.166573	noncoding
ENST00000568650.1	91	0.3333	9.65289306641	1	0.0984433	noncoding
ENST00000378611.8	389	0.39542	8.98846435547	1	0.999999	coding
ENST00000299578.10	396	0.41707	8.79010009766	1	1	coding
ENST00000444657.3	0	0.34773	0.0	-1	1.12897e-06	noncoding
ENST00000565253.1	67	0.4694	4.06048583984	-1	0.0511509	noncoding
ENST00000638948.1	31	0.45112	8.36541748047	1	0.0154111	noncoding
ENST00000564536.2	182	0.41342	6.72259521484	1	0.990397	coding
ENST00000640370.1	396	0.35244	8.79010009766	1	0.999993	coding
ENST00000602282.4	81	0.3344	9.49310302734	1	0.0688479	noncoding
ENST00000685186.1	145	0.36515	9.77874755859	1	0.634177	coding
ENST00000563270.5	54	0.44281	10.1970825195	-1	0.100343	noncoding
ENST00000567815.5	212	0.45667	11.6526489258	1	0.996199	coding
ENST00000562879.5	64	0.36631	12.1798706055	1	0.0406454	noncoding
ENST00000565571.5	155	0.41615	12.1699829102	1	0.751586	coding
ENST00000571360.5	128	0.43492	5.85211181641	-1	0.0764591	noncoding
ENST00000254722.9	419	0.45171	5.97076416016	1	1	coding
ENST00000571870.5	50	0.45096	9.00164794922	1	0.0561467	noncoding
ENST00000572048.1	99	0.43863	8.78717041016	-1	0.0859686	noncoding
ENST00000573763.1	138	0.41693	5.86859130859	-1	0.082459	noncoding
ENST00000572517.1	164	0.48574	5.47076416016	1	0.990306	coding
ENST00000674200.2	444	0.38327	8.47039794922	1	1	coding
ENST00000263083.12	444	0.38327	8.47039794922	1	1	coding
ENST00000571418.7	428	0.35707	8.00177001953	1	1	coding
ENST00000572819.6	224	0.38417	6.41619873047	1	0.998694	coding
ENST00000576129.5	153	0.45708	4.58807373047	1	0.990651	coding
ENST00000570833.5	102	0.44122	5.27484130859	-1	0.0552858	noncoding
ENST00000572214.6	128	0.36514	7.85821533203	1	0.52097	coding
ENST00000570867.6	200	0.32946	9.13470458984	1	0.890993	coding
ENST00000575998.1	76	0.36743	10.1970825195	1	0.0842362	noncoding
ENST00000571710.6	176	0.31789	9.78509521484	1	0.641975	coding
ENST00000572684.2	176	0.29638	9.78509521484	1	0.512955	coding
ENST00000575162.2	128	0.32006	7.85821533203	1	0.327084	noncoding
ENST00000263084.7	228	0.39912	6.44000244141	1	0.999324	coding
ENST00000576988.1	125	0.4597	4.74359130859	-1	0.105567	noncoding
ENST00000576570.5	75	0.36084	6.48358154297	1	0.0732092	noncoding
ENST00000573759.1	206	0.40456	5.50494384766	1	0.998894	coding
ENST00000611091.5	206	0.3734	5.50494384766	1	0.9975	coding
ENST00000574186.1	19	0.43544	9.69390869141	1	0.0109774	noncoding
ENST00000381165.3	206	0.37253	5.50494384766	1	0.997438	coding
ENST00000302386.10	118	0.37618	8.73114013672	1	0.41567	noncoding
ENST00000577035.5	86	0.44005	8.63226318359	1	0.271576	noncoding
ENST00000570856.1	86	0.42918	8.63226318359	1	0.239163	noncoding
ENST00000571253.1	51	0.36912	6.00128173828	1	0.0238977	noncoding
ENST00000573928.1	99	0.45409	9.83953857422	1	0.552421	coding
ENST00000620739.4	394	0.35661	6.33172607422	1	1	coding
ENST00000445888.6	394	0.35661	6.33172607422	1	1	coding
ENST00000269305.9	394	0.35661	6.33172607422	1	1	coding
ENST00000571370.2	140	0.29707	9.91741943359	1	0.25598	noncoding
ENST00000407006.8	147	0.44634	5.08636474609	1	0.978991	coding
ENST00000226105.11	187	0.44975	4.80401611328	1	0.99891	coding
ENST00000580434.5	119	0.44223	4.91339111328	1	0.887058	coding
ENST00000439238.3	166	0.39675	4.95733642578	1	0.989012	coding
ENST00000578849.1	66	0.38704	4.44561767578	1	0.143498	noncoding
ENST00000584797.5	188	0.42819	5.76397705078	-1	0.180388	noncoding
ENST00000498772.6	195	0.36914	6.14495849609	1	0.990923	coding
ENST00000225609.10	253	0.45695	8.27777099609	1	0.999909	coding
ENST00000585034.5	102	0.35943	5.53436279297	1	0.355454	noncoding
ENST00000463810.2	72	0.42474	6.05657958984	1	0.13637	noncoding
ENST00000613719.1	63	0.35385	10.2744750977	1	0.0454958	noncoding
ENST00000488375.2	117	0.43091	9.63726806641	1	0.658122	coding
ENST00000431149.5	95	0.34813	10.483215332	1	0.133087	noncoding
ENST00000475947.7	88	0.29836	9.82611083984	1	0.0668312	noncoding
ENST00000580180.6	80	0.29376	10.4531860352	1	0.0548294	noncoding
ENST00000660020.1	80	0.3322	10.4531860352	1	0.0696802	noncoding
ENST00000663781.2	80	0.33775	10.4531860352	1	0.0731464	noncoding
ENST00000481898.6	80	0.3424	10.4531860352	1	0.0763357	noncoding
ENST00000667979.2	80	0.2785	10.4531860352	1	0.0534286	noncoding
ENST00000584926.5	51	0.28546	6.69317626953	-1	0.109737	noncoding
ENST00000483140.7	80	0.30325	10.4531860352	1	0.0570492	noncoding
ENST00000655540.1	96	0.36571	11.6376342773	1	0.136245	noncoding
ENST00000702366.1	54	0.38941	9.09967041016	1	0.0343407	noncoding
ENST00000395825.4	762	0.32293	8.86419677734	1	1	coding
ENST00000395824.5	762	0.41745	8.86419677734	1	1	coding
ENST00000498796.1	118	0.4329	4.83782958984	-1	0.0741911	noncoding
ENST00000578303.1	37	0.36992	10.6399536133	1	0.0194809	noncoding
ENST00000448349.2	57	0.37169	10.2755737305	-1	0.137992	noncoding
ENST00000461555.1	117	0.4087	12.0507202148	1	0.372005	noncoding
ENST00000395319.7	337	0.46937	7.60516357422	1	1	coding
ENST00000395321.6	365	0.46937	6.41363525391	1	1	coding
ENST00000226253.9	365	0.46937	6.41363525391	1	1	coding
ENST00000584086.5	175	0.45957	8.38983154297	-1	0.190313	noncoding
ENST00000578590.1	122	0.45728	6.73858642578	-1	0.0742764	noncoding
ENST00000582381.1	116	0.45186	8.75933837891	1	0.727676	coding
ENST00000469090.5	238	0.38979	4.94146728516	1	0.999877	coding
ENST00000388767.8	473	0.45331	5.76971435547	1	1	coding
ENST00000459686.5	334	0.38363	8.84747314453	1	0.999977	coding
ENST00000580212.6	433	0.44995	5.46624755859	1	1	coding
ENST00000467534.6	239	0.37078	4.94146728516	1	0.999793	coding
ENST00000480954.6	238	0.41434	4.94146728516	1	0.999935	coding
ENST00000683068.1	319	0.39462	8.42633056641	-1	0.434695	noncoding
ENST00000577909.1	79	0.45744	10.5816040039	1	0.333108	noncoding
ENST00000492276.7	271	0.42405	7.67059326172	-1	0.381904	noncoding
ENST00000683607.1	227	0.42882	7.63140869141	-1	0.264422	noncoding
ENST00000683819.1	170	0.42819	9.12249755859	-1	0.188473	noncoding
ENST00000584602.1	76	0.42187	9.98345947266	1	0.164243	noncoding
ENST00000621914.4	938	0.4355	5.22113037109	1	1	coding
ENST00000610402.5	952	0.4355	5.19036865234	1	1	coding
ENST00000614600.4	677	0.44199	4.98736572266	-1	0.999507	coding
ENST00000587805.1	87	0.44624	9.39520263672	1	0.334207	noncoding
ENST00000456989.6	512	0.41872	6.58831787109	1	1	coding
ENST00000264644.10	457	0.45562	6.26934814453	1	1	coding
ENST00000538884.1	89	0.38389	9.53973388672	1	0.164561	noncoding
ENST00000620260.6	663	0.44566	5.88446044922	1	1	coding
ENST00000541245.1	62	0.46027	5.37506103516	-1	0.0297344	noncoding
ENST00000538981.1	101	0.48074	5.77520751953	-1	0.0579467	noncoding
ENST00000545893.5	393	0.46358	7.60162353516	1	1	coding
ENST00000469209.1	168	0.44936	5.18560791016	1	0.994637	coding
ENST00000496032.1	85	0.4436	10.0444946289	1	0.322397	noncoding
ENST00000225916.10	838	0.48666	9.17620849609	1	1	coding
ENST00000465682.5	477	0.43983	9.00238037109	1	1	coding
ENST00000586972.1	119	0.35154	8.60711669922	1	0.325808	noncoding
ENST00000588759.1	65	0.44242	6.90057373047	1	0.0882475	noncoding
ENST00000592310.1	74	0.39368	7.86676025391	1	0.0844764	noncoding
ENST00000585811.1	90	0.44666	6.96331787109	-1	0.0458603	noncoding
ENST00000585909.1	98	0.41016	11.2713012695	-1	0.187502	noncoding
ENST00000421097.6	565	0.45127	6.50897216797	1	1	coding
ENST00000591779.5	115	0.48725	6.28009033203	-1	0.0694164	noncoding
ENST00000393818.3	565	0.44426	6.50897216797	1	1	coding
ENST00000590958.5	594	0.46972	7.29180908203	1	1	coding
ENST00000591753.1	360	0.42643	8.31365966797	1	1	coding
ENST00000591583.1	82	0.39058	6.70489501953	-1	0.0422216	noncoding
ENST00000438323.2	289	0.48046	5.75054931641	1	0.999998	coding
ENST00000415816.7	287	0.47922	5.75054931641	1	0.999997	coding
ENST00000246911.6	129	0.46487	6.41046142578	1	0.887126	coding
ENST00000546325.1	79	0.43553	5.02239990234	-1	0.0373703	noncoding
ENST00000398389.9	586	0.46301	6.33612060547	1	1	coding
ENST00000496503.5	316	0.47573	6.14971923828	1	1	coding
ENST00000486600.1	62	0.43768	11.044128418	1	0.122548	noncoding
ENST00000466083.5	107	0.45163	9.38531494141	-1	0.118439	noncoding
ENST00000589375.5	318	0.45742	6.03656005859	1	1	coding
ENST00000480958.1	290	0.45708	5.87518310547	1	0.999998	coding
ENST00000377184.7	570	0.41253	5.75872802734	1	1	coding
ENST00000269095.9	553	0.41253	6.07586669922	1	1	coding
ENST00000612133.4	553	0.39527	6.07586669922	1	1	coding
ENST00000461854.5	577	0.4459	6.27996826172	1	1	coding
ENST00000523501.5	542	0.45114	6.17156982422	1	1	coding
ENST00000523220.5	189	0.44392	4.84295654297	-1	0.247899	noncoding
ENST00000520406.5	151	0.45113	4.74517822266	-1	0.152547	noncoding
ENST00000520241.5	143	0.43126	4.48956298828	-1	0.120508	noncoding
ENST00000577339.5	59	0.48107	8.05792236328	-1	0.0382498	noncoding
ENST00000410006.6	243	0.42367	5.74224853516	1	0.99992	coding
ENST00000357776.6	237	0.44	5.93939208984	-1	0.347492	noncoding
ENST00000417826.3	414	0.37109	8.23040771484	1	1	coding
ENST00000410027.5	99	0.42466	9.37139892578	1	0.391628	noncoding
ENST00000300408.8	273	0.43984	5.56683349609	1	0.999993	coding
ENST00000617874.5	273	0.44449	5.56683349609	1	0.999993	coding
ENST00000614445.5	273	0.42378	5.56683349609	1	0.99999	coding
ENST00000512041.7	273	0.43719	5.56683349609	1	0.999993	coding
ENST00000007708.7	344	0.45139	5.57489013672	1	1	coding
ENST00000503614.5	303	0.45215	6.75836181641	-1	0.59366	coding
ENST00000503176.6	408	0.42262	6.13507080078	1	1	coding
ENST00000508960.1	88	0.47598	9.65167236328	1	0.506296	coding
ENST00000505897.5	200	0.48638	8.56475830078	1	0.998707	coding
ENST00000614357.4	344	0.41498	5.57489013672	1	1	coding
ENST00000416426.6	325	0.3841	8.98126220703	1	0.99996	coding
ENST00000284073.7	329	0.34692	8.61834716797	1	0.999843	coding
ENST00000581523.5	107	0.4198	7.92095947266	1	0.472122	noncoding
ENST00000582453.5	153	0.46509	9.14312744141	-1	0.183711	noncoding
ENST00000322684.7	252	0.40392	8.64739990234	1	0.999406	coding
ENST00000579590.5	140	0.46971	9.51593017578	-1	0.182652	noncoding
ENST00000676345.1	12	0.41139	10.8344116211	-1	0.110864	noncoding
ENST00000675379.1	137	0.32244	10.4724731445	1	0.304647	noncoding
ENST00000674522.1	137	0.29146	10.4724731445	1	0.205209	noncoding
ENST00000303375.10	1480	0.40623	5.54437255859	1	1	coding
ENST00000584265.1	617	0.36067	5.20477294922	1	1	coding
ENST00000583597.5	551	0.40599	5.49151611328	1	1	coding
ENST00000446119.2	346	0.32441	8.32965087891	1	0.999814	coding
ENST00000691709.2	102	0.34	8.88836669922	1	0.155406	noncoding
ENST00000693419.2	120	0.35674	7.86553955078	1	0.380028	noncoding
ENST00000689168.2	38	0.36096	4.43377685547	1	0.020499	noncoding
ENST00000690715.2	123	0.40491	8.78765869141	1	0.614391	coding
ENST00000690613.1	62	0.32151	4.55511474609	1	0.0645942	noncoding
ENST00000685100.1	155	0.38433	5.62408447266	1	0.952093	coding
ENST00000702522.1	38	0.33771	4.43377685547	1	0.0181988	noncoding
ENST00000687667.2	155	0.38937	5.62408447266	1	0.956885	coding
ENST00000684992.1	155	0.33706	5.62408447266	1	0.883522	coding
ENST00000688372.1	47	0.31029	6.23614501953	1	0.0148996	noncoding
ENST00000702892.1	120	0.40239	7.86553955078	1	0.585493	coding
ENST00000686661.1	99	0.3631	7.88006591797	1	0.189483	noncoding
ENST00000690225.2	120	0.41412	7.86553955078	1	0.634127	coding
ENST00000397713.6	155	0.32396	5.62408447266	1	0.85686	coding
ENST00000686520.1	120	0.34127	7.86553955078	1	0.32135	noncoding
ENST00000590353.1	180	0.44615	5.04168701172	-1	0.210377	noncoding
ENST00000591567.1	63	0.41418	7.73980712891	1	0.0589199	noncoding
ENST00000586515.5	24	0.37305	5.89544677734	1	0.00514938	noncoding
ENST00000592030.1	50	0.29924	8.52374267578	1	0.0162487	noncoding
ENST00000648095.1	170	0.35678	5.07318115234	1	0.976434	coding
ENST00000360141.8	300	0.39124	5.35150146484	1	0.999997	coding
ENST00000392625.7	151	0.3629	5.55645751953	1	0.914564	coding
ENST00000577511.1	170	0.42383	5.07318115234	1	0.994387	coding
ENST00000392617.7	170	0.34709	6.49676513672	1	0.923231	coding
ENST00000533530.5	174	0.44743	6.81866455078	-1	0.152018	noncoding
ENST00000392610.5	190	0.33733	5.45635986328	1	0.983912	coding
ENST00000392613.10	224	0.38243	5.97576904297	1	0.999036	coding
ENST00000488977.1	78	0.32175	5.79034423828	1	0.0797606	noncoding
ENST00000531420.1	29	0.34973	5.00250244141	1	0.00839764	noncoding
ENST00000293217.10	661	0.32971	7.33245849609	1	1	coding
ENST00000301608.9	661	0.32971	8.34881591797	1	1	coding
ENST00000573078.5	593	0.46311	7.97698974609	1	1	coding
ENST00000588176.5	156	0.43802	8.02105712891	-1	0.132233	noncoding
ENST00000532549.2	313	0.44534	9.52569580078	1	0.999992	coding
ENST00000680821.2	1888	0.43685	6.31622314453	1	1	coding
ENST00000262765.10	1664	0.43633	6.25042724609	1	1	coding
ENST00000524722.1	508	0.4615	8.84918212891	1	1	coding
ENST00000392446.10	402	0.37769	5.71527099609	1	1	coding
ENST00000302345.6	402	0.37705	5.71527099609	1	1	coding
ENST00000590370.5	65	0.4364	10.0293579102	-1	0.103342	noncoding
ENST00000586916.6	80	0.46832	4.49822998047	1	0.407662	noncoding
ENST00000592033.5	41	0.35839	7.86029052734	1	0.0112873	noncoding
ENST00000591811.1	41	0.37504	7.86029052734	1	0.0124933	noncoding
ENST00000591625.5	40	0.40206	8.88519287109	1	0.0181352	noncoding
ENST00000591732.1	24	0.41441	3.97796630859	-1	0.01342	noncoding
ENST00000374877.7	1031	0.44286	5.30352783203	1	1	coding
ENST00000397545.9	1143	0.43846	5.21014404297	1	1	coding
ENST00000572270.1	111	0.416	12.3893432617	-1	0.203557	noncoding
ENST00000269318.9	580	0.45217	4.64471435547	1	1	coding
ENST00000374876.4	479	0.45205	4.56976318359	1	1	coding
ENST00000574099.1	142	0.41233	12.2024536133	-1	0.21989	noncoding
ENST00000572083.5	195	0.42642	4.13934326172	1	0.999579	coding
ENST00000576241.1	212	0.42754	4.00994873047	-1	0.359361	noncoding
ENST00000574799.5	926	0.4381	6.26263427734	1	1	coding
ENST00000571028.1	72	0.46292	7.80657958984	1	0.158419	noncoding
ENST00000572253.5	251	0.40553	8.99957275391	1	0.999277	coding
ENST00000574933.1	24	0.42178	4.43426513672	1	0.0146917	noncoding
ENST00000571914.1	80	0.31745	10.0180053711	1	0.0604693	noncoding
ENST00000611590.2	394	0.38198	6.52093505859	1	1	coding
ENST00000696048.1	356	0.41133	5.84869384766	1	1	coding
ENST00000455127.7	98	0.31617	9.39312744141	1	0.103718	noncoding
ENST00000538396.5	98	0.37892	9.39312744141	1	0.217627	noncoding
ENST00000573478.5	64	0.32019	9.86444091797	1	0.0357266	noncoding
ENST00000576431.5	118	0.34387	8.97467041016	1	0.280895	noncoding
ENST00000575061.2	119	0.35499	9.62310791016	1	0.320989	noncoding
ENST00000313056.10	320	0.33388	8.29913330078	1	0.999665	coding
ENST00000578586.1	118	0.29271	11.5903930664	1	0.110946	noncoding
ENST00000582146.1	83	0.34888	11.6250610352	-1	0.175931	noncoding
ENST00000329197.9	332	0.41131	8.09442138672	1	0.999996	coding
ENST00000583897.5	61	0.4236	5.81781005859	1	0.0773409	noncoding
ENST00000580445.5	131	0.34856	11.6348266602	1	0.276073	noncoding
ENST00000579407.5	44	0.42946	11.8342895508	1	0.0443995	noncoding
ENST00000582593.1	59	0.46307	9.69244384766	1	0.1335	noncoding
ENST00000577495.5	26	0.4026	12.0028686523	1	0.0149039	noncoding
ENST00000577606.1	26	0.31218	12.0028686523	1	0.0153743	noncoding
ENST00000579095.2	74	0.32397	9.30084228516	1	0.0478552	noncoding
ENST00000653651.1	43	0.37944	4.36907958984	1	0.0346271	noncoding
ENST00000578344.1	29	0.43898	7.81085205078	1	0.0104815	noncoding
ENST00000390006.8	398	0.45406	7.23675537109	1	1	coding
ENST00000583181.5	30	0.35617	10.9483032227	1	0.0149563	noncoding
ENST00000345415.11	409	0.46942	6.76385498047	1	1	coding
ENST00000581202.5	218	0.47004	8.41070556641	1	0.999417	coding
ENST00000374611.9	263	0.48576	7.91485595703	1	0.999974	coding
ENST00000582585.1	100	0.32624	9.21673583984	1	0.123224	noncoding
ENST00000457415.7	503	0.46855	6.39813232422	1	1	coding
ENST00000584411.5	87	0.45979	8.51995849609	-1	0.0677527	noncoding
ENST00000577812.5	279	0.38512	6.70367431641	1	0.999938	coding
ENST00000581743.5	231	0.43829	8.25262451172	-1	0.298485	noncoding
ENST00000582907.5	226	0.44357	5.85357666016	-1	0.317791	noncoding
ENST00000309794.16	457	0.36816	6.63409423828	1	1	coding
ENST00000579509.1	87	0.35825	9.03118896484	1	0.107939	noncoding
ENST00000579332.1	50	0.3247	10.5188598633	1	0.0257138	noncoding
ENST00000638208.3	424	0.42524	9.23602294922	1	1	coding
ENST00000399070.3	424	0.36404	9.23602294922	1	0.999998	coding
ENST00000700899.1	66	0.39974	5.60174560547	1	0.0902983	noncoding
ENST00000639141.1	122	0.38731	9.80828857422	-1	0.152218	noncoding
ENST00000426838.8	243	0.33921	8.24615478516	1	0.991801	coding
ENST00000677068.1	1597	0.45704	9.75885009766	1	1	coding
ENST00000649279.2	1597	0.36842	9.75885009766	1	1	coding
ENST00000677699.1	1540	0.36842	9.76312255859	1	1	coding
ENST00000678152.1	1597	0.36842	9.75885009766	1	1	coding
ENST00000677077.1	1597	0.36842	9.75885009766	1	1	coding
ENST00000677130.1	1597	0.36842	9.75885009766	1	1	coding
ENST00000696483.1	2545	0.47359	6.02508544922	1	1	coding
ENST00000282041.11	2580	0.43618	5.99188232422	1	1	coding
ENST00000587973.2	974	0.37891	5.82025146484	1	1	coding
ENST00000586655.2	772	0.31289	5.78106689453	1	1	coding
ENST00000696485.1	1783	0.41134	6.13909912109	1	1	coding
ENST00000696490.1	2483	0.47159	5.94732666016	1	1	coding
ENST00000587262.1	157	0.45118	9.13446044922	1	0.965338	coding
ENST00000615535.2	25	0.36708	5.05230712891	1	0.00704964	noncoding
ENST00000617833.1	29	0.43195	9.58990478516	1	0.0172315	noncoding
ENST00000588600.1	100	0.27793	9.35052490234	-1	0.164069	noncoding
ENST00000586366.5	290	0.3163	9.11993408203	1	0.993854	coding
ENST00000426216.6	1148	0.45237	7.66925048828	1	1	coding
ENST00000307671.12	1137	0.45237	7.46124267578	1	1	coding
ENST00000586672.5	192	0.40978	9.67156982422	-1	0.230957	noncoding
ENST00000586722.5	361	0.39357	9.85406494141	-1	0.458491	noncoding
ENST00000591464.5	107	0.43336	4.69696044922	1	0.793121	coding
ENST00000490210.6	720	0.37874	6.14544677734	1	1	coding
ENST00000589326.5	84	0.46973	4.82330322266	1	0.421758	noncoding
ENST00000590477.5	163	0.4465	7.67877197266	1	0.976648	coding
ENST00000587410.1	100	0.45244	5.48638916016	1	0.611608	coding
ENST00000588649.7	1231	0.41327	9.19281005859	1	1	coding
ENST00000592633.5	69	0.42334	8.73736572266	1	0.100458	noncoding
ENST00000587057.5	96	0.37529	8.98565673828	1	0.190682	noncoding
ENST00000589961.2	106	0.43723	9.30096435547	1	0.545528	coding
ENST00000592863.2	220	0.45428	9.06158447266	-1	0.324178	noncoding
ENST00000409293.6	133	0.3954	9.23150634766	1	0.680901	coding
ENST00000469144.5	133	0.37658	5.56182861328	1	0.825493	coding
ENST00000590269.2	92	0.31913	9.47076416016	1	0.087674	noncoding
ENST00000532465.1	81	0.41036	4.40960693359	1	0.389274	noncoding
ENST00000325327.4	621	0.45766	5.49859619141	1	1	coding
ENST00000252674.9	560	0.39288	8.74896240234	1	1	coding
ENST00000585588.1	156	0.43084	4.67364501953	-1	0.141309	noncoding
ENST00000381035.8	177	0.36159	6.96466064453	1	0.948583	coding
ENST00000595142.5	78	0.37091	4.99932861328	-1	0.0314934	noncoding
ENST00000601724.5	80	0.35227	4.99920654297	-1	0.0359238	noncoding
ENST00000215555.7	247	0.40443	7.46417236328	1	0.999621	coding
ENST00000595213.1	56	0.37033	5.53314208984	-1	0.0256765	noncoding
ENST00000602117.1	247	0.4181	7.46417236328	1	0.99975	coding
ENST00000480726.1	109	0.39652	10.5238647461	1	0.375274	noncoding
ENST00000707000.1	274	0.37789	8.88958740234	1	0.999383	coding
ENST00000403903.7	272	0.32304	9.33685302734	1	0.989286	coding
ENST00000403352.1	188	0.36189	9.65350341797	1	0.915211	coding
ENST00000706691.1	212	0.43192	6.65435791016	1	0.999041	coding
ENST00000160262.10	548	0.46777	5.31304931641	1	1	coding
ENST00000587992.1	229	0.39734	5.55950927734	1	0.999679	coding
ENST00000706693.1	185	0.45701	8.23065185547	1	0.99451	coding
ENST00000356392.9	596	0.42439	9.10797119141	1	1	coding
ENST00000591179.5	536	0.43123	8.96417236328	1	1	coding
ENST00000586836.5	542	0.43054	8.88409423828	1	1	coding
ENST00000593281.1	61	0.45384	4.35235595703	-1	0.0361913	noncoding
ENST00000595444.1	185	0.40599	12.1185913086	1	0.88451	coding
ENST00000594999.1	93	0.35924	12.2496948242	1	0.0862366	noncoding
ENST00000252602.2	93	0.3904	12.2496948242	1	0.126548	noncoding
ENST00000338797.10	651	0.3648	5.57781982422	1	1	coding
ENST00000321949.13	635	0.3648	5.64996337891	1	1	coding
ENST00000594658.5	594	0.44415	5.48016357422	1	1	coding
ENST00000601916.1	393	0.39684	5.30548095703	1	1	coding
ENST00000392335.6	477	0.46443	5.67083740234	1	1	coding
ENST00000537263.5	256	0.46611	5.35394287109	-1	0.533174	coding
ENST00000535612.6	502	0.46727	5.82708740234	1	1	coding
ENST00000269932.10	477	0.46076	5.67083740234	1	1	coding
ENST00000546344.5	409	0.41355	6.30645751953	1	1	coding
ENST00000535478.5	123	0.46882	6.89483642578	1	0.831067	coding
ENST00000540634.2	75	0.31931	11.1651000977	1	0.0542872	noncoding
ENST00000592613.1	40	0.41572	4.50115966797	1	0.0385144	noncoding
ENST00000588146.1	120	0.43348	9.45819091797	-1	0.134496	noncoding
ENST00000343769.6	621	0.41368	9.40484619141	1	1	coding
ENST00000592245.1	76	0.35665	7.83673095703	-1	0.0735899	noncoding
ENST00000592160.5	124	0.31512	9.69024658203	1	0.221705	noncoding
ENST00000587077.6	103	0.34656	6.05560302734	1	0.273069	noncoding
ENST00000592503.5	100	0.44038	6.71221923828	-1	0.0511454	noncoding
ENST00000392250.7	717	0.35371	8.93743896484	1	1	coding
ENST00000342179.9	717	0.32501	8.93743896484	1	1	coding
ENST00000592142.5	175	0.32729	7.72442626953	1	0.832138	coding
ENST00000592832.2	89	0.41334	8.98236083984	1	0.230359	noncoding
ENST00000544216.8	464	0.43925	9.53900146484	1	1	coding
ENST00000540746.6	423	0.47234	9.57086181641	1	1	coding
ENST00000433627.9	464	0.43925	9.55450439453	1	1	coding
ENST00000586157.2	212	0.45707	5.72979736328	-1	0.296372	noncoding
ENST00000222305.8	347	0.44371	4.97430419922	1	1	coding
ENST00000343550.9	280	0.42061	5.09576416016	1	0.999996	coding
ENST00000595068.5	339	0.45975	4.84881591797	1	1	coding
ENST00000594064.5	350	0.44038	5.37640380859	1	1	coding
ENST00000607959.5	225	0.32705	9.04779052734	1	0.953968	coding
ENST00000597671.5	58	0.39748	6.52874755859	1	0.0410375	noncoding
ENST00000589133.5	40	0.34496	10.2830200195	1	0.0183821	noncoding
ENST00000378944.9	1124	0.38422	9.25640869141	1	1	coding
ENST00000590893.5	99	0.42	5.83697509766	1	0.486953	noncoding
ENST00000007510.9	1288	0.36882	9.05487060547	1	1	coding
ENST00000314737.9	1127	0.39814	9.37115478516	1	1	coding
ENST00000601474.5	135	0.42917	7.07391357422	-1	0.0857603	noncoding
ENST00000591438.1	124	0.41644	8.43829345703	-1	0.100419	noncoding
ENST00000586918.1	28	0.45258	6.49786376953	-1	0.0161559	noncoding
ENST00000593034.5	219	0.38506	10.6310424805	-1	0.245886	noncoding
ENST00000392149.6	687	0.41137	8.97320556641	1	1	coding
ENST00000316950.11	687	0.4117	8.97320556641	1	1	coding
ENST00000448051.7	711	0.38915	8.92352294922	1	1	coding
ENST00000592490.5	22	0.43224	6.01385498047	1	0.00650867	noncoding
ENST00000591710.5	71	0.35609	9.77557373047	1	0.0593936	noncoding
ENST00000591073.1	38	0.39491	3.98175048828	1	0.0388502	noncoding
ENST00000589117.5	629	0.40067	9.61920166016	1	1	coding
ENST00000587220.5	94	0.39452	5.84893798828	-1	0.0420921	noncoding
ENST00000589857.1	39	0.34852	9.83392333984	1	0.0159451	noncoding
ENST00000316433.9	661	0.40296	9.58331298828	1	1	coding
ENST00000590588.5	100	0.38332	6.81744384766	-1	0.0559942	noncoding
ENST00000586792.5	49	0.35553	7.78692626953	-1	0.0592166	noncoding
ENST00000589285.1	638	0.41721	9.63507080078	1	1	coding
ENST00000587515.5	78	0.43507	5.26446533203	1	0.271654	noncoding
ENST00000301242.9	148	0.41406	9.40789794922	1	0.874003	coding
ENST00000347262.8	121	0.38749	10.8903198242	1	0.440522	noncoding
ENST00000591585.1	132	0.39012	8.10894775391	1	0.67706	coding
ENST00000614624.4	186	0.4256	4.94317626953	1	0.998322	coding
ENST00000588934.5	138	0.4415	6.27557373047	1	0.926124	coding
ENST00000248342.9	219	0.40861	4.80755615234	1	0.999773	coding
ENST00000588422.3	49	0.47095	6.00250244141	1	0.0405291	noncoding
ENST00000591409.5	170	0.40861	5.07550048828	-1	0.135856	noncoding
ENST00000615911.4	222	0.27851	8.45269775391	1	0.85333	coding
ENST00000315588.11	201	0.27851	5.85699462891	1	0.958769	coding
ENST00000596297.1	208	0.46469	9.19866943359	-1	0.316101	noncoding
ENST00000676076.1	1323	0.41577	6.46685791016	1	1	coding
ENST00000673881.1	1323	0.40617	6.46685791016	1	1	coding
ENST00000674773.1	1323	0.41454	6.46685791016	1	1	coding
ENST00000291825.11	1323	0.42106	6.46685791016	1	1	coding
ENST00000324001.8	1462	0.40617	7.21527099609	1	1	coding
ENST00000674978.1	93	0.4272	9.18060302734	-1	0.0945031	noncoding
ENST00000676344.1	59	0.39203	11.491027832	1	0.0542887	noncoding
ENST00000675541.1	32	0.41798	8.00128173828	1	0.0108623	noncoding
ENST00000599513.1	35	0.36446	11.467956543	1	0.0187257	noncoding
ENST00000352591.9	431	0.35164	5.27117919922	1	1	coding
ENST00000161559.11	527	0.35877	5.64788818359	1	1	coding
ENST00000403444.7	465	0.39325	5.73736572266	1	1	coding
ENST00000465051.1	40	0.42889	4.49310302734	1	0.0428115	noncoding
ENST00000599389.1	400	0.49045	5.74432373047	1	1	coding
ENST00000485605.1	94	0.45161	6.51959228516	1	0.417572	noncoding
ENST00000377806.7	418	0.3931	5.79656982422	1	1	coding
ENST00000403136.1	322	0.42439	5.36407470703	1	1	coding
ENST00000586860.1	75	0.37814	7.74798583984	1	0.0746432	noncoding
ENST00000667325.1	55	0.35464	9.48992919922	1	0.0291419	noncoding
ENST00000670660.1	75	0.39474	7.74798583984	1	0.0900056	noncoding
ENST00000622237.4	81	0.4377	6.47320556641	1	0.218662	noncoding
ENST00000592789.5	56	0.45379	5.93463134766	-1	0.0249696	noncoding
ENST00000618372.4	81	0.30054	6.47320556641	1	0.0682294	noncoding
ENST00000619799.4	108	0.32901	6.24859619141	-1	0.0832671	noncoding
ENST00000358777.10	300	0.42244	5.73553466797	1	0.999998	coding
ENST00000403660.3	301	0.45011	5.73553466797	1	0.999999	coding
ENST00000480278.5	123	0.42558	10.8209838867	1	0.672435	coding
ENST00000459648.1	168	0.37156	8.88873291016	1	0.879788	coding
ENST00000300853.8	298	0.3977	5.89581298828	1	0.999994	coding
ENST00000588738.5	50	0.40678	8.54632568359	1	0.0297001	noncoding
ENST00000340192.11	274	0.45101	5.88482666016	1	0.999993	coding
ENST00000589165.5	298	0.46156	5.89581298828	1	0.999999	coding
ENST00000013807.9	324	0.47246	8.99981689453	1	0.999999	coding
ENST00000589381.5	209	0.42805	5.47125244141	-1	0.249749	noncoding
ENST00000592083.5	258	0.47841	5.71942138672	-1	0.525635	coding
ENST00000542575.6	542	0.45223	5.33709716797	1	1	coding
ENST00000594991.5	366	0.45988	5.46954345703	1	1	coding
ENST00000412532.6	314	0.45829	5.26812744141	1	1	coding
ENST00000222122.10	326	0.37971	9.33831787109	1	0.999933	coding
ENST00000599385.5	124	0.46322	9.73406982422	1	0.857691	coding
ENST00000593500.1	124	0.4692	9.73406982422	1	0.874337	coding
ENST00000335875.9	737	0.46161	8.59405517578	1	1	coding
ENST00000454748.7	660	0.45185	8.06170654297	1	1	coding
ENST00000598221.1	139	0.43686	8.70928955078	1	0.883096	coding
ENST00000594180.1	42	0.39624	8.46234130859	1	0.0172603	noncoding
ENST00000597969.5	135	0.4378	8.66400146484	1	0.85971	coding
ENST00000595962.6	536	0.34542	9.25616455078	1	1	coding
ENST00000468240.6	536	0.43754	9.25616455078	1	1	coding
ENST00000598016.5	165	0.43824	8.78948974609	-1	0.172258	noncoding
ENST00000334564.11	493	0.45077	9.31329345703	1	1	coding
ENST00000490272.1	367	0.46143	9.46417236328	1	1	coding
ENST00000626547.2	140	0.40378	11.063293457	1	0.708866	coding
ENST00000302907.9	195	0.40378	10.6571655273	1	0.971165	coding
ENST00000436445.5	140	0.43068	11.063293457	1	0.832804	coding
ENST00000391751.7	93	0.33719	8.50946044922	-1	0.119007	noncoding
ENST00000590579.5	21	0.45538	3.79461669922	1	0.0208325	noncoding
ENST00000601933.5	21	0.4255	4.77838134766	1	0.00991007	noncoding
ENST00000587920.5	21	0.45759	3.79461669922	1	0.0205826	noncoding
ENST00000590613.1	21	0.34946	3.79461669922	1	0.00968265	noncoding
ENST00000593218.1	63	0.30525	6.69464111328	1	0.0287039	noncoding
ENST00000301318.8	869	0.36762	9.44158935547	1	1	coding
ENST00000591844.5	350	0.3349	9.76470947266	1	0.999538	coding
ENST00000594386.1	82	0.29205	9.16009521484	1	0.0517463	noncoding
ENST00000599227.5	574	0.36235	8.83428955078	1	1	coding
ENST00000597564.5	85	0.37094	9.18328857422	1	0.116452	noncoding
ENST00000597240.5	97	0.47583	4.21868896484	-1	0.086517	noncoding
ENST00000594384.5	76	0.41751	4.81256103516	1	0.270838	noncoding
ENST00000687789.1	716	0.39423	8.14837646484	1	1	coding
ENST00000652201.1	574	0.35617	8.83428955078	1	1	coding
ENST00000600775.5	25	0.42604	11.0003051758	1	0.0192782	noncoding
ENST00000600044.5	688	0.37142	8.39715576172	1	1	coding
ENST00000596677.5	574	0.34919	8.83428955078	1	1	coding
ENST00000596929.5	98	0.4528	5.21929931641	1	0.614576	coding
ENST00000595981.5	140	0.44091	4.39959716797	1	0.9798	coding
ENST00000599714.1	36	0.39937	10.5646362305	-1	0.120366	noncoding
ENST00000311044.8	499	0.35294	9.27203369141	1	1	coding
ENST00000425453.3	499	0.36198	9.27203369141	1	1	coding
ENST00000595763.1	108	0.36365	5.36602783203	-1	0.0525612	noncoding
ENST00000379143.10	262	0.47323	4.57318115234	1	0.999994	coding
ENST00000379160.3	262	0.46455	4.57318115234	1	0.999995	coding
ENST00000341420.5	650	0.37758	7.55462646484	1	1	coding
ENST00000378053.3	650	0.36372	7.55462646484	1	1	coding
ENST00000462077.1	31	0.40176	8.31231689453	-1	0.0392579	noncoding
ENST00000486996.5	133	0.34667	10.510925293	1	0.376759	noncoding
ENST00000398084.6	133	0.39493	10.510925293	1	0.63226	coding
ENST00000375966.8	233	0.41245	9.36895751953	1	0.998237	coding
ENST00000339738.10	236	0.37396	9.54815673828	1	0.993187	coding
ENST00000459848.5	81	0.41125	10.4559936523	1	0.178288	noncoding
ENST00000493115.1	112	0.43069	9.67095947266	1	0.597421	coding
ENST00000374837.7	126	0.46478	7.77581787109	1	0.847955	coding
ENST00000360668.8	122	0.41809	8.73358154297	1	0.660377	coding
ENST00000397709.1	122	0.40359	8.73358154297	1	0.596581	coding
ENST00000476428.1	63	0.42779	4.79498291016	1	0.146964	noncoding
ENST00000483342.8	117	0.34403	6.86444091797	-1	0.0889601	noncoding
ENST00000656815.1	117	0.38104	6.86444091797	-1	0.0695745	noncoding
ENST00000657911.1	117	0.37964	6.86444091797	-1	0.0700147	noncoding
ENST00000693500.1	111	0.30147	6.86871337891	-1	0.128509	noncoding
ENST00000440918.6	111	0.29623	6.86871337891	-1	0.135307	noncoding
ENST00000656427.1	111	0.4111	6.86871337891	-1	0.059876	noncoding
ENST00000669338.2	111	0.32493	6.86871337891	-1	0.101397	noncoding
ENST00000449351.6	111	0.30832	6.86871337891	-1	0.119968	noncoding
ENST00000701721.1	111	0.33086	6.86871337891	-1	0.0956146	noncoding
ENST00000432153.6	111	0.35078	6.86871337891	-1	0.0796639	noncoding
ENST00000669083.2	117	0.37921	6.86444091797	-1	0.0701541	noncoding
ENST00000692643.2	117	0.35933	6.86444091797	-1	0.0789009	noncoding
ENST00000701214.1	110	0.4034	6.87322998047	-1	0.0597389	noncoding
ENST00000659610.1	109	0.28321	11.079284668	1	0.0981765	noncoding
ENST00000668808.1	277	0.44319	10.8883666992	1	0.999851	coding
ENST00000244020.5	345	0.30824	11.4235229492	1	0.976027	coding
ENST00000483871.6	216	0.4328	12.0923461914	1	0.986818	coding
ENST00000671022.1	216	0.47591	12.0923461914	1	0.997913	coding
ENST00000372980.4	697	0.32793	8.82037353516	1	1	coding
ENST00000342272.3	130	0.2946	6.40081787109	1	0.417446	noncoding
ENST00000419593.5	162	0.3737	4.12530517578	1	0.988561	coding
ENST00000458187.5	114	0.44784	4.35748291016	-1	0.0899594	noncoding
ENST00000452133.1	138	0.39355	4.27447509766	-1	0.0816807	noncoding
ENST00000290317.9	556	0.4429	6.62115478516	1	1	coding
ENST00000279027.9	603	0.4557	8.58123779297	1	1	coding
ENST00000472148.5	521	0.45554	6.61956787109	1	1	coding
ENST00000468915.5	408	0.43168	7.60260009766	-1	0.811216	coding
ENST00000450298.5	212	0.44252	8.56158447266	-1	0.264794	noncoding
ENST00000420568.5	292	0.43745	10.0333862305	1	0.999954	coding
ENST00000372121.5	248	0.44437	10.0796508789	-1	0.41761	noncoding
ENST00000417157.2	186	0.43917	5.83782958984	1	0.99723	coding
ENST00000371419.7	135	0.40112	4.41925048828	1	0.95158	coding
ENST00000441080.2	137	0.46259	4.48065185547	1	0.973585	coding
ENST00000493356.5	78	0.4771	4.11090087891	1	0.409859	noncoding
ENST00000487129.1	78	0.48011	4.11090087891	1	0.395299	noncoding
ENST00000498689.5	60	0.34025	9.51690673828	1	0.0325625	noncoding
ENST00000415828.5	345	0.46671	5.61651611328	-1	0.837819	coding
ENST00000613138.1	75	0.43834	9.56268310547	1	0.187993	noncoding
ENST00000217109.9	432	0.28662	6.12347412109	1	0.999999	coding
ENST00000452950.1	345	0.49161	5.61651611328	-1	0.856547	coding
ENST00000493039.5	375	0.37021	5.74847412109	1	1	coding
ENST00000475243.6	244	0.29187	6.85125732422	1	0.98708	coding
ENST00000395802.7	100	0.31258	8.73724365234	1	0.107501	noncoding
ENST00000520497.1	121	0.42788	7.83673095703	1	0.702324	coding
ENST00000463370.5	173	0.37852	5.37530517578	1	0.985015	coding
ENST00000371001.6	1531	0.43065	9.00750732422	1	1	coding
ENST00000357552.8	1531	0.42245	9.00750732422	1	1	coding
ENST00000412613.1	202	0.44798	5.36712646484	-1	0.266882	noncoding
ENST00000471331.1	142	0.41359	4.82122802734	-1	0.0949293	noncoding
ENST00000476314.1	61	0.45639	6.53363037109	1	0.0785153	noncoding
ENST00000425931.1	118	0.47741	8.83990478516	-1	0.114971	noncoding
ENST00000675519.1	416	0.42802	9.14166259766	1	1	coding
ENST00000706948.1	450	0.41443	8.98150634766	1	1	coding
ENST00000217182.6	464	0.41443	9.10980224609	1	1	coding
ENST00000298049.12	496	0.42431	9.12994384766	-1	0.864986	coding
ENST00000645357.1	152	0.43496	8.80010986328	-1	0.150235	noncoding
ENST00000646335.1	106	0.44879	9.18646240234	-1	0.108324	noncoding
ENST00000643976.1	103	0.39868	9.92962646484	-1	0.139254	noncoding
ENST00000395104.5	590	0.37526	5.55181884766	1	1	coding
ENST00000245663.9	590	0.37526	5.55181884766	1	1	coding
ENST00000302995.2	590	0.45643	5.55181884766	1	1	coding
ENST00000650966.1	433	0.43996	5.30743408203	1	1	coding
ENST00000460757.1	66	0.42074	8.80609130859	-1	0.0629227	noncoding
ENST00000432907.6	320	0.28338	5.88006591797	1	0.999826	coding
ENST00000418336.6	61	0.39878	3.85150146484	1	0.181039	noncoding
ENST00000291547.10	437	0.31373	4.78765869141	1	1	coding
ENST00000456957.2	64	0.38473	9.22161865234	-1	0.0897306	noncoding
ENST00000607049.5	117	0.40674	4.15606689453	1	0.89443	coding
ENST00000474336.5	62	0.43225	9.89605712891	-1	0.0956402	noncoding
ENST00000558955.2	163	0.44883	4.61285400391	1	0.995178	coding
ENST00000291565.9	313	0.29051	5.74603271484	1	0.999847	coding
ENST00000498040.5	158	0.44493	5.18841552734	-1	0.144286	noncoding
ENST00000481512.5	138	0.40893	4.95159912109	-1	0.0848882	noncoding
ENST00000490666.5	158	0.40326	5.18841552734	-1	0.10895	noncoding
ENST00000343528.10	240	0.43599	6.08306884766	1	0.9999	coding
ENST00000468392.5	188	0.45019	6.59197998047	1	0.996775	coding
ENST00000461785.1	23	0.37017	10.8344116211	1	0.011638	noncoding
ENST00000311124.9	592	0.39484	9.14654541016	1	1	coding
ENST00000380010.8	490	0.40128	9.58038330078	1	1	coding
ENST00000650808.1	490	0.42152	9.58038330078	1	1	coding
ENST00000485649.3	552	0.41077	9.23114013672	1	1	coding
ENST00000427839.5	182	0.40612	8.92669677734	-1	0.187915	noncoding
ENST00000443742.1	154	0.41892	7.78118896484	-1	0.118734	noncoding
ENST00000486303.1	86	0.3541	11.436340332	-1	0.17838	noncoding
ENST00000651099.1	75	0.4355	9.09930419922	1	0.16728	noncoding
ENST00000509549.5	807	0.4576	8.52935791016	1	1	coding
ENST00000399568.5	81	0.35738	6.94439697266	1	0.0869937	noncoding
ENST00000399562.9	106	0.30281	7.71490478516	1	0.136086	noncoding
ENST00000618236.2	219	0.38889	8.24761962891	1	0.995296	coding
ENST00000403084.1	304	0.35852	9.33966064453	1	0.999466	coding
ENST00000413119.2	304	0.36758	9.33966064453	1	0.999658	coding
ENST00000468770.1	83	0.33369	4.71636962891	1	0.179867	noncoding
ENST00000215829.8	127	0.33419	10.3274536133	1	0.28656	noncoding
ENST00000402849.5	121	0.44666	9.07366943359	1	0.768283	coding
ENST00000215917.11	340	0.3143	5.30657958984	1	0.999992	coding
ENST00000477945.1	199	0.45483	5.95062255859	-1	0.23799	noncoding
ENST00000471799.1	54	0.33859	4.13885498047	1	0.0546984	noncoding
ENST00000426927.5	141	0.46066	5.56134033203	-1	0.111521	noncoding
ENST00000475548.5	109	0.36838	6.51556396484	1	0.373007	noncoding
ENST00000333137.12	916	0.45549	9.09808349609	1	1	coding
ENST00000497697.5	68	0.39828	5.22003173828	1	0.119032	noncoding
ENST00000347557.6	918	0.45797	9.20355224609	1	1	coding
ENST00000619644.5	1003	0.45331	9.18048095703	1	1	coding
ENST00000460658.5	509	0.3388	6.53521728516	1	1	coding
ENST00000404574.5	439	0.46379	5.74566650391	1	1	coding
ENST00000493335.5	214	0.43877	9.26629638672	1	0.997998	coding
ENST00000624247.1	213	0.45464	9.26629638672	1	0.998674	coding
ENST00000504335.1	118	0.36056	10.051940918	-1	0.163741	noncoding
ENST00000401702.5	100	0.45576	9.24078369141	1	0.549785	coding
ENST00000397326.7	155	0.45968	7.13690185547	1	0.97124	coding
ENST00000359787.5	155	0.4593	7.13690185547	1	0.971123	coding
ENST00000406324.5	155	0.45454	7.13690185547	1	0.969504	coding
ENST00000443033.5	143	0.45785	7.13726806641	-1	0.104068	noncoding
ENST00000340630.9	186	0.47083	5.27813720703	1	0.998311	coding
ENST00000495555.6	114	0.39892	5.38763427734	1	0.705093	coding
ENST00000415653.5	114	0.42903	4.38775634766	1	0.884091	coding
ENST00000433985.7	187	0.46558	5.27813720703	1	0.998459	coding
ENST00000471809.5	155	0.33788	7.57269287109	1	0.724175	coding
ENST00000430701.5	116	0.47649	4.86041259766	-1	0.0944981	noncoding
ENST00000465023.1	52	0.37963	6.00396728516	1	0.0277893	noncoding
ENST00000215941.9	301	0.40727	5.84454345703	1	0.999997	coding
ENST00000498417.5	162	0.33768	6.06231689453	1	0.892889	coding
ENST00000609454.5	108	0.44714	5.75653076172	1	0.697696	coding
ENST00000407117.6	156	0.37859	7.09490966797	-1	0.111105	noncoding
ENST00000464849.5	143	0.42225	6.03533935547	-1	0.0900328	noncoding
ENST00000413497.5	166	0.32163	5.32000732422	1	0.929778	coding
ENST00000609706.1	70	0.33062	9.85565185547	1	0.0467618	noncoding
ENST00000333407.11	501	0.27327	8.38372802734	1	0.999979	coding
ENST00000488874.1	23	0.41104	8.25445556641	1	0.00653386	noncoding
ENST00000473717.1	333	0.4449	8.82916259766	1	0.999998	coding
ENST00000406644.7	274	0.33265	5.39202880859	1	0.999844	coding
ENST00000266304.9	304	0.33022	5.80694580078	1	0.999946	coding
ENST00000355209.9	234	0.33198	9.24346923828	1	0.969673	coding
ENST00000396504.6	234	0.34974	9.24346923828	1	0.984482	coding
ENST00000337566.9	176	0.42408	4.23919677734	1	0.998237	coding
ENST00000431534.5	142	0.3817	4.28387451172	1	0.959884	coding
ENST00000407461.5	205	0.46602	4.47357177734	1	0.999754	coding
ENST00000442616.1	71	0.33952	5.18023681641	1	0.0799878	noncoding
ENST00000336156.10	405	0.313	8.06292724609	1	0.999978	coding
ENST00000423262.5	257	0.44156	7.78070068359	1	0.999914	coding
ENST00000251993.11	410	0.44368	6.77227783203	1	1	coding
ENST00000391627.6	371	0.42914	7.12115478516	1	1	coding
ENST00000488038.5	414	0.44383	8.09222412109	1	1	coding
ENST00000440039.5	122	0.46528	6.81805419922	-1	0.076017	noncoding
ENST00000262722.11	684	0.3373	5.10296630859	1	1	coding
ENST00000327858.11	704	0.3271	5.07220458984	1	1	coding
ENST00000439835.1	39	0.42169	11.8790893555	-1	0.16389	noncoding
ENST00000437711.1	180	0.33561	7.42828369141	-1	0.163213	noncoding
ENST00000484531.1	52	0.41239	10.4198608398	1	0.0521253	noncoding
ENST00000476366.1	143	0.37443	4.83990478516	1	0.934414	coding
ENST00000359139.7	928	0.45193	4.79901123047	1	1	coding
ENST00000395741.7	934	0.47294	4.78460693359	1	1	coding
ENST00000612753.5	960	0.46335	4.74322509766	1	1	coding
ENST00000395744.7	933	0.49139	4.76776123047	1	1	coding
ENST00000216061.9	967	0.46799	4.74322509766	1	1	coding
ENST00000401672.7	611	0.47808	4.63580322266	1	1	coding
ENST00000427222.2	493	0.44973	4.61077880859	1	1	coding
ENST00000473283.1	59	0.31801	12.3034057617	1	0.0289139	noncoding
ENST00000470046.1	121	0.41043	9.05511474609	1	0.612274	coding
ENST00000666110.2	591	0.31	7.30413818359	1	1	coding
ENST00000674429.1	591	0.30848	7.30413818359	1	1	coding
ENST00000217961.5	584	0.30595	7.60223388672	1	1	coding
ENST00000380779.5	668	0.34583	6.34698486328	1	1	coding
ENST00000317552.9	668	0.34583	6.34698486328	1	1	coding
ENST00000380787.5	668	0.34769	6.34698486328	1	1	coding
ENST00000690004.1	630	0.38461	6.23089599609	1	1	coding
ENST00000479925.1	235	0.39821	9.25189208984	-1	0.272545	noncoding
ENST00000687008.1	490	0.42277	6.04656982422	1	1	coding
ENST00000616003.5	541	0.45542	7.90679931641	1	1	coding
ENST00000693721.1	239	0.38317	6.35736083984	1	0.999474	coding
ENST00000707197.1	67	0.3872	5.90802001953	1	0.0741231	noncoding
ENST00000707198.1	67	0.36275	5.90802001953	1	0.0575812	noncoding
ENST00000316715.9	329	0.3923	5.71356201172	1	0.999999	coding
ENST00000454189.7	247	0.34692	5.91632080078	1	0.999253	coding
ENST00000356942.9	266	0.41029	5.52740478516	1	0.99998	coding
ENST00000398361.7	180	0.43586	6.68670654297	1	0.993063	coding
ENST00000398080.5	209	0.35819	5.34686279297	1	0.997213	coding
ENST00000380045.7	209	0.35819	5.34686279297	1	0.997213	coding
ENST00000380043.7	303	0.3666	6.82806396484	1	0.999963	coding
ENST00000380041.8	330	0.36408	6.42388916016	1	0.999994	coding
ENST00000487842.1	209	0.26773	5.34686279297	1	0.982096	coding
ENST00000379682.9	712	0.36612	9.71368408203	1	1	coding
ENST00000379687.8	683	0.36612	9.69232177734	1	1	coding
ENST00000451208.1	57	0.32258	8.19012451172	1	0.0210683	noncoding
ENST00000456553.1	38	0.36172	8.25421142578	-1	0.0615322	noncoding
ENST00000472158.5	241	0.37307	9.53778076172	1	0.994429	coding
ENST00000466702.1	36	0.28573	11.0584106445	-1	0.183867	noncoding
ENST00000340625.3	191	0.3349	5.23883056641	1	0.986671	coding
ENST00000379374.5	750	0.38098	8.91217041016	1	1	coding
ENST00000684143.1	428	0.4662	8.67742919922	-1	0.890553	coding
ENST00000683162.1	247	0.3518	9.16217041016	1	0.992275	coding
ENST00000398000.7	434	0.35108	8.10565185547	1	1	coding
ENST00000377934.4	183	0.30573	9.20330810547	1	0.677666	coding
ENST00000635285.1	394	0.45061	9.94122314453	1	1	coding
ENST00000247138.11	397	0.4414	9.97613525391	1	1	coding
ENST00000376529.8	225	0.46051	10.0310668945	1	0.99931	coding
ENST00000376521.6	394	0.41582	9.94122314453	1	0.999999	coding
ENST00000445167.7	243	0.35216	10.5466918945	1	0.976221	coding
ENST00000413561.7	202	0.37759	9.14398193359	1	0.975843	coding
ENST00000635238.1	191	0.44072	10.0647583008	-1	0.284211	noncoding
ENST00000635015.1	177	0.4555	9.26239013672	1	0.989931	coding
ENST00000376512.2	164	0.46351	9.41436767578	1	0.982635	coding
ENST00000375772.7	779	0.48114	5.63555908203	1	1	coding
ENST00000375722.5	779	0.45804	5.63555908203	1	1	coding
ENST00000326587.12	779	0.46269	5.63555908203	1	1	coding
ENST00000482188.1	205	0.43531	5.42144775391	-1	0.251742	noncoding
ENST00000473931.1	135	0.43866	4.43157958984	1	0.970365	coding
ENST00000329209.9	181	0.46673	9.36602783203	-1	0.258919	noncoding
ENST00000414955.6	239	0.46177	9.25592041016	1	0.999757	coding
ENST00000375327.6	380	0.46499	8.92376708984	1	1	coding
ENST00000457095.5	193	0.39573	9.19427490234	1	0.978008	coding
ENST00000373502.10	225	0.28411	4.50994873047	1	0.99743	coding
ENST00000373504.10	205	0.30387	4.36834716797	1	0.995173	coding
ENST00000246174.6	559	0.45818	8.85272216797	1	1	coding
ENST00000473968.7	559	0.46421	8.85272216797	1	1	coding
ENST00000604957.1	559	0.4234	8.85272216797	1	1	coding
ENST00000477663.6	559	0.49702	8.85272216797	1	1	coding
ENST00000479502.2	559	0.49783	8.85272216797	1	1	coding
ENST00000372742.1	559	0.5072	8.85272216797	1	1	coding
ENST00000652542.1	1396	0.45439	4.64276123047	1	1	coding
ENST00000415986.5	1396	0.46208	4.64276123047	1	1	coding
ENST00000444152.5	1396	0.46766	4.64276123047	1	1	coding
ENST00000361600.9	1396	0.46208	4.64276123047	1	1	coding
ENST00000537097.2	1396	0.46208	4.64276123047	1	1	coding
ENST00000466098.1	61	0.36318	6.00128173828	1	0.0401304	noncoding
ENST00000483294.5	8	0.3553	11.0003051758	1	0.00685209	noncoding
ENST00000361229.8	548	0.4302	7.50897216797	1	1	coding
ENST00000457056.6	548	0.40465	7.50897216797	1	1	coding
ENST00000486988.1	12	0.42521	5.75079345703	1	0.00351618	noncoding
ENST00000447531.5	548	0.43185	7.50897216797	1	1	coding
ENST00000448867.1	548	0.4456	7.50897216797	1	1	coding
ENST00000372685.8	118	0.40005	5.31524658203	1	0.76756	coding
ENST00000360000.8	118	0.36197	5.31524658203	1	0.62898	coding
ENST00000451678.1	74	0.40956	5.62286376953	-1	0.0304051	noncoding
ENST00000414769.2	88	0.34544	9.34344482422	1	0.099019	noncoding
ENST00000440570.6	88	0.33676	9.34344482422	1	0.0902188	noncoding
ENST00000457876.6	54	0.34306	8.73944091797	-1	0.101299	noncoding
ENST00000445415.2	49	0.31037	9.18487548828	-1	0.151618	noncoding
ENST00000666697.1	48	0.34699	8.77008056641	-1	0.0956119	noncoding
ENST00000673627.1	48	0.28167	8.77008056641	-1	0.167598	noncoding
ENST00000659680.1	56	0.28396	10.0243530273	1	0.0276093	noncoding
ENST00000637195.1	618	0.36981	5.43133544922	1	1	coding
ENST00000370701.6	650	0.3819	5.44366455078	1	1	coding
ENST00000370698.7	670	0.36981	6.02667236328	1	1	coding
ENST00000627534.2	184	0.44204	6.29058837891	-1	0.173877	noncoding
ENST00000370695.8	702	0.38367	5.99566650391	1	1	coding
ENST00000675550.1	193	0.30173	6.49725341797	1	0.931916	coding
ENST00000636798.1	383	0.3319	5.79840087891	1	0.999999	coding
ENST00000636625.1	134	0.29615	4.40374755859	1	0.803515	coding
ENST00000676233.1	79	0.28982	9.30108642578	1	0.0473531	noncoding
ENST00000315930.11	246	0.27937	9.92193603516	1	0.814974	coding
ENST00000436198.6	256	0.27289	8.81365966797	1	0.917126	coding
ENST00000441825.8	227	0.40771	8.99078369141	1	0.997626	coding
ENST00000626909.2	200	0.4316	9.28546142578	1	0.994605	coding
ENST00000448673.1	98	0.34684	7.72479248047	-1	0.0918108	noncoding
ENST00000651111.1	340	0.29452	4.96722412109	1	0.999989	coding
ENST00000422081.6	340	0.38438	4.96722412109	1	1	coding
ENST00000427113.2	61	0.33158	5.64361572266	1	0.0368752	noncoding
ENST00000440023.5	374	0.45555	8.16094970703	1	1	coding
ENST00000432467.1	254	0.43931	6.08648681641	-1	0.403402	noncoding
ENST00000370274.8	374	0.47244	8.16094970703	1	1	coding
