"iso_ref","gene_ref","isoform_id","gene_id","condition_1","condition_2","gene_name","gene_biotype","iso_biotype","gene_overall_mean","gene_value_1","gene_value_2","gene_stderr_1","gene_stderr_2","gene_log2_fold_change","gene_q_value","iso_overall_mean","iso_value_1","iso_value_2","iso_stderr_1","iso_stderr_2","iso_log2_fold_change","iso_q_value","IF_overall","IF1","IF2","dIF","isoform_switch_q_value","gene_switch_q_value","PTC","codingPotentialValue","codingPotential","domain_identified","idr_identified","signal_peptide_identified","sub_cell_location","IR","switchConsequencesGene"
"isoComp_00000260","geneComp_00000035","ENST00000681511.1","AASS","normal","tumor","AASS","protein_coding","nonsense_mediated_decay",6.61944310079599,7.32111107683644,5.91777512475554,0.385731603341908,0.333899275539508,-0.306541145797539,NA,1.18321691547057,0.88336594175946,1.48306788918168,0.106035491872151,0.135072817986881,0.740956605501659,NA,0.18196875,0.1167,0.2472375,0.1305375,0.0177013773962515,0.0177013773962515,TRUE,0.999962,TRUE,"yes","no","no","Cytoplasm",0,TRUE
"isoComp_00001866","geneComp_00000206","ENST00000377855.6","ACOT7","normal","tumor","ACOT7","protein_coding","protein_coding",8.29632364910509,6.8835170368019,9.70913026140828,0.484436420852847,0.614546438851606,0.495586990422404,NA,1.66161232852808,0.605318075791699,2.71790658126446,0.145423716269063,0.321698627121386,2.14838995991252,NA,0.18084375,0.08573125,0.27595625,0.190225,0.00886017953162383,0.00789342782417963,FALSE,1,TRUE,"yes","yes","no","Mitochondrion",0,TRUE
"isoComp_00001869","geneComp_00000206","ENST00000608083.5","ACOT7","normal","tumor","ACOT7","protein_coding","protein_coding",8.29632364910509,6.8835170368019,9.70913026140828,0.484436420852847,0.614546438851606,0.495586990422404,NA,4.35910166583235,4.31328667364502,4.40491665801968,0.313865594762556,0.337095225252355,0.0302577005063782,NA,0.54575625,0.6307375,0.460775,-0.1699625,0.00789342782417963,0.00789342782417963,FALSE,1,TRUE,"yes","yes","no","Cytoplasm,Nucleus",0,TRUE
"isoComp_00001891","geneComp_00000209","ENST00000293217.10","ACOX1","normal","tumor","ACOX1","protein_coding","protein_coding",16.1585263500038,15.1249282038862,17.1921244961213,0.443341225261456,0.496061124926973,0.184704920182244,NA,9.62643140438781,7.7428854759437,11.5099773328319,0.283255712071993,0.437403085998037,0.571332619086197,NA,0.592153125,0.51426875,0.6700375,0.15576875,0.0015105768091366,1.92942586856456e-15,FALSE,1,TRUE,"yes","no","no","Peroxisome",0,FALSE
"isoComp_00001892","geneComp_00000209","ENST00000301608.9","ACOX1","normal","tumor","ACOX1","protein_coding","protein_coding",16.1585263500038,15.1249282038862,17.1921244961213,0.443341225261456,0.496061124926973,0.184704920182244,NA,2.94262391561808,3.65850269655314,2.22674513468301,0.120926819091596,0.0848109478324634,-0.713790467353945,NA,0.18649375,0.242675,0.1303125,-0.1123625,1.92942586856456e-15,1.92942586856456e-15,FALSE,1,TRUE,"yes","no","no","Peroxisome",0,FALSE
"isoComp_00002698","geneComp_00000317","ENST00000389651.8","ADAL","normal","tumor","ADAL","protein_coding","protein_coding",14.9957585131612,13.9730493490168,16.0184676773057,1.26601623023354,1.1024459510108,0.1969575000492,NA,4.56517400358758,5.56435613959378,3.56599186758138,0.753789150293054,0.385907528247434,-0.640461722025291,NA,0.298153125,0.382125,0.21418125,-0.16794375,0.000133073875904336,0.000133073875904336,FALSE,0.999988,TRUE,"yes","no","no","Cytoplasm,Nucleus",0,TRUE
"isoComp_00002700","geneComp_00000317","ENST00000562188.7","ADAL","normal","tumor","ADAL","protein_coding","protein_coding",14.9957585131612,13.9730493490168,16.0184676773057,1.26601623023354,1.1024459510108,0.1969575000492,NA,3.90080699328891,2.73402391204785,5.06759007452997,0.187027162993746,0.290035364834577,0.887850874075625,NA,0.26403125,0.20430625,0.32375625,0.11945,0.00212071289940011,0.000133073875904336,FALSE,0.999996,TRUE,"yes","no","no","Cytoplasm",0,TRUE
"isoComp_00003157","geneComp_00000388","ENST00000435541.2","ADCY10P1","normal","tumor","ADCY10P1","lncRNA","lncRNA",2.11762597170501,3.21005676395261,1.02519517945742,0.195376036901513,0.120830678878421,-1.63718331641555,NA,1.05034126554112,1.81346183612879,0.287220694953443,0.152407875207486,0.0832980654211953,-2.61707352851947,NA,0.38585,0.55164375,0.22005625,-0.3315875,0.0294882839280888,0.00386698513293315,NA,0.0229376,FALSE,NA,NA,NA,NA,0,TRUE
"isoComp_00003159","geneComp_00000388","ENST00000567255.2","ADCY10P1","normal","tumor","ADCY10P1","lncRNA","lncRNA",2.11762597170501,3.21005676395261,1.02519517945742,0.195376036901513,0.120830678878421,-1.63718331641555,NA,0.803647127076251,1.02529660476116,0.581997649391345,0.0551723165885625,0.0443379984342296,-0.806380795761639,NA,0.471575,0.3278,0.61535,0.28755,0.00386698513293315,0.00386698513293315,NA,0.999958,TRUE,NA,NA,NA,NA,0,TRUE
"isoComp_00003431","geneComp_00000422","ENST00000371243.2","ADGRF1","normal","tumor","ADGRF1","protein_coding","protein_coding",5.44467109981066,8.99700645612734,1.89233574349398,0.805127704823423,0.461130421045782,-2.24327580543552,NA,0.106446209791084,0.03237067252946,0.180521747052708,0.0160045865046423,0.0775331873173445,2.16881774994271,NA,0.055190625,0.00413125,0.10625,0.10211875,0.000131240535373125,0.000131240535373125,FALSE,0.992657,TRUE,"no","no","yes","Extracellular",0,TRUE
"isoComp_00003670","geneComp_00000444","ENST00000305046.13","ADH1B","normal","tumor","ADH1B","protein_coding","protein_coding",18.4762247743991,35.6524306632953,1.30001888550296,4.75750699020178,0.244257342234372,-4.76674552163381,NA,11.8856356271382,23.4040856991845,0.36718555509193,2.48823166124018,0.0993063397911149,-5.955958466037,NA,0.479813333333333,0.6713875,0.260871428571429,-0.410516071428571,0.00604684896871217,0.00604684896871217,FALSE,1,TRUE,"yes","no","no","Cytoplasm",0,TRUE
"isoComp_00003929","geneComp_00000497","ENST00000513651.5","ADTRP","normal","tumor","ADTRP","protein_coding","protein_coding_CDS_not_defined",2.04600298291535,1.77012575804397,2.32188020778673,0.157663671352568,0.192193431925896,0.389514512173645,NA,0.220793770612185,0.300867784588751,0.140719756635618,0.05284261100294,0.0382687515497884,-1.04443257651767,NA,0.106571875,0.159725,0.05341875,-0.10630625,0.0143549095930538,0.0143549095930538,NA,0.0539335,FALSE,NA,NA,NA,NA,0,TRUE
"isoComp_00004231","geneComp_00000539","ENST00000476700.5","AGBL3","normal","tumor","AGBL3","protein_coding","retained_intron",4.46955320330804,3.05241999309257,5.88668641352352,0.272589434743528,0.512797336065819,0.945232319866687,NA,0.802728125455815,0.779500229707626,0.825956021204005,0.0720936141525254,0.071484730296645,0.0824873597415556,NA,0.218553125,0.2811625,0.15594375,-0.12521875,0.0468375355931696,0.0390258855256071,NA,0.953539,TRUE,NA,NA,NA,NA,0,TRUE
"isoComp_00004261","geneComp_00000545","ENST00000484849.5","AGER","normal","tumor","AGER","protein_coding","retained_intron",20.0865418778247,37.0651727706036,3.10791098504575,3.8051389677924,0.737748620647475,-3.5718017702234,NA,0.592963553486305,0.763352771231004,0.422574335741607,0.0784775038858228,0.0638194423095084,-0.838178587510475,NA,0.117571875,0.0231875,0.21195625,0.18876875,0.000235981773609565,0.000180982368996223,NA,0.999999,TRUE,NA,NA,NA,NA,1,TRUE
"isoComp_00004263","geneComp_00000545","ENST00000538695.2","AGER","normal","tumor","AGER","protein_coding","protein_coding",20.0865418778247,37.0651727706036,3.10791098504575,3.8051389677924,0.737748620647475,-3.5718017702234,NA,5.29412140317312,10.0460975216047,0.54214528474157,1.1303587563432,0.224650821816243,-4.18687880557877,NA,0.185675,0.2653875,0.1059625,-0.159425,0.000180982368996223,0.000180982368996223,FALSE,0.852637,TRUE,"yes","no","yes","Extracellular",0,TRUE
"isoComp_00006121","geneComp_00000785","ENST00000266736.7","AMDHD1","normal","tumor","AMDHD1","protein_coding","protein_coding",2.14404492366532,1.56899970842905,2.71909013890159,0.126273215485806,0.316765809394007,0.789409141262364,NA,0.803727417896427,0.796811705439746,0.810643130353109,0.0633873812409655,0.0721582124907106,0.024522964508229,NA,0.428465625,0.5324625,0.32446875,-0.20799375,0.0111014280494958,0.0111014280494958,FALSE,1,TRUE,"yes","no","no","Cytoplasm",0,TRUE
"isoComp_00006404","geneComp_00000820","ENST00000689168.2","AMZ2P1","normal","tumor","AMZ2P1","lncRNA","lncRNA",17.4216892657691,18.5218728371617,16.3215056943764,0.967691968324273,0.905650729281332,-0.182350880677146,NA,2.10771990948211,3.49057645096484,0.724863367999392,0.492305970881663,0.188243354043846,-2.25204457280848,NA,0.1165375,0.18741875,0.04565625,-0.1417625,0.00729843745197575,5.92467107385602e-05,NA,0.020499,FALSE,NA,NA,NA,NA,0,FALSE
"isoComp_00007262","geneComp_00000958","ENST00000215941.9","ANKRD54","normal","tumor","ANKRD54","protein_coding","protein_coding",17.9729362952132,22.0404488910943,13.905423699332,0.9540256298484,0.566481507936914,-0.664123188908672,NA,9.18303261010821,9.6406955539675,8.72536966624893,0.413265955858154,0.333033929948153,-0.143764168518446,NA,0.53686875,0.4429875,0.63075,0.1877625,4.61499311260279e-06,4.61499311260279e-06,FALSE,0.999997,TRUE,"yes","no","no","Cytoplasm",0,TRUE
"isoComp_00007271","geneComp_00000958","ENST00000609706.1","ANKRD54","normal","tumor","ANKRD54","protein_coding","protein_coding_CDS_not_defined",17.9729362952132,22.0404488910943,13.905423699332,0.9540256298484,0.566481507936914,-0.664123188908672,NA,6.28796725536736,9.46958808120985,3.10634642952488,0.72296871355889,0.29431950561118,-1.6049687508023,NA,0.321775,0.42280625,0.22074375,-0.2020625,2.17387711271969e-05,4.61499311260279e-06,NA,0.0467618,FALSE,NA,NA,NA,NA,0,TRUE
"isoComp_00007319","geneComp_00000970","ENST00000286918.9","ANKRD9","normal","tumor","ANKRD9","protein_coding","protein_coding",9.74645452711311,7.54361029980089,11.9492987544253,0.651438387125068,0.905474225753048,0.662894537763816,NA,5.57016137854798,4.99040415221138,6.14991860488459,0.428546329915828,0.494529907286122,0.300866583900878,NA,0.590946875,0.66561875,0.516275,-0.14934375,0.000693476401779517,0.000234038898637746,FALSE,0.993035,TRUE,"no","no","no","Cytoplasm",0,TRUE
"isoComp_00007321","geneComp_00000970","ENST00000559404.5","ANKRD9","normal","tumor","ANKRD9","protein_coding","protein_coding",9.74645452711311,7.54361029980089,11.9492987544253,0.651438387125068,0.905474225753048,0.662894537763816,NA,3.69488733775968,2.13091964494571,5.25885503057366,0.249100428936522,0.466616971305784,1.29925883723531,NA,0.356665625,0.27681875,0.4365125,0.15969375,0.000234038898637746,0.000234038898637746,NA,0.260579,FALSE,NA,NA,NA,NA,0,TRUE
"isoComp_00007907","geneComp_00001044","ENST00000329235.6","AP1S2","normal","tumor","AP1S2","protein_coding","protein_coding",25.8889288014264,17.6228877527504,34.1549698501023,0.974540328434337,1.97913060954449,0.95424908828494,NA,11.1584675469826,10.0066271676812,12.3103079262839,0.683834755040178,0.913143326726475,0.298641513139182,NA,0.470725,0.5751,0.36635,-0.20875,0.0008381068825462,0.0008381068825462,FALSE,0.987955,TRUE,"yes","no","no","Cytoplasm,Lysosome_Vacuole,Golgi_apparatus",0,TRUE
"isoComp_00007908","geneComp_00001044","ENST00000380291.5","AP1S2","normal","tumor","AP1S2","protein_coding","protein_coding",25.8889288014264,17.6228877527504,34.1549698501023,0.974540328434337,1.97913060954449,0.95424908828494,NA,5.08744649698226,2.2640979776622,7.91079501630233,0.267774532442057,0.650170546401168,1.80035082907402,NA,0.17848125,0.127475,0.2294875,0.1020125,0.00651904724949119,0.0008381068825462,NA,0.37281,FALSE,NA,NA,NA,NA,0,TRUE
"isoComp_00007981","geneComp_00001048","ENST00000610402.5","AP2B1","normal","tumor","AP2B1","protein_coding","protein_coding",67.1832773505937,66.2835610706107,68.0829936305767,2.2555943441729,2.0603321655287,0.0386376092745753,NA,26.0592789563079,30.587559883917,21.5309980286988,1.52948449682293,0.881862415082686,-0.506331510643279,NA,0.388215625,0.45988125,0.31655,-0.14333125,1.49098869214426e-06,4.06534135534661e-07,FALSE,1,TRUE,"yes","yes","no","Cytoplasm,Lysosome_Vacuole",0,FALSE
"isoComp_00007989","geneComp_00001048","ENST00000621914.4","AP2B1","normal","tumor","AP2B1","protein_coding","protein_coding",67.1832773505937,66.2835610706107,68.0829936305767,2.2555943441729,2.0603321655287,0.0386376092745753,NA,36.1950372212268,31.4961782570889,40.8938961853648,1.13920454972891,1.49687279929763,0.376603505494164,NA,0.538109375,0.4762375,0.59998125,0.12374375,4.06534135534661e-07,4.06534135534661e-07,FALSE,1,TRUE,"yes","yes","no","Cytoplasm,Lysosome_Vacuole",0,FALSE
"isoComp_00008562","geneComp_00001121","ENST00000343267.8","APOD","normal","tumor","APOD","protein_coding","protein_coding",83.4674372083922,164.930217487913,2.00465692887161,25.2819762671847,0.49320720018885,-6.35526521821137,NA,71.7569156880767,142.378119553925,1.13571182222843,22.9447568238689,0.310326204548009,-6.95744075429499,NA,0.668490322580645,0.8463,0.478826666666667,-0.367473333333333,1.0503701587737e-09,1.0503701587737e-09,FALSE,0.998837,TRUE,"yes","no","yes","Extracellular",0,TRUE
"isoComp_00008566","geneComp_00001121","ENST00000463719.1","APOD","normal","tumor","APOD","protein_coding","retained_intron",83.4674372083922,164.930217487913,2.00465692887161,25.2819762671847,0.49320720018885,-6.35526521821137,NA,7.40876995194768,14.3846745505886,0.432865353306801,1.64935943184837,0.0888355610004395,-5.02252322588042,NA,0.1593,0.09753125,0.225186666666667,0.127655416666667,4.23103956520953e-07,1.0503701587737e-09,NA,0.593255,TRUE,NA,NA,NA,NA,0,TRUE
"isoComp_00009285","geneComp_00001216","ENST00000264343.4","ARHGAP24","normal","tumor","ARHGAP24","protein_coding","protein_coding",41.538563270191,59.644956325901,23.4321702144809,4.18275657323599,1.85633066033379,-1.34753586979412,NA,7.26084004869193,12.4511992197688,2.07048087761502,1.24775941239692,0.34109879527964,-2.58245398141208,NA,0.14349375,0.2039875,0.083,-0.1209875,0.00939239189672169,0.00939239189672169,FALSE,1,TRUE,"yes","yes","no","Cytoplasm",0,TRUE
"isoComp_00009971","geneComp_00001300","ENST00000412735.5","ARID5A","normal","tumor","ARID5A","protein_coding","nonsense_mediated_decay",4.86308395780504,5.56697101716003,4.15919689845005,0.479604372818842,0.36009576427701,-0.419712265646783,NA,1.37214611467273,1.8774257079052,0.866866521440265,0.173409692285664,0.11300104881715,-1.10599070450259,NA,0.271075,0.33855625,0.20359375,-0.1349625,0.0414042942327136,0.0414042942327136,TRUE,1,TRUE,"no","yes","no","Cytoplasm,Nucleus,Mitochondrion",0,TRUE
"isoComp_00010291","geneComp_00001348","ENST00000269932.10","ARMC6","normal","tumor","ARMC6","protein_coding","protein_coding",16.196145529212,16.0259550120128,16.3663360464112,0.844916008917547,0.661308175498662,0.0303023370262974,NA,2.44886285715461,1.51108004479452,3.3866456695147,0.14070339678248,0.254746116224347,1.1590146523949,NA,0.1511625,0.0956,0.206725,0.111125,0.000374406895188153,0.000374406895188153,FALSE,1,TRUE,"yes","no","no","Cytoplasm",0,FALSE
"isoComp_00010292","geneComp_00001348","ENST00000392335.6","ARMC6","normal","tumor","ARMC6","protein_coding","protein_coding",16.196145529212,16.0259550120128,16.3663360464112,0.844916008917547,0.661308175498662,0.0303023370262974,NA,10.0467806416172,11.0927963244608,9.00076495877348,0.560681841824611,0.43288060840088,-0.301201583831505,NA,0.622103125,0.69425,0.54995625,-0.14429375,0.000390702174084078,0.000374406895188153,FALSE,1,TRUE,"yes","no","no","Cytoplasm",0,FALSE
"isoComp_00010410","geneComp_00001357","ENST00000473968.7","ARMCX5","normal","tumor","ARMCX5","protein_coding","protein_coding",14.3319670911577,13.0371617823635,15.6267723999518,0.730836543790324,0.720306167935761,0.261206751517374,NA,4.98149846848843,3.14262911546159,6.82036782151526,0.308934096496721,0.446405734011533,1.11540781391991,NA,0.33760625,0.24074375,0.43446875,0.193725,0.00047045127012779,0.00047045127012779,FALSE,1,TRUE,"yes","yes","no","Cytoplasm",1,FALSE
"isoComp_00010882","geneComp_00001425","ENST00000281419.8","ASAP2","normal","tumor","ASAP2","protein_coding","protein_coding",19.2587586441106,23.9742927658368,14.5432245223844,1.28513412701591,0.832024208934074,-0.720751055892085,NA,10.5419830429535,14.9560281041853,6.12793798172162,0.845628590946511,0.373977276746015,-1.28586541554819,NA,0.533534375,0.63289375,0.434175,-0.19871875,0.00394826537230487,0.00394826537230487,FALSE,1,TRUE,"yes","yes","no","Cytoplasm,Cell_membrane",0,TRUE
"isoComp_00010883","geneComp_00001425","ENST00000315273.4","ASAP2","normal","tumor","ASAP2","protein_coding","protein_coding",19.2587586441106,23.9742927658368,14.5432245223844,1.28513412701591,0.832024208934074,-0.720751055892085,NA,8.15054156163891,8.22013002106922,8.08095310220859,1.19898646619488,0.766819330338869,-0.0246055627917891,NA,0.4378375,0.33310625,0.54256875,0.2094625,0.049810052732563,0.00394826537230487,FALSE,1,TRUE,"yes","yes","no","Cytoplasm,Cell_membrane",0,TRUE
"isoComp_00011779","geneComp_00001546","ENST00000343245.7","ATG5","normal","tumor","ATG5","protein_coding","protein_coding",24.9077139490355,24.8591154172362,24.9563124808348,1.12751182731223,0.775231575281735,0.0056275587612779,NA,3.57703845326841,4.93353953663973,2.22053736989709,0.452713416185766,0.254941518878119,-1.14815305155167,NA,0.143421875,0.19738125,0.0894625,-0.10791875,0.00287535735020117,0.00287535735020117,FALSE,0.99999,TRUE,"yes","no","no","Cytoplasm,Nucleus",0,FALSE
"isoComp_00011952","geneComp_00001556","ENST00000396684.3","ATN1","normal","tumor","ATN1","protein_coding","protein_coding",30.1282832421822,32.9171121504981,27.3394543338662,1.421312484422,1.23123266076029,-0.267763937724558,NA,24.9360117233739,24.8064907545446,25.0655326922031,1.0585773511492,0.99473562780892,0.0149812275084283,NA,0.838503125,0.7564125,0.92059375,0.16418125,1.36771597769287e-05,1.36771597769287e-05,FALSE,1,TRUE,"yes","yes","no","Nucleus",1,TRUE
"isoComp_00011954","geneComp_00001556","ENST00000541029.1","ATN1","normal","tumor","ATN1","protein_coding","retained_intron",30.1282832421822,32.9171121504981,27.3394543338662,1.421312484422,1.23123266076029,-0.267763937724558,NA,3.15102375775259,4.98066432401276,1.32138319149242,0.495013378233361,0.18722162960636,-1.90630601062423,NA,0.097253125,0.14808125,0.046425,-0.10165625,0.00035623363181907,1.36771597769287e-05,NA,0.0533259,FALSE,NA,NA,NA,NA,0,TRUE
"isoComp_00012385","geneComp_00001614","ENST00000215375.7","ATP5F1D","normal","tumor","ATP5F1D","protein_coding","protein_coding",126.749493709808,111.677267191118,141.821720228498,11.5708372694856,12.7948354963185,0.344715500963056,NA,22.7078470996362,26.7683558891198,18.6473383101526,4.23308622897394,2.26984369157696,-0.52132420285647,NA,0.17829375,0.2291125,0.127475,-0.1016375,0.00404880211939587,3.65436322063148e-06,FALSE,0.990113,TRUE,"yes","no","no","Mitochondrion",1,TRUE
"isoComp_00012386","geneComp_00001614","ENST00000395633.5","ATP5F1D","normal","tumor","ATP5F1D","protein_coding","protein_coding",126.749493709808,111.677267191118,141.821720228498,11.5708372694856,12.7948354963185,0.344715500963056,NA,99.6720203209335,80.455437736139,118.888602905728,7.46761248284753,10.5582390740643,0.563290621500153,NA,0.785803125,0.73053125,0.841075,0.11054375,3.65436322063148e-06,3.65436322063148e-06,FALSE,0.988999,TRUE,"yes","no","no","Mitochondrion",0,TRUE
"isoComp_00012908","geneComp_00001687","ENST00000284509.11","ATP8B4","normal","tumor","ATP8B4","protein_coding","protein_coding",2.97122397475243,4.02084797537256,1.92159997413231,0.286496939247583,0.198387285315502,-1.06128702324064,NA,0.28851767681939,0.258484491914872,0.318550861723908,0.036110704168181,0.046513050152918,0.291277967742597,NA,0.1170875,0.06640625,0.16776875,0.1013625,0.0142317129034444,0.0142317129034444,FALSE,1,TRUE,"yes","no","no","Cell_membrane,Endoplasmic_reticulum,Lysosome_Vacuole,Golgi_apparatus",0,TRUE
"isoComp_00012920","geneComp_00001687","ENST00000560354.1","ATP8B4","normal","tumor","ATP8B4","protein_coding","retained_intron",2.97122397475243,4.02084797537256,1.92159997413231,0.286496939247583,0.198387285315502,-1.06128702324064,NA,0.509124353551533,0.852946198258572,0.165302508844494,0.110700514525235,0.0480433433966439,-2.29942397171389,NA,0.147240625,0.210425,0.08405625,-0.12636875,0.0276517927027433,0.0142317129034444,NA,0.134626,FALSE,NA,NA,NA,NA,0,TRUE
"isoComp_00012933","geneComp_00001690","ENST00000307671.12","ATP9B","normal","tumor","ATP9B","protein_coding","protein_coding",11.8235314294584,12.6702756129827,10.9767872459341,0.597606365577423,0.72157809593271,-0.206816528243077,NA,3.84459349595615,3.40392171746025,4.28526527445204,0.233979785295438,0.382093044205216,0.33131725738897,NA,0.327934375,0.268225,0.38764375,0.11941875,0.0268791799106314,0.0268791799106314,FALSE,1,TRUE,"yes","yes","no","Cell_membrane,Endoplasmic_reticulum,Lysosome_Vacuole,Golgi_apparatus",0,FALSE
"isoComp_00012934","geneComp_00001690","ENST00000426216.6","ATP9B","normal","tumor","ATP9B","protein_coding","protein_coding",11.8235314294584,12.6702756129827,10.9767872459341,0.597606365577423,0.72157809593271,-0.206816528243077,NA,3.03575764649156,3.95129180680913,2.12022348617398,0.327191898084734,0.182641950436471,-0.894966186122422,NA,0.25191875,0.3098875,0.19395,-0.1159375,0.0322971559754654,0.0268791799106314,FALSE,1,TRUE,"yes","yes","no","Cell_membrane,Endoplasmic_reticulum,Lysosome_Vacuole,Golgi_apparatus",0,FALSE
"isoComp_00013014","geneComp_00001696","ENST00000346691.9","ATRIP","normal","tumor","ATRIP","protein_coding","protein_coding",6.7416990251145,5.51443772805402,7.96896032217498,0.353383578161569,0.473640909106847,0.530373136175915,NA,1.424572107108,0.836419618821178,2.01272459539481,0.10064259410019,0.197788786245307,1.25685493013818,NA,0.198165625,0.1472625,0.24906875,0.10180625,0.00569349462016715,8.59939797339973e-05,FALSE,1,TRUE,"yes","yes","no","Nucleus",2,TRUE
"isoComp_00013016","geneComp_00001696","ENST00000634384.2","ATRIP","normal","tumor","ATRIP","protein_coding","nonsense_mediated_decay",6.7416990251145,5.51443772805402,7.96896032217498,0.353383578161569,0.473640909106847,0.530373136175915,NA,0.985803356693973,1.27869383526212,0.692912878125829,0.0928795537646596,0.07711262136791,-0.874491760425653,NA,0.16383125,0.23800625,0.08965625,-0.14835,0.00216560613221054,8.59939797339973e-05,NA,1,TRUE,NA,NA,NA,NA,1,TRUE
"isoComp_00013021","geneComp_00001696","ENST00000639561.1","ATRIP","normal","tumor","ATRIP","protein_coding","nonsense_mediated_decay",6.7416990251145,5.51443772805402,7.96896032217498,0.353383578161569,0.473640909106847,0.530373136175915,NA,1.49854909595943,0.636889315196875,2.36020887672199,0.0888434518134105,0.177427726281562,1.87342341471081,NA,0.2098,0.11915,0.30045,0.1813,8.59939797339973e-05,8.59939797339973e-05,TRUE,1,TRUE,"no","no","no","Cytoplasm,Nucleus",1,TRUE
"isoComp_00014340","geneComp_00001863","ENST00000325805.13","BBX","normal","tumor","BBX","protein_coding","protein_coding",15.7364975824318,19.4315085901551,12.0414865747084,1.1298454929089,0.623860149741681,-0.689929054441251,NA,5.37858546726078,5.65081731799286,5.10635361652869,0.296330618730237,0.353427884660138,-0.145894387285274,NA,0.36225625,0.29755625,0.42695625,0.1294,0.0447406200376332,0.000373526351968336,FALSE,1,TRUE,"yes","yes","no","Nucleus",0,TRUE
"isoComp_00014378","geneComp_00001868","ENST00000005259.9","BCAP29","normal","tumor","BCAP29","protein_coding","protein_coding",151.701384865988,176.481451466209,126.921318265766,15.5634532079854,9.75830857120393,-0.475550231913102,NA,47.5007741276007,45.2754192920886,49.7261289631127,2.71037188197373,2.68613756352656,0.135247609454406,NA,0.34133125,0.2772125,0.40545,0.1282375,0.0113460021125979,0.0113460021125979,FALSE,0.837837,TRUE,"yes","no","no","Endoplasmic_reticulum",0,TRUE
"isoComp_00014622","geneComp_00001900","ENST00000393252.4","BCL2L11","normal","tumor","BCL2L11","protein_coding","protein_coding",11.4731356784024,15.1191087577166,7.82716259908827,0.89054462669788,0.519989022552512,-0.948923667875184,NA,2.01916561462946,3.28658412983414,0.75174709942479,0.29332496539824,0.119666929827847,-2.11358789329687,NA,0.155534375,0.21728125,0.0937875,-0.12349375,8.77355806630602e-05,8.77355806630602e-05,FALSE,0.97566,TRUE,"yes","yes","no","Cytoplasm",1,TRUE
"isoComp_00014623","geneComp_00001900","ENST00000393256.8","BCL2L11","normal","tumor","BCL2L11","protein_coding","protein_coding",11.4731356784024,15.1191087577166,7.82716259908827,0.89054462669788,0.519989022552512,-0.948923667875184,NA,7.70869847002149,9.55949568937236,5.85790125067061,0.661930797676426,0.377549308018994,-0.705598304467199,NA,0.690821875,0.6303125,0.75133125,0.12101875,0.00284912511757914,8.77355806630602e-05,FALSE,0.757792,TRUE,"yes","yes","no","Cytoplasm",1,TRUE
"isoComp_00015212","geneComp_00001997","ENST00000393040.7","BIN1","normal","tumor","BIN1","protein_coding","protein_coding",34.6363497182919,39.9581221750468,29.3145772615371,3.67778923096917,1.96092609494653,-0.446739481372771,NA,10.8500090435121,7.89733465826721,13.8026834287571,0.672845463130717,1.17258096179933,0.804730233703949,NA,0.34123125,0.21125,0.4712125,0.2599625,3.08107117877237e-06,3.08107117877237e-06,FALSE,1,TRUE,"yes","yes","no","Cytoplasm,Lysosome_Vacuole",0,FALSE
"isoComp_00015214","geneComp_00001997","ENST00000409400.1","BIN1","normal","tumor","BIN1","protein_coding","protein_coding",34.6363497182919,39.9581221750468,29.3145772615371,3.67778923096917,1.96092609494653,-0.446739481372771,NA,18.5058476603915,26.2649436345695,10.7467516862135,3.60397626869817,1.1544741459368,-1.28844518933176,NA,0.496659375,0.63190625,0.3614125,-0.27049375,0.00286765499797753,3.08107117877237e-06,FALSE,1,TRUE,"yes","yes","no","Cytoplasm,Lysosome_Vacuole",0,FALSE
"isoComp_00015607","geneComp_00002045","ENST00000559087.5","BMP4","normal","tumor","BMP4","protein_coding","protein_coding",6.86371330884821,10.7528010858115,2.97462553188494,0.574128325796482,0.332598449493697,-1.85043175788294,NA,2.1079762816861,3.71406443209297,0.501888131279241,0.289348771746051,0.0972169802965469,-2.86297757270549,NA,0.252184375,0.3423375,0.16203125,-0.18030625,1.53101720560333e-05,1.53101720560333e-05,FALSE,1,TRUE,"yes","yes","yes","Extracellular",0,FALSE
"isoComp_00015657","geneComp_00002058","ENST00000374574.2","BMPR2","normal","tumor","BMPR2","protein_coding","protein_coding",13.6242026258659,14.1232498504868,13.1251554012449,0.636321722553226,0.578946855818766,-0.105659973311592,NA,3.44752461206286,2.85013116496684,4.04491805915889,0.172100241432795,0.28351438485979,0.503591450902933,NA,0.256125,0.20383125,0.30841875,0.1045875,0.0133110844429624,0.0128781943376633,FALSE,1,TRUE,"yes","no","yes","Cell_membrane,Lysosome_Vacuole",0,TRUE
"isoComp_00015658","geneComp_00002058","ENST00000374580.10","BMPR2","normal","tumor","BMPR2","protein_coding","protein_coding",13.6242026258659,14.1232498504868,13.1251554012449,0.636321722553226,0.578946855818766,-0.105659973311592,NA,9.92411637866049,11.0497956618181,8.79843709550284,0.586013137673483,0.471770764675511,-0.328366765190047,NA,0.72429375,0.77968125,0.66890625,-0.110775,0.0128781943376633,0.0128781943376633,FALSE,1,TRUE,"yes","yes","yes","Cell_membrane,Lysosome_Vacuole",0,TRUE
"isoComp_00015944","geneComp_00002147","ENST00000327551.6","BRAP","normal","tumor","BRAP","protein_coding","protein_coding",10.3130168306343,7.99186050925028,12.6341731520183,0.285673176008358,0.468407887962139,0.660065312527952,NA,2.90186604603406,1.34570737123629,4.45802472083183,0.181529749907151,0.400508715830087,1.72059136096447,NA,0.255184375,0.1646875,0.34568125,0.18099375,0.00439654170519358,0.00412102401941587,FALSE,1,TRUE,"yes","yes","no","Cytoplasm",0,FALSE
"isoComp_00015945","geneComp_00002147","ENST00000419234.9","BRAP","normal","tumor","BRAP","protein_coding","protein_coding",10.3130168306343,7.99186050925028,12.6341731520183,0.285673176008358,0.468407887962139,0.660065312527952,NA,7.40477255353206,6.63339667587769,8.17614843118644,0.231819545400104,0.288063607336419,0.301263765935724,NA,0.743909375,0.8335,0.65431875,-0.17918125,0.00412102401941587,0.00412102401941587,FALSE,1,TRUE,"yes","yes","no","Cytoplasm",0,FALSE
"isoComp_00017093","geneComp_00002337","ENST00000444657.3","C16orf46","normal","tumor","C16orf46","protein_coding","protein_coding_CDS_not_defined",3.54682650444594,4.73223999461203,2.36141301427986,0.266508418305605,0.171304236222883,-0.999821726434137,NA,1.37058534552699,2.12368532248986,0.617485368564118,0.157499974873741,0.0786093700208593,-1.76569369768354,NA,0.350309375,0.4466625,0.25395625,-0.19270625,0.00257067128860778,0.00257067128860778,NA,1.12897e-06,FALSE,NA,NA,NA,NA,0,TRUE
"isoComp_00017127","geneComp_00002345","ENST00000602282.4","C16orf95-DT","normal","tumor","C16orf95-DT","lncRNA","lncRNA",2.13332135216941,2.54102606974973,1.7256166345891,0.335242146985749,0.255571788450033,-0.555629323888904,NA,1.10915872885932,1.5791722091826,0.639145248536036,0.233830232668517,0.133032720104626,-1.29166224192225,NA,0.4698625,0.6237125,0.3160125,-0.3077,0.049915827040803,0.049915827040803,NA,0.0688479,FALSE,NA,NA,NA,NA,0,TRUE
"isoComp_00017322","geneComp_00002390","ENST00000359470.6","C1orf116","normal","tumor","C1orf116","protein_coding","protein_coding",5.64309542040161,8.7338639103955,2.55232693040772,0.827133191520851,0.317205321239454,-1.77081638442365,NA,3.80470798805014,6.15574587957751,1.45367009652277,0.60631511394096,0.198524510167161,-2.07468501572807,NA,0.63471875,0.70235,0.5670875,-0.1352625,0.00138868056241343,0.00138868056241343,FALSE,1,TRUE,"yes","yes","no","Cytoplasm",0,TRUE
"isoComp_00017323","geneComp_00002390","ENST00000461135.2","C1orf116","normal","tumor","C1orf116","protein_coding","protein_coding",5.64309542040161,8.7338639103955,2.55232693040772,0.827133191520851,0.317205321239454,-1.77081638442365,NA,1.83838743235147,2.57811803081799,1.09865683388494,0.257165297046651,0.144635786034727,-1.22309054020539,NA,0.36528125,0.29765,0.4329125,0.1352625,0.00146568598900687,0.00138868056241343,FALSE,0.999991,TRUE,"yes","yes","no","Cytoplasm",0,TRUE
"isoComp_00017539","geneComp_00002437","ENST00000295297.4","C1QTNF7","normal","tumor","C1QTNF7","protein_coding","protein_coding",4.5552856006404,7.29281140429882,1.81775979698198,0.409520244000638,0.186564629295731,-1.99837548853829,NA,1.25873062394594,2.22446324390978,0.292998003982102,0.141403492371203,0.0570061170764265,-2.8825481181304,NA,0.235816129032258,0.3092875,0.157446666666667,-0.151840833333333,0.0127244780777056,0.0127244780777056,FALSE,0.999987,TRUE,"yes","yes","yes","Extracellular",0,TRUE
"isoComp_00017688","geneComp_00002463","ENST00000399562.9","C22orf39","normal","tumor","C22orf39","protein_coding","protein_coding",34.8529816868785,43.2170640306692,26.4888993430877,3.16839123465888,1.76874027608121,-0.706002414929558,NA,11.435020482418,12.0449511060511,10.8250898587849,0.689794981595699,0.589738702848311,-0.153914681291005,NA,0.353096875,0.28809375,0.4181,0.13000625,0.00505056988627405,0.00505056988627405,NA,0.136086,FALSE,NA,NA,NA,NA,0,FALSE
"isoComp_00017689","geneComp_00002463","ENST00000399568.5","C22orf39","normal","tumor","C22orf39","protein_coding","protein_coding",34.8529816868785,43.2170640306692,26.4888993430877,3.16839123465888,1.76874027608121,-0.706002414929558,NA,22.3901145017114,29.7536488473478,15.026580156075,2.77168490163982,1.34803466458204,-0.985074918127455,NA,0.61609375,0.67619375,0.55599375,-0.1202,0.0266878021016531,0.00505056988627405,NA,0.0869937,FALSE,NA,NA,NA,NA,0,FALSE
"isoComp_00017763","geneComp_00002474","ENST00000333957.8","C2CD5","normal","tumor","C2CD5","protein_coding","protein_coding",23.5756675406042,25.4725794340321,21.6787556471764,0.740718996995707,0.891311764809975,-0.232564036136518,NA,14.1280213885589,13.1498637626147,15.1061790145031,0.867314115429565,0.897489908655762,0.199948955376266,NA,0.6018,0.51304375,0.69055625,0.1775125,0.00605775907784567,7.62151903884346e-05,FALSE,1,TRUE,"yes","yes","no","Cytoplasm,Lysosome_Vacuole",0,FALSE
"isoComp_00017810","geneComp_00002481","ENST00000258457.7","C2orf49","normal","tumor","C2orf49","protein_coding","protein_coding",17.2972163020775,20.517606014099,14.0768265900559,0.761455134774255,0.547815054196189,-0.543218741075388,NA,6.56255645561287,8.65666586733192,4.46844704389383,0.40628060807826,0.234357981766111,-0.952478537450607,NA,0.37125,0.42295625,0.31954375,-0.1034125,0.0369556226613455,0.0369556226613455,FALSE,0.991957,TRUE,"yes","yes","no","Nucleus",1,TRUE
"isoComp_00017811","geneComp_00002481","ENST00000410049.1","C2orf49","normal","tumor","C2orf49","protein_coding","protein_coding",17.2972163020775,20.517606014099,14.0768265900559,0.761455134774255,0.547815054196189,-0.543218741075388,NA,10.7346598464646,11.8609401467671,9.60837954616211,0.59425024661891,0.455316576217849,-0.303568435168518,NA,0.62875,0.57704375,0.68045625,0.1034125,0.0369556226613455,0.0369556226613455,FALSE,0.996923,TRUE,"yes","yes","no","Nucleus",0,TRUE
"isoComp_00018217","geneComp_00002564","ENST00000355190.7","C6orf89","normal","tumor","C6orf89","protein_coding","protein_coding",45.5670545655473,50.7822626705154,40.3518464605791,2.08095056289995,1.7392161734469,-0.331616568010041,NA,20.6658464502029,20.6216070326168,20.710085867789,1.2185138400857,1.2422308835064,0.00617378213911544,NA,0.455646875,0.4025625,0.50873125,0.10616875,0.00143252740862623,0.00142684426697912,FALSE,1,TRUE,"yes","no","no","Endoplasmic_reticulum,Golgi_apparatus",0,FALSE
"isoComp_00018220","geneComp_00002564","ENST00000480824.7","C6orf89","normal","tumor","C6orf89","protein_coding","protein_coding",45.5670545655473,50.7822626705154,40.3518464605791,2.08095056289995,1.7392161734469,-0.331616568010041,NA,24.6140719057145,29.7980114525551,19.4301323588739,1.05294928328526,0.670729700863015,-0.61666209207038,NA,0.538053125,0.5901625,0.48594375,-0.10421875,0.00142684426697912,0.00142684426697912,FALSE,0.999985,TRUE,"yes","no","no","Endoplasmic_reticulum,Golgi_apparatus",0,FALSE
"isoComp_00018306","geneComp_00002580","ENST00000289989.10","C8orf58","normal","tumor","C8orf58","protein_coding","protein_coding",5.11958583989159,6.02682433054708,4.21234734923611,0.298008364128941,0.262201889379746,-0.51574455371242,NA,1.69254154654471,1.69756224758312,1.6875208455063,0.147146803272843,0.172119761634391,-0.00850888073939963,NA,0.336496875,0.27804375,0.39495,0.11690625,0.0209747917572775,5.45048524512414e-05,FALSE,0.999999,TRUE,"yes","yes","no","Cytoplasm",0,TRUE
"isoComp_00018311","geneComp_00002580","ENST00000614574.4","C8orf58","normal","tumor","C8orf58","protein_coding","protein_coding",5.11958583989159,6.02682433054708,4.21234734923611,0.298008364128941,0.262201889379746,-0.51574455371242,NA,0.727535462371175,1.25100629502684,0.204064629715512,0.0851179466051743,0.0411174408819581,-2.55845713628657,NA,0.12736875,0.20870625,0.04603125,-0.162675,5.45048524512414e-05,5.45048524512414e-05,FALSE,0.999958,TRUE,"yes","yes","no","Cytoplasm",0,TRUE
"isoComp_00018415","geneComp_00002603","ENST00000321764.4","CA13","normal","tumor","CA13","protein_coding","protein_coding",11.4767556732313,11.9871685361114,10.9663428103513,0.777197794001869,0.706985919422632,-0.128296508878474,NA,6.51725055381999,5.36201037950204,7.67249072813795,0.369054941713936,0.430804226479899,0.516112028392382,NA,0.578034375,0.44950625,0.7065625,0.25705625,1.00925998868063e-07,2.42110198668935e-09,FALSE,0.996325,TRUE,"yes","no","no","Cytoplasm",0,TRUE
"isoComp_00018419","geneComp_00002603","ENST00000522631.1","CA13","normal","tumor","CA13","protein_coding","protein_coding_CDS_not_defined",11.4767556732313,11.9871685361114,10.9663428103513,0.777197794001869,0.706985919422632,-0.128296508878474,NA,2.48822215471552,3.50097589155985,1.4754684178712,0.26589540634774,0.154110654694793,-1.24095415709057,NA,0.211178125,0.29065,0.13170625,-0.15894375,2.42110198668935e-09,2.42110198668935e-09,NA,0.0106633,FALSE,NA,NA,NA,NA,0,TRUE
"isoComp_00018495","geneComp_00002619","ENST00000355854.8","CAB39L","normal","tumor","CAB39L","protein_coding","protein_coding",7.19650591818246,9.30483923617681,5.08817260018811,0.776084070967611,0.321427479771557,-0.869550652993463,NA,1.96870346614066,3.15090817982941,0.786498752451916,0.542898137788175,0.199914098335889,-1.98859512029652,NA,0.221690625,0.3103875,0.13299375,-0.17739375,0.017742291154612,0.0139102009429248,FALSE,0.999982,TRUE,"yes","no","no","Cytoplasm",0,FALSE
"isoComp_00018497","geneComp_00002619","ENST00000409308.6","CAB39L","normal","tumor","CAB39L","protein_coding","protein_coding",7.19650591818246,9.30483923617681,5.08817260018811,0.776084070967611,0.321427479771557,-0.869550652993463,NA,4.26692036197809,4.78296503548809,3.75087568846808,0.225476401008661,0.196995110594313,-0.349849795087273,NA,0.652521875,0.5447,0.76034375,0.21564375,0.0145781667098126,0.0139102009429248,FALSE,0.999982,TRUE,"yes","no","no","Cytoplasm",0,FALSE
"isoComp_00019232","geneComp_00002719","ENST00000495819.6","CAMK2B","normal","tumor","CAMK2B","protein_coding","protein_coding",7.52149920809447,9.01028601162195,6.03271240456698,0.735724366313609,0.513607819632329,-0.577976898220335,NA,0.50606884658516,0.208327256566223,0.803810436604097,0.106807686475517,0.115383830654499,1.89820053065168,NA,0.077709375,0.021925,0.13349375,0.11156875,0.00571902164621913,0.000119142378975223,FALSE,0.54196,TRUE,"yes","yes","no","Cytoplasm",0,TRUE
"isoComp_00019442","geneComp_00002744","ENST00000302345.6","CANT1","normal","tumor","CANT1","protein_coding","protein_coding",17.5777467512026,17.1091891379815,18.0463043644237,0.428579047211235,0.649018429973953,0.0768882733757405,NA,4.91732156995835,5.9577932692457,3.87684987067101,0.322343131994792,0.213455080180416,-0.618596175207378,NA,0.285178125,0.3501625,0.22019375,-0.12996875,0.00294087919339301,0.00294087919339301,FALSE,1,TRUE,"yes","no","no","Endoplasmic_reticulum,Golgi_apparatus",1,TRUE
"isoComp_00019443","geneComp_00002744","ENST00000392446.10","CANT1","normal","tumor","CANT1","protein_coding","protein_coding",17.5777467512026,17.1091891379815,18.0463043644237,0.428579047211235,0.649018429973953,0.0768882733757405,NA,6.38611297313764,5.29569420695529,7.47653173931998,0.249261420918845,0.373797296037654,0.496755992503391,NA,0.361234375,0.30921875,0.41325,0.10403125,0.00898569929838165,0.00294087919339301,FALSE,1,TRUE,"yes","no","no","Endoplasmic_reticulum,Golgi_apparatus",0,TRUE
"isoComp_00020033","geneComp_00002803","ENST00000278224.13","CARS1","normal","tumor","CARS1","protein_coding","protein_coding",37.4278340081909,33.4559526324835,41.3997153838982,1.41487876530837,1.8323269237109,0.307275204607714,NA,14.4463950047215,10.8402470617214,18.0525429477216,0.640435562821452,0.984112719225669,0.73527312452437,NA,0.37846875,0.32281875,0.43411875,0.1113,1.98735409896694e-06,3.23536032335652e-13,FALSE,1,TRUE,"yes","no","no","Cytoplasm",0,TRUE
"isoComp_00020042","geneComp_00002803","ENST00000484484.5","CARS1","normal","tumor","CARS1","protein_coding","retained_intron",37.4278340081909,33.4559526324835,41.3997153838982,1.41487876530837,1.8323269237109,0.307275204607714,NA,5.56059665260731,8.21093702114526,2.91025628406937,0.486784591154402,0.248274103893171,-1.49320785468632,NA,0.160075,0.247975,0.072175,-0.1758,5.00622200940044e-13,3.23536032335652e-13,NA,0.112381,FALSE,NA,NA,NA,NA,1,TRUE
"isoComp_00020506","geneComp_00002845","ENST00000377022.8","CASZ1","normal","tumor","CASZ1","protein_coding","protein_coding",2.19619101837729,2.47146445570606,1.92091758104851,0.135395205952538,0.122523771010545,-0.36190520387966,NA,1.28141794210209,1.59840022284795,0.964435661356231,0.103665219575786,0.0781601707137026,-0.722987603603776,NA,0.569690625,0.64271875,0.4966625,-0.14605625,0.0233196750634011,0.0233196750634011,FALSE,1,TRUE,"yes","yes","no","Nucleus",1,TRUE
"isoComp_00021435","geneComp_00002991","ENST00000638797.2","CCDC187","normal","tumor","CCDC187","protein_coding","protein_coding",1.41318323410982,1.8044859702348,1.02188049798484,0.101180484893376,0.0804377359857854,-0.814284999801641,NA,0.46473497009148,0.774860767441615,0.154609172741344,0.0557138211290051,0.0308497702280528,-2.25339201454159,NA,0.283228125,0.42910625,0.13735,-0.29175625,0.00193316700797945,0.00193316700797945,FALSE,1,TRUE,"no","yes","no","Cytoplasm",0,TRUE
"isoComp_00021623","geneComp_00003020","ENST00000397545.9","CCDC40","normal","tumor","CCDC40","protein_coding","protein_coding",4.82121792707933,4.98147070354929,4.66096515060938,0.276980040987935,0.263736980501437,-0.0957442772286065,NA,0.665691185046284,1.0131377954508,0.318244574641767,0.105840050530704,0.0700470338681076,-1.64015738829819,NA,0.135575,0.20261875,0.06853125,-0.1340875,0.0146257531113224,0.0146257531113224,FALSE,1,TRUE,"no","yes","no","Cytoplasm",0,TRUE
"isoComp_00021650","geneComp_00003024","ENST00000392455.9","CCDC50","normal","tumor","CCDC50","protein_coding","protein_coding",21.79871513819,22.1368224814989,21.460607794881,0.670357590084942,0.5571926886634,-0.0447366908357241,NA,10.5128305407879,12.2691764117516,8.75648466982421,0.450048198203827,0.308336136589022,-0.486143451592352,NA,0.48100625,0.553925,0.4080875,-0.1458375,5.89854724712387e-07,5.89854724712387e-07,FALSE,1,TRUE,"yes","yes","no","Cytoplasm",0,TRUE
"isoComp_00021651","geneComp_00003024","ENST00000392456.4","CCDC50","normal","tumor","CCDC50","protein_coding","protein_coding",21.79871513819,22.1368224814989,21.460607794881,0.670357590084942,0.5571926886634,-0.0447366908357241,NA,9.26125148863141,8.20847969156087,10.314023285702,0.401565356617233,0.450327609446615,0.329061856046765,NA,0.424553125,0.37011875,0.4789875,0.10886875,0.00389074913516245,5.89854724712387e-07,FALSE,0.999999,TRUE,"yes","yes","no","Cytoplasm",0,TRUE
"isoComp_00021955","geneComp_00003060","ENST00000472524.1","CCDC88B","normal","tumor","CCDC88B","protein_coding","protein_coding_CDS_not_defined",11.1571789004923,5.86462104874733,16.4497367522373,0.803957178872094,1.39710017529077,1.48637356571018,NA,4.34105908829098,1.47556150653154,7.20655667005042,0.360214207369583,0.777869999024531,2.28030229121014,NA,0.32491875,0.22303125,0.42680625,0.203775,0.0305529947920271,5.00205664420626e-06,NA,0.759632,TRUE,NA,NA,NA,NA,1,TRUE
"isoComp_00022504","geneComp_00003153","ENST00000428857.2","CCNT2-AS1","normal","tumor","CCNT2-AS1","lncRNA","lncRNA",3.26892708360851,3.69773138587093,2.84012278134608,0.205167611897914,0.156872630060444,-0.379512657842788,NA,1.81208092455444,2.43903988375926,1.18512196534962,0.132359906994425,0.0875786541085733,-1.03505841250198,NA,0.54609375,0.66460625,0.42758125,-0.237025,9.32724828134053e-05,9.32724828134053e-05,NA,0.384579,FALSE,NA,NA,NA,NA,0,FALSE
"isoComp_00022623","geneComp_00003177","ENST00000372088.8","CCSER2","normal","tumor","CCSER2","protein_coding","protein_coding",25.1443343504666,26.6071711364876,23.6814975644457,2.52418385533666,1.50109849072897,-0.167987854550213,NA,8.64242136737918,6.79553587326922,10.4893068614891,0.280490167159799,0.430996309985742,0.625513417582345,NA,0.367078125,0.275775,0.45838125,0.18260625,2.75660324623533e-05,8.15883106249538e-10,FALSE,1,TRUE,"yes","yes","no","Cytoplasm",0,TRUE
"isoComp_00022934","geneComp_00003228","ENST00000362089.10","CD247","normal","tumor","CD247","protein_coding","protein_coding",3.32517297501779,3.86228926484827,2.78805668518731,0.430781193528542,0.257643988412599,-0.468761537734902,NA,0.522247699988331,0.843193597756604,0.201301802220059,0.139123579269158,0.0593412033162901,-2.01356806768513,NA,0.134428125,0.206525,0.06233125,-0.14419375,0.00238372091503495,0.00238372091503495,FALSE,0.60156,TRUE,"yes","yes","yes","Cell_membrane",1,TRUE
"isoComp_00023034","geneComp_00003240","ENST00000648095.1","CD300A","normal","tumor","CD300A","protein_coding","protein_coding",3.94003092539457,2.9032902847946,4.97677156599454,0.516467322233862,0.878928038095185,0.775456656521863,NA,0.405340542652183,0.431236456997743,0.379444628306622,0.0313746905842786,0.0332508525312799,-0.1801337791966,NA,0.16526875,0.22163125,0.10890625,-0.112725,0.0305617118735192,0.0305617118735192,FALSE,0.976434,TRUE,"yes","no","no","Cell_membrane",0,TRUE
"isoComp_00023964","geneComp_00003379","ENST00000485922.2","CDH24","normal","tumor","CDH24","protein_coding","protein_coding_CDS_not_defined",1.20012840829395,1.33055264753439,1.06970416905352,0.130062214577068,0.0990428064619123,-0.312191800631857,NA,0.198781554335699,0.296906679121088,0.100656429550311,0.0403582151845942,0.0233473157787546,-1.47171276357551,NA,0.152821875,0.22175625,0.0838875,-0.13786875,0.00612174879933353,0.00612174879933353,NA,1,TRUE,NA,NA,NA,NA,0,TRUE
"isoComp_00024093","geneComp_00003400","ENST00000395284.8","CDK1","normal","tumor","CDK1","protein_coding","protein_coding",6.4372248594856,5.413465899427,7.4609838195442,0.317065191440888,0.443013665441955,0.462083127921261,NA,3.92797014553723,2.79897474930666,5.0569655417678,0.199932455105587,0.321631159462136,0.851078362035292,NA,0.598775,0.5203375,0.6772125,0.156875,0.0322971559754654,0.000877201465191865,FALSE,0.999946,TRUE,"yes","no","no","Cytoplasm,Nucleus",0,TRUE
"isoComp_00024097","geneComp_00003400","ENST00000519078.6","CDK1","normal","tumor","CDK1","protein_coding","protein_coding",6.4372248594856,5.413465899427,7.4609838195442,0.317065191440888,0.443013665441955,0.462083127921261,NA,1.84922145665648,2.20618450924227,1.49225840407069,0.176394751872892,0.135763357024581,-0.560945005734151,NA,0.30485,0.40788125,0.20181875,-0.2060625,0.000877201465191865,0.000877201465191865,NA,0.237656,FALSE,NA,NA,NA,NA,0,TRUE
"isoComp_00024673","geneComp_00003482","ENST00000161559.11","CEACAM1","normal","tumor","CEACAM1","protein_coding","protein_coding",1.70162413951408,2.05905714673851,1.34419113228965,0.197882344998187,0.532024704491981,-0.611542115422994,NA,1.03253708031773,1.55227835480181,0.512795805833657,0.167496913103329,0.178458273587903,-1.57933205257476,NA,0.5347875,0.70401875,0.36555625,-0.3384625,0.0292700604784357,0.0292700604784357,FALSE,1,TRUE,"yes","yes","yes","Cell_membrane",0,TRUE
"isoComp_00024697","geneComp_00003485","ENST00000619799.4","CEACAM19","normal","tumor","CEACAM19","protein_coding","protein_coding",1.8065876950459,2.40226414823494,1.21091124185686,0.0835655574402336,0.0893075160838067,-0.982429571476872,NA,0.149997532629648,0.114274872134674,0.185720193124623,0.0328957820474611,0.0378911426452951,0.65525799254183,NA,0.108659375,0.05233125,0.1649875,0.11265625,0.0432986357142368,0.0432986357142368,NA,0.0832671,FALSE,NA,NA,NA,NA,0,TRUE
"isoComp_00026014","geneComp_00003660","ENST00000461734.1","CFAP44","normal","tumor","CFAP44","protein_coding","nonsense_mediated_decay",3.17393829557992,3.53102074333293,2.81685584782691,0.248184863907795,0.349989319925369,-0.324966978558543,NA,0.606187287320122,0.925085537195578,0.287289037444666,0.0559087330436645,0.0388886262368239,-1.65323207720556,NA,0.18825625,0.26913125,0.10738125,-0.16175,0.00661525837656488,0.00661525837656488,NA,1,TRUE,NA,NA,NA,NA,0,FALSE
"isoComp_00026239","geneComp_00003692","ENST00000367429.9","CFH","normal","tumor","CFH","protein_coding","protein_coding",50.2347974729893,88.3851999893594,12.0843949566191,7.52308244915499,1.98109634790839,-2.86962943316781,NA,23.8130114896607,40.3227703169547,7.30325266236678,3.77725546116552,1.19364003850768,-2.46336739178531,NA,0.530434375,0.45026875,0.6106,0.16033125,2.78867224756446e-11,2.78867224756446e-11,FALSE,1,TRUE,"yes","no","yes","Extracellular",0,TRUE
"isoComp_00026243","geneComp_00003692","ENST00000630130.2","CFH","normal","tumor","CFH","protein_coding","protein_coding",50.2347974729893,88.3851999893594,12.0843949566191,7.52308244915499,1.98109634790839,-2.86962943316781,NA,17.1803956435387,32.5500153187491,1.8107759683284,2.83410984580803,0.388697132251359,-4.16047605190146,NA,0.2535,0.36629375,0.14070625,-0.2255875,4.73317375355643e-09,2.78867224756446e-11,FALSE,1,TRUE,"yes","no","yes","Extracellular",0,TRUE
"isoComp_00027710","geneComp_00003906","ENST00000613478.2","CISD3","normal","tumor","CISD3","protein_coding","protein_coding",25.6710425693622,21.856456702265,29.4856284364593,1.01508874633228,1.29068709372562,0.431781686427859,NA,10.4169190336732,10.2537284983237,10.5801095690226,0.574385891398698,0.571138296280257,0.0451626029426458,NA,0.41413125,0.46915625,0.35910625,-0.11005,0.00539603765178469,2.79359544121159e-08,NA,0.205597,FALSE,NA,NA,NA,NA,0,TRUE
"isoComp_00027712","geneComp_00003906","ENST00000619858.1","CISD3","normal","tumor","CISD3","protein_coding","retained_intron",25.6710425693622,21.856456702265,29.4856284364593,1.01508874633228,1.29068709372562,0.431781686427859,NA,3.91716254172218,2.05228192790709,5.78204315553727,0.172863851603273,0.340617235974459,1.48983077936715,NA,0.144596875,0.093125,0.19606875,0.10294375,2.79359544121159e-08,2.79359544121159e-08,NA,0.113528,FALSE,NA,NA,NA,NA,1,TRUE
"isoComp_00027844","geneComp_00003924","ENST00000413453.7","CKMT1A","normal","tumor","CKMT1A","protein_coding","protein_coding",26.8445723267646,13.3196638593992,40.36948079413,1.98103023276228,4.3625011494809,1.59898196063858,NA,10.8366784318491,9.86423144666894,11.8091254170292,1.8016196260503,2.14418133702575,0.259382917392946,NA,0.501359375,0.70150625,0.3012125,-0.40029375,8.28630509465083e-06,3.28947661715824e-18,FALSE,1,TRUE,"yes","no","no","Mitochondrion",0,FALSE
"isoComp_00027846","geneComp_00003924","ENST00000434505.5","CKMT1A","normal","tumor","CKMT1A","protein_coding","protein_coding",26.8445723267646,13.3196638593992,40.36948079413,1.98103023276228,4.3625011494809,1.59898196063858,NA,10.9142746293528,1.2785625675746,20.5499866911309,0.396074290232729,2.98718951534568,3.99600483499072,NA,0.29761875,0.100825,0.4944125,0.3935875,3.28947661715824e-18,3.28947661715824e-18,FALSE,1,TRUE,"yes","no","no","Mitochondrion",0,FALSE
"isoComp_00028188","geneComp_00003976","ENST00000403084.1","CLDN5","normal","tumor","CLDN5","protein_coding","protein_coding",14.6971674145378,22.0778203784308,7.31651445064482,4.61471465119451,0.92645322157693,-1.59205214849251,NA,1.68116918534514,1.67866850603567,1.68366986465462,0.140840880101861,0.101973413733222,0.00426653973981556,NA,0.19704375,0.10349375,0.29059375,0.1871,0.000837114937371299,0.000837114937371299,FALSE,0.999466,TRUE,"yes","yes","no","Cell_membrane",1,TRUE
"isoComp_00028191","geneComp_00003976","ENST00000618236.2","CLDN5","normal","tumor","CLDN5","protein_coding","protein_coding",14.6971674145378,22.0778203784308,7.31651445064482,4.61471465119451,0.92645322157693,-1.59205214849251,NA,10.4604551994842,17.4650104384642,3.45589996050418,4.17015777145277,0.748859695053937,-2.3339913990134,NA,0.553846875,0.725175,0.38251875,-0.34265625,0.00835243376819224,0.000837114937371299,FALSE,0.995296,TRUE,"yes","no","no","Cell_membrane",0,TRUE
"isoComp_00028595","geneComp_00004041","ENST00000556454.1","CLMN","normal","tumor","CLMN","protein_coding","retained_intron",3.99258436772656,5.1032673500506,2.88190138540252,0.295861546356037,0.193396670165049,-0.822227103268462,NA,1.32295862214812,1.37147252492609,1.27444471937015,0.105829364215772,0.100057055184662,-0.10506206967131,NA,0.357575,0.2703125,0.4448375,0.174525,0.0295585999210838,0.0295585999210838,NA,1,TRUE,NA,NA,NA,NA,2,TRUE
"isoComp_00029612","geneComp_00004169","ENST00000610543.4","CNTFR","normal","tumor","CNTFR","protein_coding","protein_coding",2.65348526892733,4.30261793012682,1.00435260772784,0.394155575666055,0.125341917656471,-2.08800466133691,NA,0.572818535622653,1.12953793136963,0.0160991398756797,0.154646399690004,0.0135944471746978,-5.4483028755614,NA,0.136821875,0.26334375,0.0103,-0.25304375,0.048738216343298,0.048738216343298,FALSE,1,TRUE,"yes","yes","yes","Cell_membrane",0,TRUE
"isoComp_00029830","geneComp_00004198","ENST00000393818.3","COASY","normal","tumor","COASY","protein_coding","protein_coding",55.0913650167977,46.723135541929,63.4595944916663,2.94621637292551,2.79627253321961,0.441619787722244,NA,18.7870404304149,10.3217162950596,27.2523645657703,0.670122881202665,1.53351871787336,1.39983076458625,NA,0.330046875,0.22933125,0.4307625,0.20143125,2.52801256908553e-06,2.52801256908553e-06,FALSE,1,TRUE,"yes","no","no","Cytoplasm",3,TRUE
"isoComp_00029831","geneComp_00004198","ENST00000421097.6","COASY","normal","tumor","COASY","protein_coding","protein_coding",55.0913650167977,46.723135541929,63.4595944916663,2.94621637292551,2.79627253321961,0.441619787722244,NA,25.8313416732419,28.6790490504349,22.983634296049,2.73264997731919,1.57668350250551,-0.319265636629476,NA,0.483103125,0.603375,0.36283125,-0.24054375,4.09721061286235e-05,2.52801256908553e-06,FALSE,1,TRUE,"yes","no","no","Cytoplasm",1,TRUE
"isoComp_00029993","geneComp_00004215","ENST00000322507.13","COL12A1","normal","tumor","COL12A1","protein_coding","protein_coding",8.25230361049122,12.5904265438154,3.91418067716705,1.67951121224934,0.488321333690204,-1.68300919921864,NA,0.887193667410515,1.03924358967685,0.735143745144182,0.113656390829109,0.0915518070181209,-0.49375898234914,NA,0.14361875,0.085325,0.2019125,0.1165875,1.31522984446572e-05,1.31522984446572e-05,FALSE,1,TRUE,"yes","yes","yes","Extracellular",1,TRUE
"isoComp_00030002","geneComp_00004215","ENST00000680981.1","COL12A1","normal","tumor","COL12A1","protein_coding","retained_intron",8.25230361049122,12.5904265438154,3.91418067716705,1.67951121224934,0.488321333690204,-1.68300919921864,NA,3.69287796298602,6.03292318945209,1.35283273651995,0.840145865434602,0.20745893078605,-2.14863809645735,NA,0.39795,0.471975,0.323925,-0.14805,0.0421240977031064,1.31522984446572e-05,NA,0.938555,TRUE,NA,NA,NA,NA,1,TRUE
"isoComp_00031035","geneComp_00004333","ENST00000584602.1","CORO6","normal","tumor","CORO6","protein_coding","protein_coding",5.8048547627547,9.72105374005108,1.88865578545831,1.25621794263916,0.604365293645377,-2.3576176600976,NA,0.63512054792514,0.825678690396391,0.444562405453889,0.155168768613714,0.111130433156195,-0.878469976841608,NA,0.153090322580645,0.08136875,0.229593333333333,0.148224583333333,0.0330523859838485,0.0330523859838485,NA,0.164243,FALSE,NA,NA,NA,NA,0,TRUE
"isoComp_00031300","geneComp_00004389","ENST00000443236.7","CPAMD8","normal","tumor","CPAMD8","protein_coding","protein_coding",1.93330552157434,2.74282744632797,1.1237835968207,0.336567651357066,0.291211904355219,-1.27976887924297,NA,0.310122844444479,0.545866344967412,0.0743793439215469,0.0768834764149226,0.0655245911634192,-2.71977626122461,NA,0.112796875,0.20295625,0.0226375,-0.18031875,0.0103806358450428,0.00191130166672739,FALSE,1,TRUE,"yes","yes","yes","Extracellular",0,TRUE
"isoComp_00031733","geneComp_00004448","ENST00000315782.6","CPZ","normal","tumor","CPZ","protein_coding","protein_coding",6.58239415186236,10.439633768978,2.72515453474675,1.37926715211599,0.504418371471803,-1.93375812876526,NA,2.03419908752839,2.70916764882742,1.35923052622936,0.605592149899133,0.261970324364171,-0.989799740797559,NA,0.381465625,0.25431875,0.5086125,0.25429375,0.0188719659784305,0.00245349059810933,FALSE,1,TRUE,"yes","yes","yes","Extracellular",0,FALSE
"isoComp_00031734","geneComp_00004448","ENST00000360986.9","CPZ","normal","tumor","CPZ","protein_coding","protein_coding",6.58239415186236,10.439633768978,2.72515453474675,1.37926715211599,0.504418371471803,-1.93375812876526,NA,3.41125423872906,6.16586879291431,0.65663968454381,0.852817322852338,0.27000601849231,-3.21166299506455,NA,0.35286875,0.56603125,0.13970625,-0.426325,0.00245349059810933,0.00245349059810933,FALSE,1,TRUE,"yes","yes","yes","Extracellular",0,FALSE
"isoComp_00031984","geneComp_00004482","ENST00000452070.6","CRELD1","normal","tumor","CRELD1","protein_coding","protein_coding",29.4204430547897,38.4125394731835,20.4283466363958,2.36865442076266,1.03116364532286,-0.9106743807295,NA,9.81765139053147,14.9966850363428,4.63861774472018,1.78610368254006,0.416898236125704,-1.69073161886774,NA,0.30129375,0.37856875,0.22401875,-0.15455,0.0115215939169756,2.47478420771401e-05,FALSE,1,TRUE,"yes","no","yes","Endoplasmic_reticulum",1,TRUE
"isoComp_00032029","geneComp_00004482","ENST00000684493.1","CRELD1","normal","tumor","CRELD1","protein_coding","protein_coding",29.4204430547897,38.4125394731835,20.4283466363958,2.36865442076266,1.03116364532286,-0.9106743807295,NA,4.54821467772435,4.33079467747964,4.76563467796907,0.244149728128224,0.290874458931931,0.137733295134301,NA,0.178903125,0.11768125,0.240125,0.12244375,2.47478420771401e-05,2.47478420771401e-05,FALSE,1,TRUE,"yes","no","yes","Endoplasmic_reticulum",0,TRUE
"isoComp_00032142","geneComp_00004494","ENST00000238892.4","CRIPT","normal","tumor","CRIPT","protein_coding","protein_coding",7.14584546342604,6.88919263844341,7.40249828840867,0.202781357653286,0.232641361137731,0.103532322707961,NA,3.1373243862636,3.45645058265851,2.81819818986869,0.0883472905310085,0.0764085898571078,-0.293575971245827,NA,0.445090625,0.50535625,0.384825,-0.12053125,0.0032938104406547,0.00323272185286605,NA,0.129302,FALSE,NA,NA,NA,NA,0,FALSE
"isoComp_00032143","geneComp_00004494","ENST00000486447.1","CRIPT","normal","tumor","CRIPT","protein_coding","protein_coding_CDS_not_defined",7.14584546342604,6.88919263844341,7.40249828840867,0.202781357653286,0.232641361137731,0.103532322707961,NA,4.00852107716244,3.4327420557849,4.58430009853998,0.179888249458935,0.218070209622533,0.416287003889003,NA,0.554909375,0.49464375,0.615175,0.12053125,0.00323272185286605,0.00323272185286605,NA,0.0527255,FALSE,NA,NA,NA,NA,0,FALSE
"isoComp_00032281","geneComp_00004521","ENST00000321949.13","CRTC1","normal","tumor","CRTC1","protein_coding","protein_coding",3.97189013087957,4.40889443467378,3.53488582708536,0.167519093353312,0.113749638223187,-0.31794630399144,NA,2.75112373051851,3.54729162997241,1.9549558310646,0.180043183022558,0.113939796714251,-0.85628236922127,NA,0.67923125,0.802725,0.5557375,-0.2469875,0.0255287324135568,6.67866065980635e-07,FALSE,1,TRUE,"yes","yes","no","Cytoplasm,Nucleus",0,TRUE
"isoComp_00032283","geneComp_00004521","ENST00000594658.5","CRTC1","normal","tumor","CRTC1","protein_coding","protein_coding",3.97189013087957,4.40889443467378,3.53488582708536,0.167519093353312,0.113749638223187,-0.31794630399144,NA,0.784985621091686,0.299036781307789,1.27093446087558,0.0780068516200295,0.116121444217797,2.05134620009072,NA,0.216090625,0.07188125,0.3603,0.28841875,6.67866065980635e-07,6.67866065980635e-07,FALSE,1,TRUE,"yes","yes","no","Cytoplasm,Nucleus",0,TRUE
"isoComp_00033001","geneComp_00004621","ENST00000452950.1","CSTF1","normal","tumor","CSTF1","protein_coding","protein_coding",17.2443146760833,17.8520641613412,16.6365651908254,0.954640807960212,0.535862035971342,-0.101674283601574,NA,2.78273109020548,3.98306251291724,1.58239966749373,0.327531620449994,0.165251560315528,-1.32629318279387,NA,0.16144375,0.22611875,0.09676875,-0.12935,8.77544761347646e-05,8.77544761347646e-05,FALSE,0.856547,TRUE,"yes","no","no","Cytoplasm",0,FALSE
"isoComp_00033271","geneComp_00004676","ENST00000279804.3","CTF1","normal","tumor","CTF1","protein_coding","protein_coding",4.74953066844877,7.93052044441414,1.56854089248341,0.781388151709504,0.233022527276717,-2.33064193432646,NA,4.58296207293073,7.77121990715939,1.39470423870207,0.770228400194752,0.222469002092537,-2.46972995050964,NA,0.92614375,0.9790125,0.873275,-0.1057375,0.00176263087923506,0.00176263087923506,FALSE,0.99261,TRUE,"no","no","no","Cytoplasm",0,FALSE
"isoComp_00033272","geneComp_00004676","ENST00000395019.3","CTF1","normal","tumor","CTF1","protein_coding","protein_coding",4.74953066844877,7.93052044441414,1.56854089248341,0.781388151709504,0.233022527276717,-2.33064193432646,NA,0.166568595518041,0.159300537254744,0.173836653781338,0.0248836266442035,0.0244827759793355,0.118837891754296,NA,0.07385625,0.0209875,0.126725,0.1057375,0.00343164583067434,0.00176263087923506,FALSE,0.991136,TRUE,"no","no","no","Cytoplasm",0,FALSE
"isoComp_00033277","geneComp_00004678","ENST00000330295.10","CTHRC1","normal","tumor","CTHRC1","protein_coding","protein_coding",3.1930050842198,4.35823135507708,2.02777881336252,1.44893677511389,0.83787707958334,-1.1000518023384,NA,2.86429441170535,4.18283162229328,1.54575720111743,1.318471010048,0.635225195736533,-1.43030797089226,NA,0.83762,0.968453333333333,0.706786666666667,-0.261666666666667,0.0343057941540117,0.0101749094021429,FALSE,0.998113,TRUE,"yes","yes","yes","Extracellular",0,TRUE
"isoComp_00033279","geneComp_00004678","ENST00000520337.1","CTHRC1","normal","tumor","CTHRC1","protein_coding","protein_coding",3.1930050842198,4.35823135507708,2.02777881336252,1.44893677511389,0.83787707958334,-1.1000518023384,NA,0.223490994736644,0.0976402186088645,0.349341770864424,0.0748872245560162,0.119485074266231,1.73913942178718,NA,0.151206666666667,0.0235,0.278913333333333,0.255413333333333,0.0101749094021429,0.0101749094021429,FALSE,0.99952,TRUE,"yes","yes","no","Extracellular",0,TRUE
"isoComp_00033777","geneComp_00004709","ENST00000676824.1","CTSK","normal","tumor","CTSK","protein_coding","protein_coding",18.6275437728999,29.5657649837519,7.68932256204785,6.17580948029353,1.34520271909582,-1.94161206614181,NA,9.26562554015781,16.8748748069838,1.65637627333184,3.56296202920901,0.306012469703448,-3.34094537455004,NA,0.42101875,0.6109125,0.231125,-0.3797875,0.0115916604185162,0.0115916604185162,FALSE,0.999998,TRUE,"yes","no","yes","Extracellular",0,FALSE
"isoComp_00034288","geneComp_00004764","ENST00000343575.11","CXCL12","normal","tumor","CXCL12","protein_coding","protein_coding",60.1823142254161,107.001972995948,13.3626554548847,14.7047821039477,1.68123311488972,-3.0004143410877,NA,46.3115003102521,86.4984561368354,6.12454448366887,12.6088193246526,0.990932787611968,-3.81781303534087,NA,0.622896875,0.79649375,0.4493,-0.34719375,1.83399722247934e-11,1.83399722247934e-11,NA,0.0917415,FALSE,NA,NA,NA,NA,0,TRUE
"isoComp_00034289","geneComp_00004764","ENST00000374426.6","CXCL12","normal","tumor","CXCL12","protein_coding","protein_coding",60.1823142254161,107.001972995948,13.3626554548847,14.7047821039477,1.68123311488972,-3.0004143410877,NA,4.83287048553976,6.76285982658344,2.90288114449607,0.984957952227639,0.440451200604312,-1.21731830176606,NA,0.145296875,0.06978125,0.2208125,0.15103125,0.00956894860613568,1.83399722247934e-11,FALSE,0.740279,TRUE,"yes","no","yes","Extracellular",0,TRUE
"isoComp_00034290","geneComp_00004764","ENST00000374429.6","CXCL12","normal","tumor","CXCL12","protein_coding","protein_coding",60.1823142254161,107.001972995948,13.3626554548847,14.7047821039477,1.68123311488972,-3.0004143410877,NA,8.75285268562021,13.3426589759782,4.16304639526219,1.77356930054763,0.515113981131169,-1.67795419551947,NA,0.221775,0.12915,0.3144,0.18525,3.20320404719767e-09,1.83399722247934e-11,NA,0.138084,FALSE,NA,NA,NA,NA,0,TRUE
"isoComp_00034724","geneComp_00004832","ENST00000490576.2","CYP1B1","normal","tumor","CYP1B1","protein_coding","protein_coding",2.08561471207094,2.47540526343373,1.69582416070816,0.346393230674198,0.224918272623857,-0.543012174073142,NA,0.369134048293995,0.232842224285706,0.505425872302284,0.0997043956688806,0.15504944004202,1.08574566393117,NA,0.18011875,0.09315,0.2670875,0.1739375,0.024221832643341,0.0235264160807323,FALSE,1,TRUE,"yes","no","no","Endoplasmic_reticulum",0,FALSE
"isoComp_00034728","geneComp_00004832","ENST00000610745.5","CYP1B1","normal","tumor","CYP1B1","protein_coding","protein_coding",2.08561471207094,2.47540526343373,1.69582416070816,0.346393230674198,0.224918272623857,-0.543012174073142,NA,1.68307839791553,2.21638714755863,1.14976964827243,0.280074721553512,0.196871601394647,-0.94086619759002,NA,0.802765625,0.89814375,0.7073875,-0.19075625,0.0235264160807323,0.0235264160807323,FALSE,1,TRUE,"yes","no","no","Endoplasmic_reticulum",0,FALSE
"isoComp_00035645","geneComp_00004985","ENST00000593500.1","DBP","normal","tumor","DBP","protein_coding","protein_coding",35.3720740816009,35.2567427250306,35.4874054381712,3.63997510885103,2.38903900321829,0.00940524657162615,NA,16.6804773936245,21.3497377890725,12.0112169981766,2.94333277688323,0.919856254225912,-0.829310978383411,NA,0.46763125,0.59428125,0.34098125,-0.2533,1.8860931200904e-05,1.8860931200904e-05,FALSE,0.874337,TRUE,"yes","yes","no","Nucleus",0,FALSE
"isoComp_00035647","geneComp_00004985","ENST00000599385.5","DBP","normal","tumor","DBP","protein_coding","protein_coding",35.3720740816009,35.2567427250306,35.4874054381712,3.63997510885103,2.38903900321829,0.00940524657162615,NA,7.08276775327452,3.76832536848371,10.3972101380653,0.373717261170069,1.17547915634448,1.4617645279451,NA,0.201553125,0.11169375,0.2914125,0.17971875,0.00126764008893422,1.8860931200904e-05,FALSE,0.857691,TRUE,"yes","yes","no","Nucleus",0,FALSE
"isoComp_00035898","geneComp_00005024","ENST00000286648.10","DCK","normal","tumor","DCK","protein_coding","protein_coding",17.5373257231177,14.8488706573862,20.2257807888491,0.731666270410488,0.718934895245628,0.445584047270654,NA,12.0022651740588,8.78541014222416,15.2191202058934,0.474585064337474,0.693931457206445,0.792009839740614,NA,0.67469375,0.5983125,0.751075,0.1527625,0.0376711368573463,0.0195278114674737,FALSE,0.999967,TRUE,"yes","no","no","Cytoplasm,Nucleus",0,TRUE
"isoComp_00035899","geneComp_00005024","ENST00000503359.5","DCK","normal","tumor","DCK","protein_coding","nonsense_mediated_decay",17.5373257231177,14.8488706573862,20.2257807888491,0.731666270410488,0.718934895245628,0.445584047270654,NA,4.89108616389013,5.4654116838252,4.31676064395507,0.555522197112949,0.346270294764415,-0.339680128574687,NA,0.28778125,0.3615,0.2140625,-0.1474375,0.0195278114674737,0.0195278114674737,TRUE,0.995,TRUE,"no","yes","no","Nucleus",0,TRUE
"isoComp_00035960","geneComp_00005032","ENST00000393155.6","DCN","normal","tumor","DCN","protein_coding","nonsense_mediated_decay",215.482014342402,420.425436804157,10.5385918806471,80.2932494250567,1.97387677561763,-5.3167619401583,NA,56.7038390417513,112.063929841032,1.3437482424703,20.2534246013579,0.39309439635852,-6.37134744855632,NA,0.197532258064516,0.26901875,0.12128,-0.14773875,0.0477542849711316,1.39357498581526e-08,TRUE,0.989458,TRUE,"yes","no","yes","Extracellular",0,TRUE
"isoComp_00036281","geneComp_00005065","ENST00000256996.9","DDB2","normal","tumor","DDB2","protein_coding","protein_coding",12.4411274011204,9.14020582206243,15.7420489801784,0.813871990288765,0.990844647166568,0.783663401908405,NA,7.68424731556069,4.88243983886746,10.4860547922539,0.439279708776711,0.673164557435799,1.10122114074107,NA,0.60163125,0.53800625,0.66525625,0.12725,0.0158115445270978,0.0158115445270978,FALSE,1,TRUE,"yes","no","no","Nucleus",0,TRUE
"isoComp_00036289","geneComp_00005065","ENST00000614884.1","DDB2","normal","tumor","DDB2","protein_coding","retained_intron",12.4411274011204,9.14020582206243,15.7420489801784,0.813871990288765,0.990844647166568,0.783663401908405,NA,1.63628505083025,1.95269510242372,1.31987499923678,0.333592760611584,0.291805905002229,-0.561545425873172,NA,0.13925625,0.20149375,0.07701875,-0.124475,0.0278557497737532,0.0158115445270978,NA,0.0646703,FALSE,NA,NA,NA,NA,0,TRUE
"isoComp_00036375","geneComp_00005077","ENST00000368923.8","DDO","normal","tumor","DDO","protein_coding","protein_coding",6.70820700441887,5.91753614793782,7.49887786089992,0.42787748392823,0.581755042376215,0.341164769387724,NA,2.71051424236039,2.81228763540665,2.60874084931413,0.22081378335067,0.229720032500179,-0.107991731095705,NA,0.414509375,0.4777375,0.35128125,-0.12645625,0.0246769327461131,0.0238668825232542,FALSE,0.999965,TRUE,"yes","no","no","Peroxisome",0,TRUE
"isoComp_00036376","geneComp_00005077","ENST00000368924.9","DDO","normal","tumor","DDO","protein_coding","protein_coding",6.70820700441887,5.91753614793782,7.49887786089992,0.42787748392823,0.581755042376215,0.341164769387724,NA,3.96793961877956,3.0628497703274,4.87302946723171,0.279988747584868,0.423687969478211,0.668199247908113,NA,0.5793125,0.5136,0.645025,0.131425,0.0238668825232542,0.0238668825232542,FALSE,0.999999,TRUE,"yes","no","no","Peroxisome",0,TRUE
"isoComp_00036378","geneComp_00005078","ENST00000415136.6","DDOST","normal","tumor","DDOST","protein_coding","protein_coding",200.413617659034,229.262783485472,171.564451832595,14.7266025005545,6.67671007119951,-0.418230360246712,NA,58.011626755096,54.7039033280362,61.3193501821558,1.92395599699564,2.10418687989433,0.164670182657711,NA,0.3059125,0.24975625,0.36206875,0.1123125,0.00273891622463087,0.00273891622463087,FALSE,1,TRUE,"yes","no","yes","Endoplasmic_reticulum",0,TRUE
"isoComp_00037532","geneComp_00005214","ENST00000477226.6","DES","normal","tumor","DES","protein_coding","retained_intron",11.4090592383019,19.8010572946467,3.01706118195714,3.10434054863016,0.401825285022719,-2.71031613750541,NA,4.77726647464995,9.04854226158346,0.505990687716437,1.29027889221087,0.129120376748713,-4.1338619703239,NA,0.307987096774194,0.4660125,0.139426666666667,-0.326585833333333,0.000894786356433134,0.000894786356433134,NA,0.999686,TRUE,NA,NA,NA,NA,0,TRUE
"isoComp_00037988","geneComp_00005266","ENST00000666884.1","DHRS4-AS1","normal","tumor","DHRS4-AS1","lncRNA","lncRNA",16.5616806693092,18.5980822916081,14.5252790470102,1.40269589717432,0.707115316333523,-0.356370613579667,NA,3.32568429464972,2.87502194361756,3.77634664568189,0.21360327463787,0.297766660135668,0.392224205849224,NA,0.2122125,0.1606,0.263825,0.103225,0.0350136040526075,0.0350136040526075,NA,0.0542529,FALSE,NA,NA,NA,NA,1,TRUE
"isoComp_00038288","geneComp_00005304","ENST00000681192.1","DIMT1","normal","tumor","DIMT1","protein_coding","protein_coding",26.7979195334547,23.6862715390254,29.9095675278839,1.21780108870619,0.996094983740492,0.336429244067314,NA,9.05068344023064,6.45617585475061,11.6451910257107,0.400577141401291,0.600884004262177,0.849988001291461,NA,0.333640625,0.27779375,0.3894875,0.11169375,0.0415523127395364,0.0415523127395364,FALSE,0.999967,TRUE,"yes","no","no","Cytoplasm,Nucleus",0,TRUE
"isoComp_00038387","geneComp_00005320","ENST00000377934.4","DIPK2B","normal","tumor","DIPK2B","protein_coding","protein_coding",10.4124160077628,9.95642026837537,10.8684117471502,0.878749810911697,0.822861105977168,0.126320621245984,NA,3.16458888802274,2.48217514514818,3.84700263089729,0.205262810673357,0.283284274057528,0.630074668359122,NA,0.30316875,0.2503125,0.356025,0.1057125,9.85092036438145e-09,7.85637460097586e-09,FALSE,0.677666,TRUE,"no","no","yes","Extracellular",0,TRUE
"isoComp_00038388","geneComp_00005320","ENST00000398000.7","DIPK2B","normal","tumor","DIPK2B","protein_coding","protein_coding",10.4124160077628,9.95642026837537,10.8684117471502,0.878749810911697,0.822861105977168,0.126320621245984,NA,7.18620349203748,7.43701877721157,6.93538820686338,0.691159796713872,0.551677460606398,-0.100607660489615,NA,0.68968125,0.74493125,0.63443125,-0.1105,7.85637460097586e-09,7.85637460097586e-09,FALSE,1,TRUE,"yes","no","yes","Extracellular",0,TRUE
"isoComp_00039106","geneComp_00005398","ENST00000255189.8","DMGDH","normal","tumor","DMGDH","protein_coding","protein_coding",9.39317135148128,6.05877264187262,12.7275700610899,0.607575103487433,1.21786370951672,1.06961340356118,NA,3.01313159008059,2.81382274851166,3.21244043164952,0.331952515903596,0.382223707691191,0.190504156511776,NA,0.3547625,0.45850625,0.25101875,-0.2074875,1.3494677198399e-05,1.3494677198399e-05,FALSE,1,TRUE,"yes","no","no","Mitochondrion",0,TRUE
"isoComp_00039110","geneComp_00005398","ENST00000520388.5","DMGDH","normal","tumor","DMGDH","protein_coding","protein_coding_CDS_not_defined",9.39317135148128,6.05877264187262,12.7275700610899,0.607575103487433,1.21786370951672,1.06961340356118,NA,3.18784025016799,1.10134378296428,5.2743367173717,0.247471630456567,0.693441278354762,2.24941722899375,NA,0.281575,0.16295625,0.40019375,0.2372375,0.00515979253973666,1.3494677198399e-05,NA,0.016816,FALSE,NA,NA,NA,NA,0,TRUE
"isoComp_00039111","geneComp_00005398","ENST00000520855.1","DMGDH","normal","tumor","DMGDH","protein_coding","protein_coding_CDS_not_defined",9.39317135148128,6.05877264187262,12.7275700610899,0.607575103487433,1.21786370951672,1.06961340356118,NA,1.1637635528481,0.217412975197044,2.11011413049916,0.070176363917753,0.230805951213578,3.22075545478238,NA,0.102125,0.03404375,0.17020625,0.1361625,0.000136960714899882,1.3494677198399e-05,NA,0.030758,FALSE,NA,NA,NA,NA,0,TRUE
"isoComp_00039114","geneComp_00005398","ENST00000523732.1","DMGDH","normal","tumor","DMGDH","protein_coding","protein_coding",9.39317135148128,6.05877264187262,12.7275700610899,0.607575103487433,1.21786370951672,1.06961340356118,NA,0.878262115221019,0.981863530934,0.774660699508039,0.117481098761847,0.122369985680928,-0.338072692715787,NA,0.116075,0.16960625,0.06254375,-0.1070625,0.000187975589934315,1.3494677198399e-05,FALSE,1,TRUE,"yes","no","no","Cytoplasm",0,TRUE
"isoComp_00039365","geneComp_00005420","ENST00000519595.5","DNAAF11","normal","tumor","DNAAF11","protein_coding","protein_coding",8.80768445975031,10.3104643409223,7.30490457857827,0.527168020946561,0.517852945500099,-0.496596932379016,NA,2.79010225872923,2.39288842619564,3.18731609126283,0.234151604915328,0.310706126328758,0.412091717001398,NA,0.331546875,0.23004375,0.43305,0.20300625,0.00370493497173891,0.00370493497173891,FALSE,1,TRUE,"yes","yes","no","Cytoplasm,Nucleus",0,FALSE
"isoComp_00039371","geneComp_00005420","ENST00000620350.5","DNAAF11","normal","tumor","DNAAF11","protein_coding","protein_coding",8.80768445975031,10.3104643409223,7.30490457857827,0.527168020946561,0.517852945500099,-0.496596932379016,NA,2.87737631993604,3.90841937403483,1.84633326583724,0.242510697724623,0.132823426870999,-1.07781607276313,NA,0.31993125,0.38070625,0.25915625,-0.12155,0.0124895768079472,0.00370493497173891,FALSE,1,TRUE,"yes","yes","no","Cytoplasm,Nucleus",0,FALSE
"isoComp_00039499","geneComp_00005441","ENST00000389394.8","DNAH6","normal","tumor","DNAH6","protein_coding","protein_coding",1.77223566513905,2.15118215912592,1.39328917115218,0.0950201026491319,0.0824902869003069,-0.62300834648686,NA,0.454197519871942,0.79118363868506,0.117211401058825,0.0441878188564465,0.0292908139270391,-2.65490498457973,NA,0.225884375,0.36915,0.08261875,-0.28653125,0.00817763733510276,0.00817763733510276,FALSE,1,TRUE,"yes","no","no","Cytoplasm",0,TRUE
"isoComp_00039500","geneComp_00005441","ENST00000468661.1","DNAH6","normal","tumor","DNAH6","protein_coding","protein_coding_CDS_not_defined",1.77223566513905,2.15118215912592,1.39328917115218,0.0950201026491319,0.0824902869003069,-0.62300834648686,NA,1.07958019914633,1.00326241128601,1.15589798700665,0.0788880887157692,0.0736244979896183,0.202433715227123,NA,0.648775,0.46326875,0.83428125,0.3710125,0.00900653731402174,0.00817763733510276,NA,0.805414,TRUE,NA,NA,NA,NA,0,TRUE
"isoComp_00039788","geneComp_00005480","ENST00000379221.4","DNAJC15","normal","tumor","DNAJC15","protein_coding","protein_coding",20.2058023986874,16.2461397496701,24.1654650477047,0.760477517094069,1.2485213321158,0.572558932417594,NA,7.75240188960703,7.24547762254959,8.25932615666447,0.316922415573817,0.347329018408199,0.18869918423302,NA,0.3975875,0.44956875,0.34560625,-0.1039625,0.000317336300938522,0.000312145766797642,FALSE,0.650446,TRUE,"yes","no","no","Mitochondrion",0,TRUE
"isoComp_00039789","geneComp_00005480","ENST00000474320.1","DNAJC15","normal","tumor","DNAJC15","protein_coding","protein_coding_CDS_not_defined",20.2058023986874,16.2461397496701,24.1654650477047,0.760477517094069,1.2485213321158,0.572558932417594,NA,12.4534005090804,9.00066212712053,15.9061388910402,0.511172500690377,0.978891960429956,0.820785365705943,NA,0.6024125,0.55043125,0.65439375,0.1039625,0.000312145766797642,0.000312145766797642,NA,0.51084,TRUE,NA,NA,NA,NA,0,TRUE
"isoComp_00040238","geneComp_00005543","ENST00000321117.10","DNMT3A","normal","tumor","DNMT3A","protein_coding","protein_coding",5.704967178078,6.11654683734563,5.29338751881037,0.236598143068057,0.214597424698624,-0.208159973217435,NA,2.00238165484275,2.58843575086217,1.41632755882333,0.117308342461737,0.0814726488985202,-0.865338049771561,NA,0.34583125,0.42416875,0.26749375,-0.156675,1.56486294171746e-07,1.56486294171746e-07,FALSE,1,TRUE,"yes","yes","no","Nucleus",0,TRUE
"isoComp_00040434","geneComp_00005564","ENST00000637255.1","DOCK7","normal","tumor","DOCK7","protein_coding","protein_coding",10.1206520657589,11.4751106097002,8.76619352181763,0.828896456225278,0.551034481198548,-0.388097507211746,NA,3.33876036951045,3.10804115341599,3.56947958560492,0.177145379844458,0.201290090987766,0.199109882230544,NA,0.3522125,0.28515625,0.41926875,0.1341125,0.0484432640604453,0.00180606587822006,FALSE,1,TRUE,"yes","yes","no","Cytoplasm",0,TRUE
"isoComp_00041704","geneComp_00005743","ENST00000339738.10","DUSP15","normal","tumor","DUSP15","protein_coding","protein_coding",18.8071244135116,10.5743465587519,27.0399022682713,1.40498613269551,2.97674854702649,1.35369117652938,NA,2.21801491385341,2.07090448701892,2.3651253406879,0.234495814643808,0.25656034508489,0.190792902442169,NA,0.1543,0.21469375,0.09390625,-0.1207875,0.00173963233596116,0.00173963233596116,FALSE,0.993187,TRUE,"yes","no","no","Cytoplasm",0,TRUE
"isoComp_00041707","geneComp_00005743","ENST00000398084.6","DUSP15","normal","tumor","DUSP15","protein_coding","protein_coding",18.8071244135116,10.5743465587519,27.0399022682713,1.40498613269551,2.97674854702649,1.35369117652938,NA,10.8064339927724,5.24772500373311,16.3651429818118,0.793737533329345,1.92321628806222,1.63899691243701,NA,0.539009375,0.4810375,0.59698125,0.11594375,0.00389074913516245,0.00173963233596116,FALSE,0.63226,TRUE,"no","no","no",NA,0,TRUE
"isoComp_00041757","geneComp_00005751","ENST00000479788.5","DUSP28","normal","tumor","DUSP28","protein_coding","protein_coding_CDS_not_defined",3.79497310777452,4.53849112772755,3.05145508782149,0.200491929351103,0.146416394259647,-0.57117052042005,NA,0.647755293224292,0.999866054221234,0.29564453222735,0.12738141530706,0.0893462053164288,-1.72423728706039,NA,0.158546875,0.2203,0.09679375,-0.12350625,0.0111985225117503,0.0111985225117503,NA,0.0585429,FALSE,NA,NA,NA,NA,0,FALSE
"isoComp_00041844","geneComp_00005788","ENST00000378888.10","DVL1","normal","tumor","DVL1","protein_coding","protein_coding",18.3641437176331,17.5664932952702,19.161794139996,1.01269074784067,0.927407618446483,0.125338088419054,NA,7.22251337582501,5.76073996466985,8.68428678698017,0.424100507266591,0.527848373507013,0.591311361492496,NA,0.38990625,0.3279625,0.45185,0.1238875,0.000994078860380137,0.000994078860380137,FALSE,1,TRUE,"yes","yes","no","Cytoplasm,Cell_membrane",0,FALSE
"isoComp_00041845","geneComp_00005788","ENST00000378891.9","DVL1","normal","tumor","DVL1","protein_coding","protein_coding",18.3641437176331,17.5664932952702,19.161794139996,1.01269074784067,0.927407618446483,0.125338088419054,NA,9.73218741042627,10.3564557064225,9.10791911443005,0.690340579008489,0.537376444084722,-0.185146204546116,NA,0.531009375,0.5873625,0.47465625,-0.11270625,0.048378135494741,0.000994078860380137,FALSE,1,TRUE,"yes","yes","no","Cytoplasm,Cell_membrane",0,FALSE
"isoComp_00042594","geneComp_00005893","ENST00000232458.9","ECT2","normal","tumor","ECT2","protein_coding","protein_coding",5.22098091739747,4.28122117268064,6.1607406621143,0.210831354947204,0.309950927132601,0.524055403113202,NA,1.59355494373173,0.818339489203033,2.36877039826043,0.0756694823232049,0.173843664188412,1.52192195523957,NA,0.289184375,0.1950375,0.38333125,0.18829375,0.0267611959961041,0.0267611959961041,FALSE,1,TRUE,"yes","yes","no","Cytoplasm,Nucleus",0,FALSE
"isoComp_00042597","geneComp_00005893","ENST00000392692.8","ECT2","normal","tumor","ECT2","protein_coding","protein_coding",5.22098091739747,4.28122117268064,6.1607406621143,0.210831354947204,0.309950927132601,0.524055403113202,NA,2.0728868474337,2.21445920131261,1.93131449355479,0.167345145090159,0.184196489542284,-0.196420784331334,NA,0.413490625,0.51099375,0.3159875,-0.19500625,0.0448423610578388,0.0267611959961041,FALSE,1,TRUE,"yes","yes","no","Cytoplasm,Nucleus",0,FALSE
"isoComp_00043068","geneComp_00005998","ENST00000356087.8","EFCAB6","normal","tumor","EFCAB6","protein_coding","protein_coding",3.07428636577076,3.57034700679663,2.57822572474489,0.145252594087279,0.107164440696991,-0.468135976732082,NA,0.95322556283014,0.950671380089104,0.955779745571176,0.0650065679334181,0.0624979279647159,0.00765119937231055,NA,0.3167875,0.266725,0.36685,0.100125,0.0407974672668034,0.0407974672668034,FALSE,0.987837,TRUE,"no","no","no","Cytoplasm",0,TRUE
"isoComp_00043361","geneComp_00006045","ENST00000263991.9","EHBP1","normal","tumor","EHBP1","protein_coding","protein_coding",19.3896670486494,20.5889428777468,18.190391219552,1.05621443925343,0.902650584691976,-0.178600839626945,NA,3.24949312374602,2.32240595980646,4.17658028768557,0.319021163732181,0.415848578233864,0.843953378237564,NA,0.16886875,0.1109625,0.226775,0.1158125,0.0120083877253813,0.0120083877253813,FALSE,1,TRUE,"yes","yes","no","Cytoplasm",0,TRUE
"isoComp_00044541","geneComp_00006199","ENST00000686609.2","ELOA-AS1","normal","tumor","ELOA-AS1","lncRNA","lncRNA",4.27161000708958,5.09444049602074,3.44877951815842,0.372782649210835,0.217146054924191,-0.561489782960589,NA,1.55095662839972,2.45647905560122,0.64543420119823,0.251980298879345,0.102549557795518,-1.91193017537175,NA,0.32649375,0.47405,0.1789375,-0.2951125,7.06834420056132e-05,7.06834420056132e-05,NA,0.00750671,FALSE,NA,NA,NA,NA,0,FALSE
"isoComp_00044812","geneComp_00006230","ENST00000376918.7","EMC10","normal","tumor","EMC10","protein_coding","protein_coding",164.437333569484,159.770452631179,169.104214507789,24.1035942367183,20.0127549140674,0.0819070059694543,NA,64.2388433118057,73.0861591269034,55.391527496708,5.05284131839591,4.02228243685143,-0.399869847139699,NA,0.43703125,0.51515,0.3589125,-0.1562375,1.86986580703967e-05,1.86986580703967e-05,FALSE,0.999921,TRUE,"yes","no","yes","Endoplasmic_reticulum",1,TRUE
"isoComp_00044817","geneComp_00006230","ENST00000599293.1","EMC10","normal","tumor","EMC10","protein_coding","nonsense_mediated_decay",164.437333569484,159.770452631179,169.104214507789,24.1035942367183,20.0127549140674,0.0819070059694543,NA,26.1111864181335,17.5037637335663,34.7186091027006,1.27062658980252,3.10951788244379,0.987635476880419,NA,0.18393125,0.13191875,0.23594375,0.104025,0.0221193800673965,1.86986580703967e-05,NA,0.0707162,FALSE,NA,NA,NA,NA,1,TRUE
"isoComp_00045329","geneComp_00006326","ENST00000548360.1","ENSG00000144785","normal","tumor","ENSG00000144785","protein_coding","protein_coding",19.8855360607003,23.0729916280512,16.6980804933495,5.10011316166019,2.43362517555554,-0.466284214898266,NA,13.6512940418895,20.4896169883612,6.81297109541771,4.71138021637487,1.16290682302001,-1.58712494524941,NA,0.6334875,0.86306875,0.40390625,-0.4591625,0.000264763512184155,0.000264763512184155,NA,0.0660163,FALSE,NA,NA,NA,NA,0,FALSE
"isoComp_00045330","geneComp_00006326","ENST00000549318.5","ENSG00000144785","normal","tumor","ENSG00000144785","protein_coding","protein_coding",19.8855360607003,23.0729916280512,16.6980804933495,5.10011316166019,2.43362517555554,-0.466284214898266,NA,5.4605971967164,1.77463045885302,9.14656393457979,0.619413234637845,1.73650429508278,2.35918095018855,NA,0.286075,0.06998125,0.50216875,0.4321875,0.0009002933841304,0.000264763512184155,NA,0.445245,FALSE,NA,NA,NA,NA,0,FALSE
"isoComp_00046533","geneComp_00007043","ENST00000431981.2","ENSG00000227388","normal","tumor","ENSG00000227388","lncRNA","lncRNA",1.38871602402182,1.69167116642837,1.08576088161527,0.178911029075354,0.235500616318214,-0.635019269503251,NA,0.591559006605127,0.929967422871979,0.253150590338274,0.137484875683309,0.128551518637234,-1.83672212583459,NA,0.32035,0.4969375,0.1437625,-0.353175,0.00709058257825829,0.00709058257825829,NA,0.115792,FALSE,NA,NA,NA,NA,0,FALSE
"isoComp_00046711","geneComp_00007109","ENST00000430844.5","ENSG00000228010","normal","tumor","ENSG00000228010","lncRNA","lncRNA",3.17634382587498,4.98946307085285,1.36322458089712,0.516257429191642,0.243388119500269,-1.86420557449855,NA,2.84024028676475,4.59992954609647,1.08055102743304,0.4927029812595,0.22503024260764,-2.07968742601799,NA,0.81726875,0.91509375,0.71944375,-0.19565,0.012968351278331,0.012968351278331,NA,0.0268646,FALSE,NA,NA,NA,NA,0,FALSE
"isoComp_00046787","geneComp_00007154","ENST00000411904.2","ENSG00000228401","normal","tumor","ENSG00000228401","lncRNA","lncRNA",2.34716088681583,2.31986312451305,2.37445864911862,0.150957541144372,0.184909472508534,0.0334165624793976,NA,1.16361375241681,0.778668499176738,1.54855900565688,0.124082336972418,0.169010061686355,0.982721850014148,NA,0.476421875,0.31978125,0.6330625,0.31328125,0.000296360362892114,0.000296360362892114,NA,0.0824843,FALSE,NA,NA,NA,NA,0,FALSE
"isoComp_00046788","geneComp_00007154","ENST00000674687.3","ENSG00000228401","normal","tumor","ENSG00000228401","lncRNA","lncRNA",2.34716088681583,2.31986312451305,2.37445864911862,0.150957541144372,0.184909472508534,0.0334165624793976,NA,0.511546294513615,0.657526593298246,0.365565995728983,0.0441516025603296,0.0356030872679351,-0.829758867561957,NA,0.223940625,0.2880625,0.15981875,-0.12824375,0.023161308138148,0.000296360362892114,NA,0.341985,FALSE,NA,NA,NA,NA,0,FALSE
"isoComp_00049160","geneComp_00008499","ENST00000473753.2","ENSG00000247934","normal","tumor","ENSG00000247934","lncRNA","lncRNA",3.37801862406415,3.52673856034119,3.22929868778712,0.252296970432534,0.209832359864488,-0.126738075716066,NA,0.438775852945983,0.235724024579743,0.641827681312223,0.0475820233440586,0.103259088991154,1.40745170290808,NA,0.12945625,0.0650125,0.1939,0.1288875,0.00878782119466663,0.00769059568405766,NA,0.0423314,FALSE,NA,NA,NA,NA,0,FALSE
"isoComp_00049161","geneComp_00008499","ENST00000617468.1","ENSG00000247934","normal","tumor","ENSG00000247934","lncRNA","lncRNA",3.37801862406415,3.52673856034119,3.22929868778712,0.252296970432534,0.209832359864488,-0.126738075716066,NA,2.93924277111817,3.29101453576144,2.5874710064749,0.238479785494148,0.166301234343703,-0.345801845820371,NA,0.87054375,0.9349875,0.8061,-0.1288875,0.00769059568405766,0.00769059568405766,NA,0.0722741,FALSE,NA,NA,NA,NA,0,FALSE
"isoComp_00052011","geneComp_00010385","ENST00000564536.2","ENSG00000260643","normal","tumor","ENSG00000260643","protein_coding","protein_coding",8.69407551807177,10.9328415158161,6.45530952032744,1.07957362219396,0.527883862300933,-0.759196065432051,NA,3.61261971215318,5.08176585538828,2.14347356891808,0.461591594304214,0.175959180706127,-1.24150046201471,NA,0.404171875,0.47135625,0.3369875,-0.13436875,0.00722721670874832,0.00487126152113816,FALSE,0.990397,TRUE,"yes","no","no","Mitochondrion",0,TRUE
"isoComp_00052012","geneComp_00010385","ENST00000638948.1","ENSG00000260643","normal","tumor","ENSG00000260643","protein_coding","protein_coding",8.69407551807177,10.9328415158161,6.45530952032744,1.07957362219396,0.527883862300933,-0.759196065432051,NA,4.14763645796191,4.69142478722382,3.60384812869999,0.600849190626142,0.342496841607507,-0.379562159574816,NA,0.4851375,0.4194375,0.5508375,0.1314,0.00487126152113816,0.00487126152113816,NA,0.0154111,FALSE,NA,NA,NA,NA,0,TRUE
"isoComp_00052461","geneComp_00010707","ENST00000564775.4","ENSG00000261840","normal","tumor","ENSG00000261840","lncRNA","lncRNA",4.22964040919397,5.87724100982987,2.58203980855807,0.554648641991894,0.304068792099197,-1.18350381409956,NA,2.21064156949081,3.62290889514326,0.798374243838364,0.375737107959953,0.13504923797001,-2.16802992591572,NA,0.446078125,0.61334375,0.2788125,-0.33453125,3.05710909240213e-10,3.05710909240213e-10,NA,0.00424956,FALSE,NA,NA,NA,NA,0,TRUE
"isoComp_00052464","geneComp_00010707","ENST00000686453.1","ENSG00000261840","normal","tumor","ENSG00000261840","lncRNA","lncRNA",4.22964040919397,5.87724100982987,2.58203980855807,0.554648641991894,0.304068792099197,-1.18350381409956,NA,1.1847068341162,1.32833703566175,1.04107663257066,0.154637490388607,0.14490456789078,-0.348573619975688,NA,0.307184375,0.22005,0.39431875,0.17426875,0.000441614998712839,3.05710909240213e-10,NA,0.0534452,FALSE,NA,NA,NA,NA,1,TRUE
"isoComp_00053015","geneComp_00011100","ENST00000579332.1","ENSG00000266767","normal","tumor","ENSG00000266767","lncRNA","lncRNA",3.89821531614011,4.69986959480429,3.09656103747593,0.441405635531267,0.316872816335609,-0.600368715042473,NA,0.433648590068896,0.267932798920323,0.599364381217468,0.0423976406341703,0.0703816221391139,1.13256907617372,NA,0.13365,0.06056875,0.20673125,0.1461625,2.27636935254935e-05,8.45729631077044e-06,NA,0.0257138,FALSE,NA,NA,NA,NA,0,FALSE
"isoComp_00053016","geneComp_00011100","ENST00000579509.1","ENSG00000266767","normal","tumor","ENSG00000266767","lncRNA","lncRNA",3.89821531614011,4.69986959480429,3.09656103747593,0.441405635531267,0.316872816335609,-0.600368715042473,NA,3.46456672607122,4.43193679588397,2.49719665625846,0.422898501123428,0.295831011217602,-0.825113704125614,NA,0.86635,0.93943125,0.79326875,-0.1461625,8.45729631077044e-06,8.45729631077044e-06,NA,0.107939,FALSE,NA,NA,NA,NA,0,FALSE
"isoComp_00053094","geneComp_00011154","ENST00000591567.1","ENSG00000267009","normal","tumor","ENSG00000267009","lncRNA","lncRNA",1.58846551714298,1.88791668926938,1.28901434501658,0.173789920289548,0.129873498559201,-0.546999302818513,NA,0.945116372350564,1.31677223015433,0.573460514546793,0.119448000601798,0.07738940334771,-1.18521379085236,NA,0.559896875,0.70280625,0.4169875,-0.28581875,0.00597220396509295,0.00468559698907625,NA,0.0589199,FALSE,NA,NA,NA,NA,0,FALSE
"isoComp_00053095","geneComp_00011154","ENST00000592030.1","ENSG00000267009","normal","tumor","ENSG00000267009","lncRNA","lncRNA",1.58846551714298,1.88791668926938,1.28901434501658,0.173789920289548,0.129873498559201,-0.546999302818513,NA,0.48230491710184,0.395956954245187,0.568652879958492,0.0607506001821495,0.0643907179131883,0.511371410428807,NA,0.3412125,0.20251875,0.47990625,0.2773875,0.00468559698907625,0.00468559698907625,NA,0.0162487,FALSE,NA,NA,NA,NA,0,FALSE
"isoComp_00053319","geneComp_00011281","ENST00000593655.5","ENSG00000267383","normal","tumor","ENSG00000267383","lncRNA","lncRNA",3.48690984658497,5.55898432297061,1.41483537019934,0.479598324638153,0.256619161829902,-1.96661899582083,NA,0.568101345119509,0.999652862603956,0.136549827635063,0.112976794347963,0.0646018120550503,-2.78439617658172,NA,0.11516875,0.17286875,0.05746875,-0.1154,0.0106292914692063,0.0106292914692063,NA,0.0215492,FALSE,NA,NA,NA,NA,0,FALSE
"isoComp_00058965","geneComp_00015464","ENST00000660892.2","ENSG00000288061","normal","tumor","ENSG00000288061","lncRNA","lncRNA",3.20123963302174,3.16086138729046,3.24161787875301,0.233478918453534,0.305816375689799,0.0362829137085015,NA,0.716597275355321,0.977623629247701,0.455570921462942,0.0839578363085594,0.0637014157145906,-1.08496040039032,NA,0.235475,0.32206875,0.14888125,-0.1731875,0.00931675785160471,0.0086431992188049,NA,0.0481414,FALSE,NA,NA,NA,NA,0,FALSE
"isoComp_00058966","geneComp_00015464","ENST00000690490.2","ENSG00000288061","normal","tumor","ENSG00000288061","lncRNA","lncRNA",3.20123963302174,3.16086138729046,3.24161787875301,0.233478918453534,0.305816375689799,0.0362829137085015,NA,2.48464235766642,2.18323775804276,2.78604695729007,0.216569210647132,0.277713930664113,0.350326373870482,NA,0.764525,0.67793125,0.85111875,0.1731875,0.0086431992188049,0.0086431992188049,NA,0.237518,FALSE,NA,NA,NA,NA,0,FALSE
"isoComp_00059600","geneComp_00015939","ENST00000691150.1","ENSG00000289132","normal","tumor","ENSG00000289132","lncRNA","lncRNA",1.25090510429344,1.25550855516107,1.24630165342581,0.0815594260173868,0.0801272306571528,-0.0105343458810344,NA,0.288438292824337,0.177137870187136,0.399738715461539,0.0344315345945796,0.0395220644763854,1.1306026775216,NA,0.231053125,0.13519375,0.3269125,0.19171875,0.00484200789865223,0.00484200789865223,NA,0.154442,FALSE,NA,NA,NA,NA,0,FALSE
"isoComp_00061204","geneComp_00016963","ENST00000649209.1","ENSG00000291041","normal","tumor","ENSG00000291041","lncRNA","lncRNA",3.70697420065735,5.18404953977765,2.22989886153706,0.476005456026451,0.228014708023252,-1.21342618266601,NA,0.522404369667554,0.92523221958441,0.119576519750699,0.125164388164991,0.0422447510841153,-2.85152031824745,NA,0.1082,0.1701875,0.0462125,-0.123975,0.00982369959028413,0.00982369959028413,NA,0.5,TRUE,NA,NA,NA,NA,0,TRUE
"isoComp_00061271","geneComp_00016972","ENST00000652578.1","ENSG00000291055","normal","tumor","ENSG00000291055","lncRNA","lncRNA",6.00156159508523,5.72565926522277,6.27746392494769,0.288535101800938,0.308809404561326,0.132518896022326,NA,1.79128238882789,2.19132634318306,1.39123843447271,0.166201550093912,0.12978908886449,-0.651670572986598,NA,0.3022,0.38125,0.22315,-0.1581,0.0106747303035446,0.0106747303035446,NA,0.364841,FALSE,NA,NA,NA,NA,0,FALSE
"isoComp_00061561","geneComp_00017005","ENST00000442128.2","ENSG00000291126","normal","tumor","ENSG00000291126","lncRNA","lncRNA",3.76484954196987,4.76145642560477,2.76824265833498,0.392115457879447,0.373829627403486,-0.780257084281936,NA,1.12193673772566,1.19841981717407,1.04545365827725,0.0966810944309824,0.12659016474639,-0.195258512708374,NA,0.3219,0.2515125,0.3922875,0.140775,0.0131429878244119,0.0110959616641899,NA,0.606982,TRUE,NA,NA,NA,NA,1,TRUE
"isoComp_00061563","geneComp_00017005","ENST00000702794.1","ENSG00000291126","normal","tumor","ENSG00000291126","lncRNA","lncRNA",3.76484954196987,4.76145642560477,2.76824265833498,0.392115457879447,0.373829627403486,-0.780257084281936,NA,2.33344403949534,3.15801503692699,1.50887304206369,0.290320246009674,0.239318496437287,-1.06057789873148,NA,0.589959375,0.65484375,0.525075,-0.12976875,0.0110959616641899,0.0110959616641899,NA,0.0473205,FALSE,NA,NA,NA,NA,0,TRUE
"isoComp_00061658","geneComp_00017011","ENST00000429784.2","ENSG00000291138","normal","tumor","ENSG00000291138","lncRNA","lncRNA",4.00303379494014,3.80613502045946,4.19993256942083,0.285143132116241,0.301897435701416,0.141684908884671,NA,0.443105032381207,0.714196016609578,0.172014048152836,0.0681754424815575,0.045772819118287,-1.99233043702041,NA,0.12221875,0.1995375,0.0449,-0.1546375,0.000102532224553108,0.000102532224553108,NA,0.163801,FALSE,NA,NA,NA,NA,0,FALSE
"isoComp_00061660","geneComp_00017011","ENST00000606395.1","ENSG00000291138","normal","tumor","ENSG00000291138","lncRNA","lncRNA",4.00303379494014,3.80613502045946,4.19993256942083,0.285143132116241,0.301897435701416,0.141684908884671,NA,0.651525829073944,0.934054201688588,0.3689974564593,0.0719569306344379,0.0523685356696055,-1.3166815263278,NA,0.172628125,0.252275,0.09298125,-0.15929375,0.000613778176413514,0.000102532224553108,NA,0.367551,FALSE,NA,NA,NA,NA,0,FALSE
"isoComp_00061663","geneComp_00017011","ENST00000635606.3","ENSG00000291138","normal","tumor","ENSG00000291138","lncRNA","lncRNA",4.00303379494014,3.80613502045946,4.19993256942083,0.285143132116241,0.301897435701416,0.141684908884671,NA,0.48829042408916,0.18224832644779,0.794332521730531,0.0470174881922745,0.103227446409242,2.06482101463285,NA,0.121121875,0.048175,0.19406875,0.14589375,0.00200214627676145,0.000102532224553108,NA,0.00509477,FALSE,NA,NA,NA,NA,0,FALSE
"isoComp_00061802","geneComp_00017027","ENST00000685970.1","ENSG00000291174","normal","tumor","ENSG00000291174","lncRNA","lncRNA",4.03947088481915,4.9969948085457,3.08194696109261,0.409966561940174,0.311989366650669,-0.69542938793004,NA,2.01574243145976,2.83092225139356,1.20056261152597,0.223649677928444,0.124567640518182,-1.23068165036323,NA,0.48363125,0.5746,0.3926625,-0.1819375,1.27122961158965e-05,1.27122961158965e-05,NA,0.0232776,FALSE,NA,NA,NA,NA,2,TRUE
"isoComp_00062604","geneComp_00017153","ENST00000337057.8","EPB41L2","normal","tumor","EPB41L2","protein_coding","protein_coding",38.9964904954837,49.3443363975506,28.6486445934167,2.78950958078935,1.33138436264699,-0.784206469953538,NA,12.6030649172426,19.7714739981903,5.43465583629494,1.72503192384097,0.40484096371747,-1.86123716885941,NA,0.28990625,0.39310625,0.18670625,-0.2064,2.19938053535922e-16,2.19938053535922e-16,FALSE,1,TRUE,"yes","yes","no","Cytoplasm,Cell_membrane",0,FALSE
"isoComp_00062633","geneComp_00017153","ENST00000628542.2","EPB41L2","normal","tumor","EPB41L2","protein_coding","protein_coding",38.9964904954837,49.3443363975506,28.6486445934167,2.78950958078935,1.33138436264699,-0.784206469953538,NA,11.7727667962337,11.1285874815316,12.4169461109358,0.635931122702539,0.720722057682205,0.157905509773976,NA,0.331453125,0.22853125,0.434375,0.20584375,3.77033321543192e-13,2.19938053535922e-16,FALSE,1,TRUE,"yes","yes","no","Cytoplasm,Cell_membrane",0,FALSE
"isoComp_00062741","geneComp_00017167","ENST00000696490.1","EPG5","normal","tumor","EPG5","protein_coding","protein_coding",6.18240421995996,5.79781841777737,6.56699002214255,0.243014695303565,0.351577955994427,0.179431133597384,NA,1.92430446644928,1.36505660777313,2.48355232512544,0.11478681133688,0.19757118516538,0.858711464933822,NA,0.304134375,0.2335125,0.37475625,0.14124375,0.0449887879303382,0.0449887879303382,FALSE,1,TRUE,"yes","yes","no","Cytoplasm",0,FALSE
"isoComp_00063162","geneComp_00017218","ENST00000267101.8","ERBB3","normal","tumor","ERBB3","protein_coding","protein_coding",5.86096025978875,7.78570669434729,3.9362138252302,0.473098063766409,0.310940210955544,-0.982210681185185,NA,2.79138172368075,4.3746042912669,1.2081591560946,0.359299302997139,0.167540446944396,-1.84774400798069,NA,0.425490625,0.55444375,0.2965375,-0.25790625,0.0172401014337196,0.00128442567394341,FALSE,1,TRUE,"yes","no","yes","Cell_membrane,Lysosome_Vacuole",0,TRUE
"isoComp_00063163","geneComp_00017218","ENST00000411731.6","ERBB3","normal","tumor","ERBB3","protein_coding","protein_coding",5.86096025978875,7.78570669434729,3.9362138252302,0.473098063766409,0.310940210955544,-0.982210681185185,NA,1.69698418107518,1.81764180229204,1.57632655985831,0.14310288847516,0.125814022731229,-0.204293552118018,NA,0.323571875,0.2362125,0.41093125,0.17471875,0.00128442567394341,0.00128442567394341,FALSE,0.997986,TRUE,"yes","no","yes","Extracellular",0,TRUE
"isoComp_00063256","geneComp_00017225","ENST00000013807.9","ERCC1","normal","tumor","ERCC1","protein_coding","protein_coding",51.5254763364307,44.8116303502701,58.2393223225913,2.09925983646591,3.0509992948404,0.378046138772831,NA,24.7430979516593,18.3187297493171,31.1674661540016,1.21347192108812,2.03363040925102,0.766396877417717,NA,0.468021875,0.40490625,0.5311375,0.12623125,0.000211050663871924,3.40438774053417e-09,FALSE,0.999999,TRUE,"yes","yes","no","Nucleus",0,TRUE
"isoComp_00063257","geneComp_00017225","ENST00000300853.8","ERCC1","normal","tumor","ERCC1","protein_coding","protein_coding",51.5254763364307,44.8116303502701,58.2393223225913,2.09925983646591,3.0509992948404,0.378046138772831,NA,7.31270444670509,8.88090439889776,5.74450449451242,0.489923371047883,0.331695681663026,-0.627638473102203,NA,0.149909375,0.1999125,0.09990625,-0.10000625,3.40438774053417e-09,3.40438774053417e-09,FALSE,0.999994,TRUE,"yes","yes","no","Nucleus",0,TRUE
"isoComp_00064194","geneComp_00017333","ENST00000319397.7","ETS1","normal","tumor","ETS1","protein_coding","protein_coding",41.0566457146935,41.5317892638843,40.5815021655026,3.02646831039409,2.37915187846622,-0.0333856257569462,NA,20.8436543351866,24.7462607226306,16.9410479477425,1.77862917787377,1.13417304300553,-0.546418954585401,NA,0.509953125,0.59930625,0.4206,-0.17870625,0.00942647885922794,0.000776990782253291,FALSE,1,TRUE,"yes","no","no","Nucleus",0,FALSE
"isoComp_00064195","geneComp_00017333","ENST00000392668.8","ETS1","normal","tumor","ETS1","protein_coding","protein_coding",41.0566457146935,41.5317892638843,40.5815021655026,3.02646831039409,2.37915187846622,-0.0333856257569462,NA,17.5742150230131,14.1051798042686,21.0432502417575,1.73724278813287,1.48246468670896,0.57679547007865,NA,0.424340625,0.33496875,0.5137125,0.17874375,0.000776990782253291,0.000776990782253291,FALSE,1,TRUE,"yes","no","no","Nucleus",0,FALSE
"isoComp_00064441","geneComp_00017369","ENST00000346134.11","EXOC1","normal","tumor","EXOC1","protein_coding","protein_coding",18.0887173889937,18.1969237485221,17.9805110294653,0.49553979438948,0.303816528984589,-0.0172510167413739,NA,5.9686086410291,4.69572328571829,7.24149399633992,0.30052710735593,0.417149637878199,0.623861771301207,NA,0.331371875,0.260825,0.40191875,0.14109375,0.0234611027234029,0.0160848070258492,FALSE,1,TRUE,"yes","yes","no","Cytoplasm,Lysosome_Vacuole",0,FALSE
"isoComp_00064442","geneComp_00017369","ENST00000349598.6","EXOC1","normal","tumor","EXOC1","protein_coding","protein_coding",18.0887173889937,18.1969237485221,17.9805110294653,0.49553979438948,0.303816528984589,-0.0172510167413739,NA,3.78575661924008,4.92253254148149,2.64898069699867,0.509023441238253,0.251819113112582,-0.891455264979064,NA,0.206615625,0.2657375,0.14749375,-0.11824375,0.0160848070258492,0.0160848070258492,FALSE,1,TRUE,"yes","yes","no","Cytoplasm,Lysosome_Vacuole",0,FALSE
"isoComp_00065070","geneComp_00017463","ENST00000261755.9","FAH","normal","tumor","FAH","protein_coding","protein_coding",60.0815366912077,36.3091424928233,83.8539308895921,4.72998116363746,6.5092770067759,1.20732031358974,NA,25.8017566398715,21.9849671315634,29.6185461481796,4.00262574675691,3.26385788364503,0.429814390668495,NA,0.455865625,0.567075,0.34465625,-0.22241875,0.001986493849805,9.30717400849028e-05,FALSE,1,TRUE,"yes","no","no","Cytoplasm",0,FALSE
"isoComp_00065082","geneComp_00017463","ENST00000561421.6","FAH","normal","tumor","FAH","protein_coding","protein_coding",60.0815366912077,36.3091424928233,83.8539308895921,4.72998116363746,6.5092770067759,1.20732031358974,NA,18.6074430108051,5.25055927065936,31.9643267509508,0.635592495278419,3.20702128836384,2.60362589080296,NA,0.27056875,0.15986875,0.38126875,0.2214,9.30717400849028e-05,9.30717400849028e-05,FALSE,1,TRUE,"yes","no","no","Cytoplasm",0,FALSE
"isoComp_00065105","geneComp_00017468","ENST00000360570.8","FAIM","normal","tumor","FAIM","protein_coding","protein_coding",30.6827768903873,37.6699992618599,23.6955545189147,3.06559617938245,0.913299408832181,-0.668573795793518,NA,5.79545674124676,5.13631691395569,6.45459656853782,0.238291598444915,0.267789186037665,0.329020037583411,NA,0.21124375,0.14504375,0.27744375,0.1324,2.39630272610475e-05,2.39630272610475e-05,FALSE,0.99924,TRUE,"yes","no","no","Cytoplasm,Lysosome_Vacuole",0,TRUE
"isoComp_00065106","geneComp_00017468","ENST00000393034.6","FAIM","normal","tumor","FAIM","protein_coding","protein_coding",30.6827768903873,37.6699992618599,23.6955545189147,3.06559617938245,0.913299408832181,-0.668573795793518,NA,15.1468575897416,22.1994500669429,8.09426511254035,2.87132269978504,0.805982422092459,-1.45442039593942,NA,0.449496875,0.56705625,0.3319375,-0.23511875,0.00181212486460051,2.39630272610475e-05,FALSE,0.996073,TRUE,"yes","no","no","Cytoplasm,Lysosome_Vacuole",0,TRUE
"isoComp_00065107","geneComp_00017468","ENST00000393035.6","FAIM","normal","tumor","FAIM","protein_coding","protein_coding",30.6827768903873,37.6699992618599,23.6955545189147,3.06559617938245,0.913299408832181,-0.668573795793518,NA,5.98051101730327,5.73717389996251,6.22384813464404,0.279959989807276,0.308398185195524,0.117270305904028,NA,0.214040625,0.161875,0.26620625,0.10433125,0.00128260318622603,2.39630272610475e-05,FALSE,0.99552,TRUE,"yes","no","no","Cytoplasm,Lysosome_Vacuole",0,TRUE
"isoComp_00065306","geneComp_00017494","ENST00000476287.4","FAM120B","normal","tumor","FAM120B","protein_coding","protein_coding",14.0723727640788,15.2361366473957,12.9086088807619,0.521512457342807,0.537406159956423,-0.238992987662716,NA,6.56521110125863,7.96919724039529,5.16122496212196,0.30239723195258,0.207538307676261,-0.625737541878962,NA,0.4637875,0.5249,0.402675,-0.122225,0.00183012978536486,0.00183012978536486,FALSE,1,TRUE,"yes","yes","no","Cytoplasm,Nucleus",0,FALSE
"isoComp_00065308","geneComp_00017494","ENST00000537664.5","FAM120B","normal","tumor","FAM120B","protein_coding","protein_coding",14.0723727640788,15.2361366473957,12.9086088807619,0.521512457342807,0.537406159956423,-0.238992987662716,NA,6.89011539330514,6.58867865457437,7.19155213203592,0.322793282864787,0.398620253661846,0.126130717975368,NA,0.492640625,0.43065625,0.554625,0.12396875,0.00185870056887486,0.00183012978536486,FALSE,1,TRUE,"yes","yes","no","Cytoplasm,Nucleus",0,FALSE
"isoComp_00065711","geneComp_00017566","ENST00000409293.6","FAM174C","normal","tumor","FAM174C","protein_coding","protein_coding",29.9229843961149,23.415469512574,36.4304992796557,1.55162148731273,2.29369168484075,0.637464762113973,NA,13.1085789731749,12.193637821697,14.0235201246527,0.973627326668289,0.94292467804246,0.201565665990346,NA,0.4525125,0.51921875,0.38580625,-0.1334125,0.00113579989608332,0.000745928377757061,FALSE,0.680901,TRUE,"yes","no","yes","Lysosome_Vacuole,Golgi_apparatus",0,TRUE
"isoComp_00065712","geneComp_00017566","ENST00000469144.5","FAM174C","normal","tumor","FAM174C","protein_coding","protein_coding",29.9229843961149,23.415469512574,36.4304992796557,1.55162148731273,2.29369168484075,0.637464762113973,NA,16.0633358154541,10.6601422560519,21.4665293748563,0.707516837418772,1.48553679950837,1.00918146089884,NA,0.522871875,0.4573375,0.58840625,0.13106875,0.000745928377757061,0.000745928377757061,FALSE,0.825493,TRUE,"no","yes","no",NA,0,TRUE
"isoComp_00065857","geneComp_00017593","ENST00000408938.2","FAM200A","normal","tumor","FAM200A","protein_coding","protein_coding",5.81765627532816,5.85501724361089,5.78029530704544,0.219650840135056,0.246508974611097,-0.0184984218642059,NA,1.45252002202258,0.888804137638067,2.0162359064071,0.120781654498566,0.177289140125283,1.17272347995323,NA,0.24619375,0.14886875,0.34351875,0.19465,0.000304240711708082,0.000274416237211788,FALSE,0.991684,TRUE,"yes","yes","no","Nucleus",0,FALSE
"isoComp_00065858","geneComp_00017593","ENST00000449309.2","FAM200A","normal","tumor","FAM200A","protein_coding","protein_coding",5.81765627532816,5.85501724361089,5.78029530704544,0.219650840135056,0.246508974611097,-0.0184984218642059,NA,4.36513625330558,4.96621310597282,3.76405940063834,0.192362178935624,0.161334625795446,-0.398931140135592,NA,0.75380625,0.85113125,0.65648125,-0.19465,0.000274416237211788,0.000274416237211788,FALSE,1,TRUE,"yes","yes","no","Nucleus",0,FALSE
"isoComp_00065949","geneComp_00017618","ENST00000357635.10","FAM219B","normal","tumor","FAM219B","protein_coding","protein_coding",30.1017241222167,29.7173992269445,30.4860490174888,1.49520927751288,1.06457705234119,0.0368290921431546,NA,15.4230116366401,13.0709026033131,17.7751206699672,0.567698039880813,0.886603132108171,0.443208670402122,NA,0.514809375,0.446475,0.58314375,0.13666875,0.0246789006402508,0.0110485778605155,FALSE,0.936461,TRUE,"yes","yes","no","Cell_membrane",2,TRUE
"isoComp_00065964","geneComp_00017618","ENST00000569524.5","FAM219B","normal","tumor","FAM219B","protein_coding","nonsense_mediated_decay",30.1017241222167,29.7173992269445,30.4860490174888,1.49520927751288,1.06457705234119,0.0368290921431546,NA,6.93035534650638,8.79097655658139,5.06973413643138,1.05664542558437,0.437009391925489,-0.792910623035787,NA,0.22539375,0.28635625,0.16443125,-0.121925,0.0110485778605155,0.0110485778605155,NA,0.0512121,FALSE,NA,NA,NA,NA,2,TRUE
"isoComp_00066412","geneComp_00017726","ENST00000473717.1","FAM83F","normal","tumor","FAM83F","protein_coding","protein_coding",9.00866468279399,6.9457721709547,11.0715571946333,0.416320959966935,0.732602874821284,0.671878040427027,NA,5.23201834959355,3.21434022533191,7.2496964738552,0.306228247347972,0.643751242719952,1.17090524882819,NA,0.5494,0.45438125,0.64441875,0.1900375,0.0213401162275118,0.0213401162275118,FALSE,0.999998,TRUE,"yes","yes","no","Cytoplasm,Cell_membrane",0,TRUE
"isoComp_00066438","geneComp_00017730","ENST00000534520.6","FAM86B1","normal","tumor","FAM86B1","protein_coding","protein_coding",9.31988221267027,10.1895787306905,8.45018569465003,0.456922726730337,0.408426925983157,-0.269748331478627,NA,2.37181535165415,1.9164190035867,2.82721169972161,0.135930273847669,0.247635681217977,0.558552272849238,NA,0.2619625,0.1904125,0.3335125,0.1431,0.0220448542833901,0.0220448542833901,FALSE,0.876298,TRUE,"yes","no","no",NA,0,TRUE
"isoComp_00066780","geneComp_00017791","ENST00000378643.8","FANCG","normal","tumor","FANCG","protein_coding","protein_coding",5.37941472124896,6.20098337505725,4.55784606744066,0.295723268635676,0.294925838108689,-0.44330767221314,NA,2.2524472571938,2.1138093075212,2.39108520686639,0.153691551866441,0.251108177970513,0.177032365798274,NA,0.431153125,0.345625,0.51668125,0.17105625,0.0106905798567498,0.0106905798567498,FALSE,1,TRUE,"yes","no","no","Cytoplasm",1,TRUE
"isoComp_00067285","geneComp_00017833","ENST00000327858.11","FBLN1","normal","tumor","FBLN1","protein_coding","protein_coding",43.9507248617153,84.656530796061,3.24491892736957,12.1477838755475,0.487128709546917,-4.70109826126917,NA,31.6411795864245,61.8927560266583,1.3896031461908,8.73656164181118,0.2322785347169,-5.46691392449074,NA,0.56468125,0.7326875,0.396675,-0.3360125,1.57132412247588e-06,1.57132412247588e-06,FALSE,1,TRUE,"yes","no","yes","Extracellular",1,TRUE
"isoComp_00067299","geneComp_00017834","ENST00000295760.11","FBLN2","normal","tumor","FBLN2","protein_coding","protein_coding",17.5259331034912,30.6330964227969,4.41876978418536,4.17799118388764,0.60930457498619,-2.79058417576615,NA,6.67669521049713,10.4504010985482,2.90298932244606,1.53174860668364,0.379778180869158,-1.84436585361777,NA,0.512496875,0.338725,0.68626875,0.34754375,2.2284831915586e-11,2.22767585644472e-11,FALSE,1,TRUE,"yes","yes","yes","Extracellular",0,TRUE
"isoComp_00067301","geneComp_00017834","ENST00000404922.8","FBLN2","normal","tumor","FBLN2","protein_coding","protein_coding",17.5259331034912,30.6330964227969,4.41876978418536,4.17799118388764,0.60930457498619,-2.79058417576615,NA,10.8261511452007,20.1426070058959,1.50969528450555,2.71462102037286,0.246953501842285,-3.72911250081075,NA,0.486265625,0.659675,0.31285625,-0.34681875,2.22767585644472e-11,2.22767585644472e-11,FALSE,1,TRUE,"yes","yes","yes","Extracellular",0,TRUE
"isoComp_00067591","geneComp_00017875","ENST00000350302.8","FBXO25","normal","tumor","FBXO25","protein_coding","protein_coding",17.4810069868108,15.2282189366654,19.7337950369563,0.448490230541495,0.638909002896503,0.373705034296483,NA,3.69708481760089,4.26950748720421,3.12466214799757,0.190353882803866,0.16118027910147,-0.449134813105669,NA,0.222578125,0.283775,0.16138125,-0.12239375,0.000232149500735211,0.000232149500735211,FALSE,0.998789,TRUE,"yes","no","no","Cytoplasm,Nucleus",0,TRUE
"isoComp_00067595","geneComp_00017875","ENST00000518240.5","FBXO25","normal","tumor","FBXO25","protein_coding","protein_coding",17.4810069868108,15.2282189366654,19.7337950369563,0.448490230541495,0.638909002896503,0.373705034296483,NA,2.21399682227846,0.982070287363529,3.44592335719338,0.248671308038052,0.427833319989062,1.80055697977428,NA,0.113925,0.0601625,0.1676875,0.107525,0.00671563056100981,0.000232149500735211,NA,0.0833404,FALSE,NA,NA,NA,NA,0,TRUE
"isoComp_00067789","geneComp_00017910","ENST00000608872.6","FBXW2","normal","tumor","FBXW2","protein_coding","protein_coding",19.1197780784981,19.2376114750724,19.0019446819238,0.66020943199696,0.697884724965188,-0.0177733172063932,NA,4.71125031941661,5.76433677752103,3.65816386131219,0.362562355651753,0.217826446085884,-0.654597165246483,NA,0.24651875,0.2993375,0.1937,-0.1056375,0.00438321094218699,0.00438321094218699,FALSE,1,TRUE,"yes","no","no","Cytoplasm",0,TRUE
"isoComp_00067792","geneComp_00017910","ENST00000684405.1","FBXW2","normal","tumor","FBXW2","protein_coding","protein_coding",19.1197780784981,19.2376114750724,19.0019446819238,0.66020943199696,0.697884724965188,-0.0177733172063932,NA,7.56781252140455,6.58938081135924,8.54624423144986,0.363156012258664,0.504536441217366,0.374646994138528,NA,0.39394375,0.34123125,0.44665625,0.105425,0.00762366066192215,0.00438321094218699,TRUE,0.9999,TRUE,"yes","no","no","Cytoplasm",0,TRUE
"isoComp_00067900","geneComp_00017931","ENST00000367972.8","FCGR2A","normal","tumor","FCGR2A","protein_coding","protein_coding",16.2920327040118,11.6608754468935,20.92318996113,1.58733356098266,3.09590694203452,0.842879393902187,NA,6.57362524672884,3.93480761726189,9.21244287619579,0.554169304989969,1.26231682835476,1.2251940041564,NA,0.394875,0.34039375,0.44935625,0.1089625,0.00118822139062889,3.58506180112173e-06,FALSE,1,TRUE,"yes","yes","yes","Cell_membrane",0,TRUE
"isoComp_00067901","geneComp_00017931","ENST00000461298.1","FCGR2A","normal","tumor","FCGR2A","protein_coding","protein_coding_CDS_not_defined",16.2920327040118,11.6608754468935,20.92318996113,1.58733356098266,3.09590694203452,0.842879393902187,NA,1.06880825407148,1.61755047748002,0.52006603066295,0.219187370190678,0.153199835758811,-1.61845829496378,NA,0.086496875,0.15008125,0.0229125,-0.12716875,3.58506180112173e-06,3.58506180112173e-06,NA,0.066902,FALSE,NA,NA,NA,NA,0,TRUE
"isoComp_00068345","geneComp_00017988","ENST00000527350.5","FEZ1","normal","tumor","FEZ1","protein_coding","protein_coding_CDS_not_defined",7.14109229281294,10.5675789309708,3.7146056546551,1.019807324116,0.453116211639923,-1.50584985889025,NA,1.99393559427895,3.44772630204683,0.540144886511075,0.405990347431929,0.100635025959863,-2.6519401534103,NA,0.234484375,0.32263125,0.1463375,-0.17629375,0.0324153178113999,0.00270137611007281,NA,0.991765,TRUE,NA,NA,NA,NA,0,TRUE
"isoComp_00068402","geneComp_00018000","ENST00000337352.10","FGD3","normal","tumor","FGD3","protein_coding","protein_coding",2.46643542431184,2.73565321088864,2.19721763773503,0.214543109912877,0.19095100576219,-0.314920527385199,NA,0.364086873365456,0.560706233688503,0.167467513042409,0.10535452549178,0.0603244915403314,-1.68519337028797,NA,0.140865625,0.204075,0.07765625,-0.12641875,0.038211139848262,0.038211139848262,FALSE,1,TRUE,"yes","yes","no","Cytoplasm",0,FALSE
"isoComp_00068447","geneComp_00018006","ENST00000337706.7","FGF1","normal","tumor","FGF1","protein_coding","protein_coding",4.28349070761195,3.78573010197582,4.78125131324808,0.355778865712747,0.441560266805838,0.336025076284861,NA,1.28290108407875,1.62867864967845,0.93712351847905,0.2049839034578,0.182554586400676,-0.790908473705747,NA,0.311053125,0.431025,0.19108125,-0.23994375,0.00314400024349131,0.00314400024349131,FALSE,0.706774,TRUE,"yes","no","no","Cytoplasm",0,FALSE
"isoComp_00068448","geneComp_00018006","ENST00000359370.10","FGF1","normal","tumor","FGF1","protein_coding","protein_coding",4.28349070761195,3.78573010197582,4.78125131324808,0.355778865712747,0.441560266805838,0.336025076284861,NA,0.518374791677345,0.220029483811862,0.816720099542829,0.109209122387754,0.132288914618075,1.84558017349005,NA,0.123771875,0.06384375,0.1837,0.11985625,0.0256170256624552,0.00314400024349131,FALSE,0.706774,TRUE,"yes","no","no","Cytoplasm",0,FALSE
"isoComp_00068484","geneComp_00018014","ENST00000315930.11","FGF13","normal","tumor","FGF13","protein_coding","protein_coding",2.80126899948085,1.77550347444766,3.82703452451404,0.330394590834871,0.856279248479655,1.10366080465055,NA,0.184822158843531,0.341132434152702,0.0285118835343595,0.0198310800580663,0.0093994771700989,-3.18863967519836,NA,0.19265,0.36978125,0.01551875,-0.3542625,3.38704890451534e-06,3.11394248565222e-06,FALSE,0.814974,TRUE,"yes","no","no","Cytoplasm,Cell_membrane",0,TRUE
"isoComp_00068487","geneComp_00018014","ENST00000441825.8","FGF13","normal","tumor","FGF13","protein_coding","protein_coding",2.80126899948085,1.77550347444766,3.82703452451404,0.330394590834871,0.856279248479655,1.10366080465055,NA,1.26616500467105,1.095892236102,1.43643777324009,0.243396291325202,0.318911348139375,0.38729345015286,NA,0.438040625,0.491025,0.38505625,-0.10596875,0.000733018458486258,3.11394248565222e-06,FALSE,0.997626,TRUE,"yes","no","no","Cytoplasm",0,TRUE
"isoComp_00068490","geneComp_00018014","ENST00000626909.2","FGF13","normal","tumor","FGF13","protein_coding","protein_coding",2.80126899948085,1.77550347444766,3.82703452451404,0.330394590834871,0.856279248479655,1.10366080465055,NA,1.07067362845207,0.282835391933053,1.85851186497108,0.0939690628030824,0.442840847187055,2.67372789215614,NA,0.282421875,0.09345,0.47139375,0.37794375,0.00064733227367276,3.11394248565222e-06,FALSE,0.994605,TRUE,"yes","no","no","Cytoplasm,Cell_membrane",0,TRUE
"isoComp_00069071","geneComp_00018095","ENST00000222803.10","FKBP14","normal","tumor","FKBP14","protein_coding","protein_coding",7.78602895441901,7.25922252546397,8.31283538337406,0.317738885686851,0.313768781894208,0.195274032513818,NA,3.51273890922794,3.88158253642453,3.14389528203135,0.22867600969221,0.196314758806978,-0.303222196017763,NA,0.4580375,0.53605625,0.38001875,-0.1560375,0.0248942041828368,0.0248942041828368,FALSE,0.991094,TRUE,"yes","no","yes","Endoplasmic_reticulum",0,TRUE
"isoComp_00069451","geneComp_00018140","ENST00000378053.3","FLRT3","normal","tumor","FLRT3","protein_coding","protein_coding",3.16671976835642,4.59657828526773,1.73686125144511,0.513551087567449,0.392413801491043,-1.39893050737441,NA,1.47214866863049,2.05248505621382,0.891812281047164,0.218467459520618,0.194074945783645,-1.19348460420303,NA,0.5202375,0.4493,0.591175,0.141875,0.0260937609930008,0.0260937609930008,FALSE,1,TRUE,"yes","no","yes","Cell_membrane",0,TRUE
"isoComp_00069584","geneComp_00018160","ENST00000354841.4","FMO1","normal","tumor","FMO1","protein_coding","protein_coding",1.46692504540409,1.89169410560749,1.04215598520069,0.177732908469066,0.0936194298481099,-0.853936597888304,NA,0.292011368056831,0.584022736113661,8.32667268468867e-17,0.157084974459564,5.68820033628437e-17,-5.89244624586405,NA,0.143196875,0.28639375,0,-0.28639375,0.0047654084612963,0.000435268966253456,FALSE,1,TRUE,"yes","no","no","Endoplasmic_reticulum",1,TRUE
"isoComp_00069585","geneComp_00018160","ENST00000402921.6","FMO1","normal","tumor","FMO1","protein_coding","protein_coding",1.46692504540409,1.89169410560749,1.04215598520069,0.177732908469066,0.0936194298481099,-0.853936597888304,NA,0.204940456661191,0.148654848022282,0.2612260653001,0.0451361326182801,0.0376386665175647,0.773604224241086,NA,0.16259375,0.0729625,0.252225,0.1792625,0.000435268966253456,0.000435268966253456,FALSE,1,TRUE,"yes","no","no","Endoplasmic_reticulum",1,TRUE
"isoComp_00070110","geneComp_00018267","ENST00000432751.1","FOXP4-AS1","normal","tumor","FOXP4-AS1","lncRNA","lncRNA",2.92725687340255,3.83576938217691,2.01874436462819,0.414365688403993,0.247511480180875,-0.922685164401042,NA,0.631388280287445,1.17562245138874,0.0871541091861497,0.157720168219948,0.0327045926577313,-3.60922584552454,NA,0.17575625,0.3123875,0.039125,-0.2732625,0.00986577454895212,0.00986577454895212,NA,0.0482274,FALSE,NA,NA,NA,NA,1,FALSE
"isoComp_00070253","geneComp_00018289","ENST00000506276.5","FRG1-DT","normal","tumor","FRG1-DT","lncRNA","lncRNA",1.1004920057566,1.18502940154753,1.01595460996567,0.0919933537281108,0.143805620780631,-0.220079208563766,NA,0.258446262161172,0.142692275555181,0.374200248767163,0.0224377326643207,0.0959457686086155,1.33123137266873,NA,0.227965625,0.112775,0.34315625,0.23038125,0.00451032551899618,0.00451032551899618,NA,0.091185,FALSE,NA,NA,NA,NA,0,FALSE
"isoComp_00070371","geneComp_00018315","ENST00000374201.8","FRMPD2","normal","tumor","FRMPD2","protein_coding","protein_coding",3.09808229953546,1.39132491328709,4.80483968578383,0.182790572390292,0.792590189590975,1.78069626311904,NA,0.774828085530251,0.2017942819838,1.3478618890767,0.0634656629726561,0.167571556773563,2.68060120243959,NA,0.19436875,0.09781875,0.29091875,0.1931,0.00537660356146903,0.00537660356146903,FALSE,1,TRUE,"yes","yes","no","Cytoplasm,Cell_membrane",0,FALSE
"isoComp_00070393","geneComp_00018317","ENST00000684358.1","FRMPD3","normal","tumor","FRMPD3","protein_coding","protein_coding",1.99996103847366,2.82241475589164,1.17750732105569,0.142518775445787,0.110475697429541,-1.25409612969988,NA,0.220358331139255,0.159906134104825,0.280810528173686,0.0359675584599267,0.0518923960053588,0.775341560951024,NA,0.173365625,0.05923125,0.2875,0.22826875,0.0277598127253353,0.0277598127253353,FALSE,1,TRUE,"yes","yes","no","Cytoplasm",0,TRUE
"isoComp_00070521","geneComp_00018343","ENST00000166139.9","FSTL3","normal","tumor","FSTL3","protein_coding","protein_coding",9.57659041266787,9.44163707522761,9.71154375010814,1.01852205250577,1.12707342418307,0.0406211937418041,NA,2.75307298710737,3.33228570723972,2.17386026697501,0.628167920260213,0.421567749304616,-0.613954514769164,NA,0.261184375,0.3198125,0.20255625,-0.11725625,0.0187205028012036,0.0187205028012036,FALSE,0.999121,TRUE,"yes","no","yes","Extracellular",0,TRUE
"isoComp_00070954","geneComp_00018420","ENST00000512982.4","FYB1","normal","tumor","FYB1","protein_coding","protein_coding",6.08623858700524,5.11567491949984,7.05680225451064,0.600811149038467,0.871001337829918,0.463315556678444,NA,1.81104727232966,0.82163004153486,2.80046450312445,0.249898505490671,0.380592800847601,1.75679481372599,NA,0.272796875,0.14415625,0.4014375,0.25728125,0.00870104337751186,8.57159538333239e-05,FALSE,1,TRUE,"yes","yes","no","Cytoplasm",0,FALSE
"isoComp_00071225","geneComp_00018451","ENST00000340149.6","GAB2","normal","tumor","GAB2","protein_coding","protein_coding",17.1413553947511,13.4472593603312,20.8354514291711,1.36276401769744,1.95339447561053,0.631347987852087,NA,2.36228078877558,0.323178994251281,4.40138258329987,0.137549799283723,0.473591675249376,3.72686153369308,NA,0.1184125,0.020875,0.21595,0.195075,3.28947661715824e-18,3.28947661715824e-18,FALSE,1,TRUE,"yes","yes","no","Cytoplasm",0,TRUE
"isoComp_00071226","geneComp_00018451","ENST00000361507.5","GAB2","normal","tumor","GAB2","protein_coding","protein_coding",17.1413553947511,13.4472593603312,20.8354514291711,1.36276401769744,1.95339447561053,0.631347987852087,NA,13.3925396899161,12.0891704854246,14.6959088944076,1.18079782901552,1.61817627606848,0.281487812065228,NA,0.80135,0.903175,0.699525,-0.20365,4.39038980720525e-13,3.28947661715824e-18,FALSE,1,TRUE,"yes","yes","no","Cytoplasm",0,TRUE
"isoComp_00071321","geneComp_00018465","ENST00000368916.1","GABPB2","normal","tumor","GABPB2","protein_coding","protein_coding",5.17757449621655,5.62464044260897,4.73050854982413,0.220669255292679,0.248177315542283,-0.249281716033596,NA,1.11827370217414,0.906965844017636,1.32958156033065,0.0970939139163065,0.125624622211119,0.546842521132698,NA,0.216003125,0.1565875,0.27541875,0.11883125,0.0264129695683921,0.0264129695683921,FALSE,1,TRUE,"yes","yes","no","Nucleus",0,TRUE
"isoComp_00072402","geneComp_00018629","ENST00000327247.9","GBA1","normal","tumor","GBA1","protein_coding","protein_coding",47.4281341220505,49.5301687356673,45.3260995084336,2.12612368729101,1.63305442647415,-0.127938508323727,NA,9.3689010896611,12.9986728928218,5.73912928650044,1.40727830265273,0.488220120150898,-1.17805841041257,NA,0.190925,0.255875,0.125975,-0.1299,0.000643957012694711,0.000643957012694711,FALSE,1,TRUE,"yes","no","yes","Extracellular,Lysosome_Vacuole",0,FALSE
"isoComp_00072403","geneComp_00018629","ENST00000368373.8","GBA1","normal","tumor","GBA1","protein_coding","protein_coding",47.4281341220505,49.5301687356673,45.3260995084336,2.12612368729101,1.63305442647415,-0.127938508323727,NA,22.2022943620602,19.7941169878982,24.6104717362223,0.833139520041903,0.986155545897105,0.314058027791797,NA,0.4758375,0.4063625,0.5453125,0.13895,0.00398300849261726,0.000643957012694711,FALSE,1,TRUE,"yes","no","yes","Extracellular,Lysosome_Vacuole",0,FALSE
"isoComp_00073045","geneComp_00018724","ENST00000567719.2","GFER","normal","tumor","GFER","protein_coding","protein_coding",7.51791091215985,6.45336349013017,8.58245833418953,0.33012040547637,0.583390472838141,0.410785821860682,NA,0.828396490609262,1.18801349845256,0.468779482765969,0.229326118338927,0.204927789550939,-1.32321092897025,NA,0.12291875,0.18795,0.0578875,-0.1300625,0.0426765723190497,0.0426765723190497,NA,0.195102,FALSE,NA,NA,NA,NA,0,FALSE
"isoComp_00073520","geneComp_00018797","ENST00000318129.6","GINS3","normal","tumor","GINS3","protein_coding","protein_coding",3.22974591031914,3.0498755577226,3.40961626291568,0.138728243774013,0.145368351365412,0.160361459073011,NA,2.16807180723998,1.76268780272919,2.57345581175076,0.092749020164382,0.110291939068948,0.543363729580465,NA,0.67245625,0.58554375,0.75936875,0.173825,0.0299249854073852,0.0061519202262582,FALSE,0.998561,TRUE,"yes","no","no","Nucleus",0,TRUE
"isoComp_00073521","geneComp_00018797","ENST00000328514.11","GINS3","normal","tumor","GINS3","protein_coding","protein_coding",3.22974591031914,3.0498755577226,3.40961626291568,0.138728243774013,0.145368351365412,0.160361459073011,NA,0.984613079329959,1.24682846190797,0.72239769675195,0.117889746597752,0.0786535348858527,-0.779088597863051,NA,0.307153125,0.40303125,0.211275,-0.19175625,0.0061519202262582,0.0061519202262582,FALSE,0.801852,TRUE,"yes","no","no","Nucleus",0,TRUE
"isoComp_00073834","geneComp_00018850","ENST00000428534.2","GLI3","normal","tumor","GLI3","protein_coding","protein_coding",3.40087607948258,4.46420790673095,2.33754425223421,0.30236362047846,0.257751111256435,-0.93047994329524,NA,0.818381351282136,0.932665300973483,0.704097401590788,0.0765852369365949,0.0701937467109473,-0.400624755536552,NA,0.26698125,0.215775,0.3181875,0.1024125,0.0188340677361862,0.0188340677361862,NA,0.0349248,FALSE,NA,NA,NA,NA,0,TRUE
"isoComp_00074359","geneComp_00018920","ENST00000295920.7","GMPS","normal","tumor","GMPS","protein_coding","protein_coding",27.2853168104472,22.937600256569,31.6330333643254,0.818266981781504,1.11365353245686,0.463544614255113,NA,18.5464461170159,14.1648865200273,22.9280057140044,0.658355429553781,0.939166654114541,0.694402779969461,NA,0.66956875,0.61603125,0.72310625,0.107075,0.00189535098299171,4.60782062824023e-06,FALSE,1,TRUE,"yes","no","no","Cytoplasm",0,TRUE
"isoComp_00074361","geneComp_00018920","ENST00000496455.7","GMPS","normal","tumor","GMPS","protein_coding","protein_coding",27.2853168104472,22.937600256569,31.6330333643254,0.818266981781504,1.11365353245686,0.463544614255113,NA,7.55131532464813,8.22883385730182,6.87379679199445,0.361737991538306,0.251759109452195,-0.259235639623435,NA,0.2908625,0.361375,0.22035,-0.141025,4.60782062824023e-06,4.60782062824023e-06,FALSE,1,TRUE,"yes","no","no","Cytoplasm",0,TRUE
"isoComp_00075528","geneComp_00019090","ENST00000631057.2","GPC3","normal","tumor","GPC3","protein_coding","protein_coding",9.97444598781623,18.9080970684901,1.04079490714231,1.8181425607423,0.24515140536451,-4.17021395987712,NA,0.0878321982444425,0.111432715719187,0.064231680769698,0.0525836798902922,0.0151279968532007,-0.710050216607817,NA,0.10053125,0.0071625,0.1939,0.1867375,0.0459546643702976,0.0459546643702976,FALSE,1,TRUE,"yes","no","yes","Cell_membrane",0,TRUE
"isoComp_00075562","geneComp_00019101","ENST00000310454.10","GPD2","normal","tumor","GPD2","protein_coding","protein_coding",18.2495073351649,18.3266983113489,18.172316358981,0.621313066981696,0.657286123673447,-0.0121978868217904,NA,6.68100521036839,7.67444535072707,5.68756507000971,0.364186249222157,0.351379291845502,-0.431595636444352,NA,0.365571875,0.41796875,0.313175,-0.10479375,0.031799180340578,0.00113579989608332,FALSE,1,TRUE,"yes","no","no","Mitochondrion",0,FALSE
"isoComp_00075566","geneComp_00019101","ENST00000438166.7","GPD2","normal","tumor","GPD2","protein_coding","protein_coding",18.2495073351649,18.3266983113489,18.172316358981,0.621313066981696,0.657286123673447,-0.0121978868217904,NA,9.5844720454332,8.28743263165093,10.8815114592155,0.393551770093478,0.57056659742308,0.392467260626584,NA,0.524925,0.45325625,0.59659375,0.1433375,0.00113579989608332,0.00113579989608332,FALSE,1,TRUE,"yes","no","no","Mitochondrion",0,FALSE
"isoComp_00075755","geneComp_00019129","ENST00000397095.2","GPR146","normal","tumor","GPR146","protein_coding","protein_coding",4.81703824003788,5.46411697854287,4.1699595015329,0.545538988725991,0.327704286294333,-0.389137300043683,NA,2.35944572399708,3.19850394412908,1.52038750386508,0.396975727521285,0.207449157720783,-1.06800375794343,NA,0.47044375,0.58304375,0.35784375,-0.2252,0.0215396483290647,0.00562222328334765,FALSE,0.999999,TRUE,"yes","no","no","Cell_membrane",0,TRUE
"isoComp_00075759","geneComp_00019129","ENST00000481403.1","GPR146","normal","tumor","GPR146","protein_coding","protein_coding_CDS_not_defined",4.81703824003788,5.46411697854287,4.1699595015329,0.545538988725991,0.327704286294333,-0.389137300043683,NA,1.23854855851126,0.857286466932267,1.61981065009025,0.136483444532807,0.138096881406553,0.910123860074618,NA,0.2868875,0.16546875,0.40830625,0.2428375,0.00562222328334765,0.00562222328334765,NA,0.0125612,FALSE,NA,NA,NA,NA,0,TRUE
"isoComp_00075947","geneComp_00019197","ENST00000444152.5","GPRASP1","normal","tumor","GPRASP1","protein_coding","protein_coding",13.5929971462207,18.0185083619436,9.16748593049779,1.60554730770519,0.886777405905749,-0.974109133657063,NA,3.57198277912763,5.55211922151335,1.59184633674191,0.579805761458102,0.229480404387616,-1.79589891020751,NA,0.239809375,0.3085,0.17111875,-0.13738125,0.0131069028307903,0.0131069028307903,FALSE,1,TRUE,"no","yes","no","Cytoplasm",0,FALSE
"isoComp_00075957","geneComp_00019199","ENST00000447531.5","GPRASP3","normal","tumor","GPRASP3","protein_coding","protein_coding",3.2244796887268,3.75114178244347,2.69781759501012,0.196880625857218,0.13363292109832,-0.474040133332612,NA,1.26973309272832,1.76659203980811,0.772874145648524,0.102455224636619,0.0614650613285968,-1.18226012770079,NA,0.38349375,0.4766625,0.290325,-0.1863375,6.7288083451753e-05,6.7288083451753e-05,FALSE,1,TRUE,"yes","yes","no","Cytoplasm",0,FALSE
"isoComp_00076891","geneComp_00019326","ENST00000222330.8","GSK3A","normal","tumor","GSK3A","protein_coding","protein_coding",27.6093686985172,27.3763897429441,27.8423476540903,1.55675197267223,0.893032291710642,0.0243398435354341,NA,16.4127772447223,14.0940483101562,18.7315061792883,0.572731857620872,0.745128135767035,0.410127579842521,NA,0.6010875,0.52760625,0.67456875,0.1469625,0.0439264931426994,0.0439264931426994,FALSE,1,TRUE,"yes","yes","no","Cytoplasm,Nucleus",1,TRUE
"isoComp_00076955","geneComp_00019330","ENST00000373818.8","GSN","normal","tumor","GSN","protein_coding","protein_coding",407.128162423284,633.764454475962,180.491870370607,84.7249940955976,15.3060974723013,-1.81195572375752,NA,115.989757168639,204.555733296586,27.4237810406923,51.1883998191318,3.462411168252,-2.8985391208134,NA,0.21715,0.28828125,0.14601875,-0.1422625,0.0474559483339445,0.00134398466680329,FALSE,1,TRUE,"yes","yes","yes",NA,0,TRUE
"isoComp_00076958","geneComp_00019330","ENST00000432226.7","GSN","normal","tumor","GSN","protein_coding","protein_coding",407.128162423284,633.764454475962,180.491870370607,84.7249940955976,15.3060974723013,-1.81195572375752,NA,201.956224985179,295.837952711889,108.074497258469,23.6495672741572,8.51613572684588,-1.45269630184294,NA,0.564115625,0.51164375,0.6165875,0.10494375,0.00273459307879315,0.00134398466680329,FALSE,1,TRUE,"yes","yes","no","Cytoplasm,Lysosome_Vacuole",0,TRUE
"isoComp_00077326","geneComp_00019388","ENST00000451013.7","GTF2IRD2","normal","tumor","GTF2IRD2","protein_coding","protein_coding",10.7807715881604,11.2909445051754,10.2705986711454,0.82221511434945,0.817022290666885,-0.136519075001615,NA,4.85225916520594,6.05049027176767,3.65402805864421,0.437234270462842,0.251798634170832,-0.726003955790052,NA,0.462428125,0.5489875,0.37586875,-0.17311875,0.0323054504204259,0.0323054504204259,FALSE,1,TRUE,"yes","yes","no","Nucleus",0,TRUE
"isoComp_00077636","geneComp_00019433","ENST00000422506.5","GUSBP11","normal","tumor","GUSBP11","lncRNA","lncRNA",8.63799358869619,9.29099704593976,7.98499013145263,0.580746857730224,0.517759589692811,-0.218289125241832,NA,1.52108385533459,1.21031803240923,1.83184967825994,0.116800590740284,0.123203053087108,0.593898137478895,NA,0.18541875,0.1350375,0.2358,0.1007625,0.0113538862613118,0.0113538862613118,NA,0.865763,TRUE,NA,NA,NA,NA,0,TRUE
"isoComp_00077954","geneComp_00019581","ENST00000377727.2","H4C8","normal","tumor","H4C8","protein_coding","protein_coding",3.0965677313231,3.79581652512048,2.39731893752571,0.434567569801096,0.445348630004589,-0.660778720049898,NA,0.289933116856663,0.0346101673103446,0.545256066402982,0.0346101673103446,0.181882716247288,3.63770878584129,NA,0.101190625,0.020225,0.18215625,0.16193125,0.0066931549817676,0.0066931549817676,FALSE,0.5,TRUE,"yes","no","no","Nucleus",0,TRUE
"isoComp_00077955","geneComp_00019581","ENST00000634560.1","H4C8","normal","tumor","H4C8","protein_coding","nonsense_mediated_decay",3.0965677313231,3.79581652512048,2.39731893752571,0.434567569801096,0.445348630004589,-0.660778720049898,NA,2.1470731586799,2.96497434324079,1.329171974119,0.362438173912941,0.24609066908172,-1.15153598546165,NA,0.6818875,0.7813875,0.5823875,-0.199,0.0218104492363975,0.0066931549817676,NA,0.26127,FALSE,NA,NA,NA,NA,0,TRUE
"isoComp_00079670","geneComp_00019811","ENST00000261458.8","HHAT","normal","tumor","HHAT","protein_coding","protein_coding",8.70492795041209,7.97642492423788,9.4334309765863,0.683568310804181,0.669056996430569,0.241761279370645,NA,2.63770217661046,3.21302271329776,2.06238163992316,0.289683671799855,0.190119758916926,-0.637124648067565,NA,0.32441875,0.42014375,0.22869375,-0.19145,0.0357043028132192,0.0357043028132192,FALSE,1,TRUE,"yes","no","no","Endoplasmic_reticulum",0,FALSE
"isoComp_00080120","geneComp_00019884","ENST00000488575.1","HLA-DPB1","normal","tumor","HLA-DPB1","protein_coding","protein_coding_CDS_not_defined",149.359805732182,127.809361883028,170.910249581336,15.9179365065519,23.8816011046343,0.419216938692218,NA,13.2070835610555,20.2037813529432,6.21038576916787,2.64372711564103,0.818094012096592,-1.70026326938593,NA,0.12811875,0.20000625,0.05623125,-0.143775,0.0105427506212348,0.0105427506212348,NA,0.0251709,FALSE,NA,NA,NA,NA,0,TRUE
"isoComp_00081104","geneComp_00020107","ENST00000357460.7","HOMEZ","normal","tumor","HOMEZ","protein_coding","protein_coding",8.30735903086505,8.59048728106383,8.02423078066627,0.366052207748708,0.265222071016267,-0.0982584985250608,NA,2.59311891526454,3.27003674139334,1.91620108913575,0.138906151100757,0.0933678039183665,-0.767953651590736,NA,0.3135375,0.38564375,0.24143125,-0.1442125,9.87442293489291e-05,9.87442293489291e-05,FALSE,1,TRUE,"yes","yes","no","Nucleus",1,TRUE
"isoComp_00081105","geneComp_00020107","ENST00000558278.1","HOMEZ","normal","tumor","HOMEZ","protein_coding","protein_coding_CDS_not_defined",8.30735903086505,8.59048728106383,8.02423078066627,0.366052207748708,0.265222071016267,-0.0982584985250608,NA,1.62566270006262,1.1064379629757,2.14488743714954,0.11593712390343,0.153494870301215,0.948709423303007,NA,0.1959625,0.1272375,0.2646875,0.13745,0.000507722664572515,9.87442293489291e-05,NA,0.0175916,FALSE,NA,NA,NA,NA,0,TRUE
"isoComp_00081804","geneComp_00020236","ENST00000322165.1","HSD17B6","normal","tumor","HSD17B6","protein_coding","protein_coding",22.5988363776392,39.17419614446,6.02347661081831,7.54436819568348,1.77807295394076,-2.69921044393932,NA,18.4080795881067,33.242107851376,3.5740513248374,6.90292516016601,1.30554159006657,-3.21378259342129,NA,0.590590625,0.78655,0.39463125,-0.39191875,0.0451332136759704,0.0451332136759704,FALSE,0.999998,TRUE,"yes","no","no","Endoplasmic_reticulum",0,FALSE
"isoComp_00082734","geneComp_00020401","ENST00000160262.10","ICAM3","normal","tumor","ICAM3","protein_coding","protein_coding",15.347683806131,11.1629992211289,19.5323683911331,0.830383634525953,1.17000497148574,0.806588814641098,NA,1.15446774555579,1.58562612392324,0.723309367188332,0.296132057814486,0.120906544198771,-1.12162877544719,NA,0.0885875,0.13995625,0.03721875,-0.1027375,0.00137018636390058,0.00137018636390058,FALSE,1,TRUE,"yes","no","yes","Cell_membrane",0,TRUE
"isoComp_00082743","geneComp_00020401","ENST00000706691.1","ICAM3","normal","tumor","ICAM3","protein_coding","protein_coding",15.347683806131,11.1629992211289,19.5323683911331,0.830383634525953,1.17000497148574,0.806588814641098,NA,12.6489179882485,8.36626460423784,16.9315713722592,0.592767121800577,0.97515303727694,1.01618877187675,NA,0.81435625,0.75909375,0.86961875,0.110525,0.00205371948984342,0.00137018636390058,FALSE,0.999041,TRUE,"no","no","no","Cell_membrane",0,TRUE
"isoComp_00082773","geneComp_00020407","ENST00000343813.10","ICMT","normal","tumor","ICMT","protein_coding","protein_coding",33.6427158991012,31.7818916123879,35.5035401858146,0.755852119849014,0.894984945010687,0.159710324186351,NA,25.0638063769645,25.5543343570237,24.5732783969052,0.682884825863882,0.628535312095504,-0.0564551370426267,NA,0.74903125,0.80405,0.6940125,-0.1100375,0.00106334202047701,0.000379620906302422,FALSE,0.998376,TRUE,"yes","no","no","Endoplasmic_reticulum",0,TRUE
"isoComp_00082775","geneComp_00020407","ENST00000489498.5","ICMT","normal","tumor","ICMT","protein_coding","nonsense_mediated_decay",33.6427158991012,31.7818916123879,35.5035401858146,0.755852119849014,0.894984945010687,0.159710324186351,NA,7.11118824846231,4.80572392405789,9.41665257286674,0.353250098971244,0.609153138305083,0.968992869729305,NA,0.207228125,0.1508625,0.26359375,0.11273125,0.000379620906302422,0.000379620906302422,TRUE,0.970883,TRUE,"no","no","no","Endoplasmic_reticulum",0,TRUE
"isoComp_00082917","geneComp_00020426","ENST00000381344.8","IDI1","normal","tumor","IDI1","protein_coding","protein_coding",32.2203863551746,30.9340707321216,33.5067019782276,1.43932845393043,2.18063977683349,0.115217198112167,NA,17.0480529173557,14.3193147247829,19.7767911099285,0.832638307324948,1.46712325770216,0.465568047874578,NA,0.523596875,0.46050625,0.5866875,0.12618125,8.20460386700573e-05,8.20460386700573e-05,FALSE,0.999826,TRUE,"yes","no","no","Mitochondrion",0,TRUE
"isoComp_00082921","geneComp_00020426","ENST00000491735.1","IDI1","normal","tumor","IDI1","protein_coding","protein_coding_CDS_not_defined",32.2203863551746,30.9340707321216,33.5067019782276,1.43932845393043,2.18063977683349,0.115217198112167,NA,13.930356943554,15.2873200599116,12.5733938271964,0.787104220316986,0.849643274351209,-0.28175784966884,NA,0.43585,0.49466875,0.37703125,-0.1176375,0.000368821042060854,8.20460386700573e-05,NA,0.0350819,FALSE,NA,NA,NA,NA,0,TRUE
"isoComp_00083177","geneComp_00020474","ENST00000270139.8","IFNAR1","normal","tumor","IFNAR1","protein_coding","protein_coding",36.9667071250618,32.4544507987497,41.478963451374,1.29039635221656,2.15227332391388,0.353866810278088,NA,10.8832033529467,12.7020136555934,9.0643930502999,0.567902417761866,0.541751041647341,-0.486319524210555,NA,0.312646875,0.39923125,0.2260625,-0.17316875,0.000683108759676989,0.000683108759676989,FALSE,1,TRUE,"yes","yes","yes","Cell_membrane",1,TRUE
"isoComp_00083201","geneComp_00020474","ENST00000703565.1","IFNAR1","normal","tumor","IFNAR1","protein_coding","nonsense_mediated_decay",36.9667071250618,32.4544507987497,41.478963451374,1.29039635221656,2.15227332391388,0.353866810278088,NA,16.2496638137309,11.4821546462076,21.0171729812542,0.749509815700168,1.76140506521442,0.871605586573685,NA,0.424640625,0.34985625,0.499425,0.14956875,0.041621879600298,0.000683108759676989,TRUE,1,TRUE,"yes","no","yes","Extracellular",0,TRUE
"isoComp_00083458","geneComp_00020498","ENST00000430701.5","IFT27","normal","tumor","IFT27","protein_coding","protein_coding",41.5892693710558,56.6633303424855,26.5152083996262,3.87006723017072,1.25290345895828,-1.09530589728478,NA,18.1523761880625,29.563909609448,6.74084276667709,2.99594259352015,0.725031382702196,-2.13118545461067,NA,0.37645,0.50620625,0.24669375,-0.2595125,0.000137384896968735,0.000137384896968735,NA,0.0944981,FALSE,NA,NA,NA,NA,0,TRUE
"isoComp_00083459","geneComp_00020498","ENST00000433985.7","IFT27","normal","tumor","IFT27","protein_coding","protein_coding",41.5892693710558,56.6633303424855,26.5152083996262,3.87006723017072,1.25290345895828,-1.09530589728478,NA,17.4822560066693,20.4700618902465,14.4944501230921,1.18794430672598,0.650185025529079,-0.497724472443348,NA,0.462259375,0.3733875,0.55113125,0.17774375,0.000278522654969565,0.000137384896968735,FALSE,0.998459,TRUE,"yes","no","no","Cytoplasm,Nucleus",1,TRUE
"isoComp_00083543","geneComp_00020506","ENST00000242591.10","IFT81","normal","tumor","IFT81","protein_coding","protein_coding",13.568368573299,12.5388369885714,14.5979001580266,0.596998679702152,0.76838578830315,0.219195146851733,NA,2.74155568990828,1.52820872049446,3.9549026593221,0.141432810547598,0.30198607915179,1.36603417059103,NA,0.193490625,0.119075,0.26790625,0.14883125,4.53778104024274e-16,4.53778104024274e-16,FALSE,1,TRUE,"yes","yes","no","Cytoplasm",0,FALSE
"isoComp_00083551","geneComp_00020506","ENST00000552912.5","IFT81","normal","tumor","IFT81","protein_coding","protein_coding",13.568368573299,12.5388369885714,14.5979001580266,0.596998679702152,0.76838578830315,0.219195146851733,NA,9.47035198175273,9.83640834841276,9.10429561509271,0.425460024847302,0.403931714274153,-0.111466407981356,NA,0.7083875,0.7882,0.628575,-0.159625,2.91855807879647e-08,4.53778104024274e-16,FALSE,1,TRUE,"yes","yes","no","Cytoplasm",0,FALSE
"isoComp_00084145","geneComp_00020810","ENST00000579827.6","IKBKE","normal","tumor","IKBKE","protein_coding","protein_coding",4.02589870184642,3.75542825441125,4.29636914928159,0.310905895053364,0.378740636016016,0.19365803844517,NA,0.449185835877489,0.19840105254701,0.699970619207967,0.0534616524833558,0.117371476187915,1.76839675855823,NA,0.106625,0.051025,0.162225,0.1112,0.0369214876178028,0.0369214876178028,FALSE,0.967414,TRUE,"yes","no","no","Cytoplasm",0,TRUE
"isoComp_00084808","geneComp_00020906","ENST00000273691.7","ILDR1","normal","tumor","ILDR1","protein_coding","protein_coding",8.09036473967913,8.79965961608555,7.38106986327271,0.720798796852458,0.667519659733681,-0.253303067231826,NA,1.43854423329816,2.15055044862603,0.726538017970301,0.238150360755772,0.117050784710878,-1.5525670180417,NA,0.172665625,0.24751875,0.0978125,-0.14970625,0.00234747496811661,0.00216828582059116,FALSE,1,TRUE,"yes","yes","yes","Cell_membrane",0,FALSE
"isoComp_00084809","geneComp_00020906","ENST00000344209.10","ILDR1","normal","tumor","ILDR1","protein_coding","protein_coding",8.09036473967913,8.79965961608555,7.38106986327271,0.720798796852458,0.667519659733681,-0.253303067231826,NA,6.62176394917866,6.62240964760457,6.62111825075275,0.596476003079183,0.614306429688298,-0.00028093458303193,NA,0.823340625,0.74918125,0.8975,0.14831875,0.00216828582059116,0.00216828582059116,FALSE,1,TRUE,"yes","yes","yes","Cell_membrane",0,FALSE
"isoComp_00085331","geneComp_00020980","ENST00000650409.1","INPP5F","normal","tumor","INPP5F","protein_coding","protein_coding",10.5027190149243,11.077566763502,9.9278712663466,0.658581010716115,0.498150223699276,-0.157934033031685,NA,5.54659412324184,6.95762162896531,4.13556661751837,0.629506296437035,0.389472907181453,-0.749096978412263,NA,0.5119,0.6150875,0.4087125,-0.206375,0.00470402711108236,0.00470402711108236,FALSE,1,TRUE,"yes","yes","no","Cytoplasm",0,TRUE
"isoComp_00087455","geneComp_00021244","ENST00000227349.7","JHY","normal","tumor","JHY","protein_coding","protein_coding",3.35250538945539,3.46424853295035,3.24076224596043,0.119515815592719,0.118714313236164,-0.0959229178518341,NA,1.12597636066583,1.42987888917691,0.822073832154748,0.0840167461233655,0.0664353134193679,-0.791164015696018,NA,0.332653125,0.411825,0.25348125,-0.15834375,0.00256401305360641,0.0022923163511518,FALSE,1,TRUE,"yes","yes","no","Cytoplasm",0,FALSE
"isoComp_00087457","geneComp_00021244","ENST00000531316.1","JHY","normal","tumor","JHY","protein_coding","protein_coding",3.35250538945539,3.46424853295035,3.24076224596043,0.119515815592719,0.118714313236164,-0.0959229178518341,NA,1.49548143344577,1.34511347348848,1.64584939340306,0.0627325102635001,0.0654362026584083,0.289157795542676,NA,0.44923125,0.38959375,0.50886875,0.119275,0.0022923163511518,0.0022923163511518,FALSE,1,TRUE,"yes","yes","no","Cytoplasm",0,FALSE
"isoComp_00087541","geneComp_00021258","ENST00000342272.3","JPH2","normal","tumor","JPH2","protein_coding","protein_coding",1.47701581236072,1.15450936121917,1.79952226350228,0.148385198390475,0.154166231675123,0.635886620969679,NA,0.644604588253766,0.358173027355443,0.931036149152089,0.0589596676606589,0.086224236501442,1.35386620640632,NA,0.40564375,0.28374375,0.52754375,0.2438,0.00060963724211516,0.00060963724211516,NA,0.417446,FALSE,NA,NA,NA,NA,0,TRUE
"isoComp_00087542","geneComp_00021258","ENST00000372980.4","JPH2","normal","tumor","JPH2","protein_coding","protein_coding",1.47701581236072,1.15450936121917,1.79952226350228,0.148385198390475,0.154166231675123,0.635886620969679,NA,0.832411224106958,0.796336333863728,0.868486114350187,0.105808130145842,0.079700601461106,0.123637750650346,NA,0.59435625,0.71625625,0.47245625,-0.2438,0.00060963724211516,0.00060963724211516,FALSE,1,TRUE,"yes","yes","no","Cell_membrane,Endoplasmic_reticulum",0,TRUE
"isoComp_00087670","geneComp_00021269","ENST00000371222.4","JUN","normal","tumor","JUN","protein_coding","protein_coding",442.624697249325,790.500930834345,94.7484636643053,115.676849898325,16.1847275068831,-3.06045869845728,NA,318.239466195313,551.104045864484,85.3748865261412,89.5096594340664,14.946813409023,-2.69029826197706,NA,0.800871875,0.70849375,0.89325,0.18475625,0.000101362209069405,0.000101362209069405,FALSE,0.999995,TRUE,"yes","yes","no","Nucleus",0,TRUE
"isoComp_00087671","geneComp_00021269","ENST00000678696.1","JUN","normal","tumor","JUN","protein_coding","nonsense_mediated_decay",442.624697249325,790.500930834345,94.7484636643053,115.676849898325,16.1847275068831,-3.06045869845728,NA,124.385231054012,239.396884969861,9.37357713816411,57.4960184362315,1.89482774600278,-4.67318283114609,NA,0.199128125,0.29150625,0.10675,-0.18475625,0.00010150800178166,0.000101362209069405,TRUE,0.999995,TRUE,"yes","yes","no","Nucleus",0,TRUE
"isoComp_00087832","geneComp_00021281","ENST00000281772.14","KANSL1L","normal","tumor","KANSL1L","protein_coding","protein_coding",11.9656400380256,14.0214076601028,9.90987241594842,0.630468095354292,0.409193946431377,-0.500266279717809,NA,5.41647394243211,7.01859800689135,3.81434987797287,0.464725065894836,0.244139427414857,-0.87802242681407,NA,0.439003125,0.49646875,0.3815375,-0.11493125,0.0387321629982463,5.79897048599593e-09,FALSE,1,TRUE,"yes","yes","no","Nucleus",0,TRUE
"isoComp_00087839","geneComp_00021281","ENST00000453904.2","KANSL1L","normal","tumor","KANSL1L","protein_coding","retained_intron",11.9656400380256,14.0214076601028,9.90987241594842,0.630468095354292,0.409193946431377,-0.500266279717809,NA,1.88300017554825,1.6052018589336,2.16079849216291,0.0809847971436156,0.0939386948885189,0.426511335518303,NA,0.168071875,0.11581875,0.220325,0.10450625,5.79897048599593e-09,5.79897048599593e-09,NA,0.999974,TRUE,NA,NA,NA,NA,0,TRUE
"isoComp_00087915","geneComp_00021290","ENST00000225916.10","KAT2A","normal","tumor","KAT2A","protein_coding","protein_coding",16.1147066506858,15.5530367030516,16.6763765983201,0.90791790910425,0.769273009536699,0.100547120907115,NA,4.17890700983095,2.88648396172413,5.47133005793777,0.159760212452653,0.236356461660709,0.920223332483321,NA,0.2643375,0.19234375,0.33633125,0.1439875,0.0015142376658753,0.0015142376658753,FALSE,1,TRUE,"yes","yes","no","Nucleus",0,TRUE
"isoComp_00087916","geneComp_00021290","ENST00000465682.5","KAT2A","normal","tumor","KAT2A","protein_coding","nonsense_mediated_decay",16.1147066506858,15.5530367030516,16.6763765983201,0.90791790910425,0.769273009536699,0.100547120907115,NA,10.6017283206637,11.244116494296,9.95934014703151,0.790851831126454,0.652895879176523,-0.174882878831778,NA,0.65428125,0.71740625,0.59115625,-0.12625,0.011941720988698,0.0015142376658753,TRUE,1,TRUE,"yes","no","no","Nucleus",0,TRUE
"isoComp_00088202","geneComp_00021330","ENST00000302490.12","KCNAB1","normal","tumor","KCNAB1","protein_coding","protein_coding",18.4207496490069,29.4730872614492,7.36841203656462,3.09337036993651,1.34912784107702,-1.99850533963961,NA,5.8360788883174,10.3814004377888,1.29075733884599,1.43473399545662,0.493860519510007,-2.99796634568814,NA,0.21869375,0.3260625,0.111325,-0.2147375,6.92266238219786e-05,6.92266238219786e-05,FALSE,0.999996,TRUE,"yes","no","no","Cytoplasm",0,TRUE
"isoComp_00088211","geneComp_00021330","ENST00000490337.6","KCNAB1","normal","tumor","KCNAB1","protein_coding","protein_coding",18.4207496490069,29.4730872614492,7.36841203656462,3.09337036993651,1.34912784107702,-1.99850533963961,NA,8.07807393556347,11.8924758037686,4.26367206735829,1.50350657223535,0.685130645401506,-1.47771358136648,NA,0.50323125,0.40045,0.6060125,0.2055625,0.000318741188710384,6.92266238219786e-05,FALSE,1,TRUE,"yes","yes","no","Cytoplasm",0,TRUE
"isoComp_00089328","geneComp_00021512","ENST00000538274.6","KIAA0513","normal","tumor","KIAA0513","protein_coding","protein_coding",1.54987801129833,1.53093254716489,1.56882347543177,0.0655144968375531,0.073401321144682,0.035046165197558,NA,1.37698699011089,1.45037078328015,1.30360319694163,0.0571523119783681,0.0503296121827329,-0.152805167734185,NA,0.8942,0.95040625,0.83799375,-0.1124125,0.000293320363009247,0.000293320363009247,FALSE,1,TRUE,"no","yes","no","Cytoplasm",0,TRUE
"isoComp_00089331","geneComp_00021512","ENST00000567328.6","KIAA0513","normal","tumor","KIAA0513","protein_coding","protein_coding",1.54987801129833,1.53093254716489,1.56882347543177,0.0655144968375531,0.073401321144682,0.035046165197558,NA,0.139628989172696,0.0583853140374159,0.220872664307976,0.012715468106719,0.0302034460418526,1.75533892566616,NA,0.08588125,0.03550625,0.13625625,0.10075,0.000638520742238594,0.000293320363009247,FALSE,1,TRUE,"no","yes","no","Cytoplasm",0,TRUE
"isoComp_00089375","geneComp_00021517","ENST00000251993.11","KIAA0930","normal","tumor","KIAA0930","protein_coding","protein_coding",12.1877865252207,15.3629088033987,9.01266424704261,1.4871939737273,0.751844339873821,-0.768764766083806,NA,1.47459287931771,2.64203683752051,0.307148921114908,0.285835415627262,0.0995823988549066,-3.06386847552441,NA,0.100165625,0.1705375,0.02979375,-0.14074375,2.75948644367535e-05,2.75948644367535e-05,FALSE,1,TRUE,"yes","yes","no","Cytoplasm",0,TRUE
"isoComp_00089377","geneComp_00021517","ENST00000391627.6","KIAA0930","normal","tumor","KIAA0930","protein_coding","protein_coding",12.1877865252207,15.3629088033987,9.01266424704261,1.4871939737273,0.751844339873821,-0.768764766083806,NA,1.56530553793994,0.77247793410784,2.35813314177204,0.15758107291951,0.31030612893087,1.59762822110265,NA,0.178334375,0.0646625,0.29200625,0.22734375,0.000783230312344876,2.75948644367535e-05,FALSE,1,TRUE,"yes","yes","no","Cytoplasm,Cell_membrane",0,TRUE
"isoComp_00089385","geneComp_00021517","ENST00000488038.5","KIAA0930","normal","tumor","KIAA0930","protein_coding","retained_intron",12.1877865252207,15.3629088033987,9.01266424704261,1.4871939737273,0.751844339873821,-0.768764766083806,NA,1.53598512923308,2.45844255803161,0.613527700434555,0.202158332337191,0.0937205290500678,-1.98507551437103,NA,0.121796875,0.1720625,0.07153125,-0.10053125,0.000424584709032107,2.75948644367535e-05,NA,1,TRUE,NA,NA,NA,NA,1,TRUE
"isoComp_00089810","geneComp_00021583","ENST00000464066.6","KIF5C","normal","tumor","KIF5C","protein_coding","protein_coding_CDS_not_defined",2.3336778342998,1.24932839169466,3.41802727690495,0.179831257157634,0.510619395889666,1.44472404921733,NA,1.35466557049246,0.575669517245551,2.13366162373937,0.121399713548436,0.290944429378638,1.87191848229636,NA,0.50693125,0.3692,0.6446625,0.2754625,0.0276662401474123,1.56927105987436e-06,NA,1,TRUE,NA,NA,NA,NA,0,TRUE
"isoComp_00089833","geneComp_00021583","ENST00000678856.1","KIF5C","normal","tumor","KIF5C","protein_coding","protein_coding",2.3336778342998,1.24932839169466,3.41802727690495,0.179831257157634,0.510619395889666,1.44472404921733,NA,0.222682923091971,0.312979368738722,0.132386477445219,0.0439311419729083,0.0611591343414519,-1.18162987251776,NA,0.13651875,0.2507375,0.0223,-0.2284375,1.56927105987436e-06,1.56927105987436e-06,FALSE,1,TRUE,"no","yes","no","Cytoplasm",0,TRUE
"isoComp_00090236","geneComp_00021654","ENST00000434237.1","KLHDC7B","normal","tumor","KLHDC7B","protein_coding","protein_coding_CDS_not_defined",15.1869666083581,6.09137966004781,24.2825535566684,0.661061594526971,3.26042862049718,1.99330673881887,NA,7.91030662089301,2.33874697588147,13.4818662659045,0.461489515358646,2.15947446197568,2.52212671403207,NA,0.429315625,0.32844375,0.5301875,0.20174375,0.0416380339093749,8.28135989369914e-05,NA,0.0141227,FALSE,NA,NA,NA,NA,0,TRUE
"isoComp_00090276","geneComp_00021665","ENST00000328046.8","KLHL15","normal","tumor","KLHL15","protein_coding","protein_coding",4.54422274911176,5.58103863685299,3.50740686137053,0.560622271016419,0.391819705285427,-0.66860409239268,NA,0.316593890021429,0.137831015961742,0.495356764081115,0.068243546728182,0.142890529483805,1.77335325088044,NA,0.11481875,0.046875,0.1827625,0.1358875,0.0362966243191913,0.0362966243191913,FALSE,1,TRUE,"yes","no","no","Cytoplasm",1,FALSE
"isoComp_00091373","geneComp_00021868","ENST00000293525.5","KRT86","normal","tumor","KRT86","protein_coding","protein_coding",1.38358210041458,1.41968373212732,1.34748046870185,0.116146109868354,0.122511104939978,-0.0747645953038355,NA,0.823690699433899,0.696674330626732,0.950707068241066,0.0906787345071722,0.104923245396075,0.443051096826572,NA,0.577046875,0.46335,0.69074375,0.22739375,0.00325209150062542,0.00325209150062542,FALSE,1,TRUE,"yes","no","no","Cytoplasm",0,TRUE
"isoComp_00091375","geneComp_00021868","ENST00000553310.6","KRT86","normal","tumor","KRT86","protein_coding","protein_coding",1.38358210041458,1.41968373212732,1.34748046870185,0.116146109868354,0.122511104939978,-0.0747645953038355,NA,0.492077548209045,0.65134103021339,0.332814066204701,0.0416661205610274,0.033759904725513,-0.947968103764972,NA,0.36691875,0.48060625,0.25323125,-0.227375,0.00352179189843032,0.00325209150062542,NA,0.0740583,FALSE,NA,NA,NA,NA,0,TRUE
"isoComp_00091698","geneComp_00021956","ENST00000421865.3","LAMA2","normal","tumor","LAMA2","protein_coding","protein_coding",16.1433735062101,20.0271131182887,12.2596338941315,2.50034064804002,1.52218322606658,-0.707582462747952,NA,2.48961309628187,4.15329863771143,0.825927554852311,0.371114748484416,0.0912705315165055,-2.31627722563785,NA,0.156790625,0.23925,0.07433125,-0.16491875,1.59622804243153e-11,6.00144973680807e-31,FALSE,1,TRUE,"yes","no","yes","Extracellular",0,TRUE
"isoComp_00091702","geneComp_00021956","ENST00000617695.5","LAMA2","normal","tumor","LAMA2","protein_coding","protein_coding",16.1433735062101,20.0271131182887,12.2596338941315,2.50034064804002,1.52218322606658,-0.707582462747952,NA,1.68934792520371,0.784116349578475,2.59457950082895,0.124912789052253,0.298699244745378,1.71362817008966,NA,0.1289125,0.03703125,0.22079375,0.1837625,6.00144973680807e-31,6.00144973680807e-31,FALSE,1,TRUE,"yes","no","yes","Extracellular",0,TRUE
"isoComp_00091710","geneComp_00021956","ENST00000688799.1","LAMA2","normal","tumor","LAMA2","protein_coding","protein_coding",16.1433735062101,20.0271131182887,12.2596338941315,2.50034064804002,1.52218322606658,-0.707582462747952,NA,8.60423693483982,12.0819100418285,5.12656382785119,1.9904483235568,0.844405299860048,-1.23516667382424,NA,0.478103125,0.5676,0.38860625,-0.17899375,0.0469717404198373,6.00144973680807e-31,FALSE,1,TRUE,"yes","yes","no","Extracellular",0,TRUE
"isoComp_00092377","geneComp_00022042","ENST00000563176.3","LCMT1-AS1","normal","tumor","LCMT1-AS1","lncRNA","lncRNA",1.37707398365641,1.58962519761234,1.16452276970049,0.129375534329329,0.0700262514624324,-0.445659229855996,NA,0.123708346885663,0.245124419920742,0.00229227385058432,0.057886792674003,0.00229227385058422,-4.37537727872733,NA,0.07708125,0.15195,0.0022125,-0.1497375,0.00773227169440695,0.00773227169440695,NA,0.1244,FALSE,NA,NA,NA,NA,0,FALSE
"isoComp_00092773","geneComp_00022106","ENST00000371060.7","LEPR","normal","tumor","LEPR","protein_coding","protein_coding",5.49930013095033,8.83895982824209,2.15964043365858,0.918946712166627,0.237342260921716,-2.02805191012493,NA,1.85269663751179,2.40722219385729,1.2981710811663,0.322448090421227,0.212862256820722,-0.885798866158915,NA,0.448946875,0.29465,0.60324375,0.30859375,0.0450347225660897,0.000486102409800987,FALSE,1,TRUE,"yes","no","yes","Cell_membrane",0,FALSE
"isoComp_00092775","geneComp_00022106","ENST00000616738.4","LEPR","normal","tumor","LEPR","protein_coding","protein_coding",5.49930013095033,8.83895982824209,2.15964043365858,0.918946712166627,0.237342260921716,-2.02805191012493,NA,3.38687619715467,6.15952118507988,0.614231209229461,0.882391237913648,0.146225959668428,-3.30500613299816,NA,0.47883125,0.6752625,0.2824,-0.3928625,0.000486102409800987,0.000486102409800987,FALSE,1,TRUE,"yes","no","yes","Cell_membrane",0,FALSE
"isoComp_00093280","geneComp_00022179","ENST00000405925.2","LIG4","normal","tumor","LIG4","protein_coding","protein_coding",8.5689639789324,7.18689200121237,9.95103595665243,0.373218966362212,0.715099770847625,0.468921782684393,NA,1.21896401758986,1.9389309558212,0.498997079358516,0.150525753898051,0.0778495136745577,-1.93695369837952,NA,0.162115625,0.27108125,0.05315,-0.21793125,8.48179418988781e-08,8.48179418988781e-08,FALSE,1,TRUE,"yes","no","no","Nucleus",0,FALSE
"isoComp_00093517","geneComp_00022211","ENST00000554076.5","LIN52","normal","tumor","LIN52","protein_coding","protein_coding_CDS_not_defined",8.54668905468981,8.32229162181264,8.77108648756697,0.271122471902125,0.297312239928514,0.0756861229407957,NA,2.65331325457527,2.04012714803801,3.26649936111253,0.162060906346171,0.214284443128295,0.676441862560375,NA,0.306934375,0.2440875,0.36978125,0.12569375,0.0342507207529688,0.0325829982446532,NA,0.989359,TRUE,NA,NA,NA,NA,0,TRUE
"isoComp_00093520","geneComp_00022211","ENST00000555028.7","LIN52","normal","tumor","LIN52","protein_coding","protein_coding",8.54668905468981,8.32229162181264,8.77108648756697,0.271122471902125,0.297312239928514,0.0756861229407957,NA,5.77060941173138,6.14616177844083,5.39505704502192,0.210779527145789,0.21219409825746,-0.187721300646169,NA,0.678940625,0.73989375,0.6179875,-0.12190625,0.0325829982446532,0.0325829982446532,FALSE,0.680834,TRUE,"yes","no","no","Cytoplasm,Nucleus",0,TRUE
"isoComp_00095667","geneComp_00022584","ENST00000336905.3","LINC01123","normal","tumor","LINC01123","lncRNA","lncRNA",12.3329486799161,14.82916975588,9.83672760395219,1.36016759523455,0.762101851070016,-0.591694122504944,NA,8.81673838707001,11.4644052132659,6.16907156087411,1.1721288629532,0.569891741068405,-0.892957385358446,NA,0.69103125,0.76448125,0.61758125,-0.1469,0.0022930530686537,0.0022930530686537,NA,0.235874,FALSE,NA,NA,NA,NA,0,FALSE
"isoComp_00095668","geneComp_00022584","ENST00000419296.1","LINC01123","normal","tumor","LINC01123","lncRNA","lncRNA",12.3329486799161,14.82916975588,9.83672760395219,1.36016759523455,0.762101851070016,-0.591694122504944,NA,3.51621029284607,3.36476454261407,3.66765604307808,0.266501311160072,0.282882293177963,0.123999707566779,NA,0.30896875,0.23551875,0.38241875,0.1469,0.00240380486399981,0.0022930530686537,NA,0.335604,FALSE,NA,NA,NA,NA,0,FALSE
"isoComp_00098570","geneComp_00023392","ENST00000654965.1","LINC02482","normal","tumor","LINC02482","lncRNA","lncRNA",6.05122842660588,5.53335537819084,6.56910147502091,0.488778697165782,0.534027071284952,0.247131064681147,NA,0.999544829905123,1.20635692095278,0.792732738857467,0.137617429455874,0.0866770250655582,-0.599574984084732,NA,0.16803125,0.21805625,0.11800625,-0.10005,0.0004210097780771,0.0004210097780771,NA,0.0926437,FALSE,NA,NA,NA,NA,0,FALSE
"isoComp_00098867","geneComp_00023479","ENST00000671178.1","LINC02613","normal","tumor","LINC02613","lncRNA","lncRNA",1.04963606301634,1.07661386748659,1.02265825854608,0.06628452634739,0.105044855991871,-0.0734764673454488,NA,0.195938313336926,0.297394377264831,0.094482249409021,0.0367657590847604,0.0318166712350899,-1.55683291380834,NA,0.173096875,0.26686875,0.079325,-0.18754375,0.00340704562976978,0.00340704562976978,NA,0.127227,FALSE,NA,NA,NA,NA,0,FALSE
"isoComp_00099047","geneComp_00023533","ENST00000668755.3","LINC02696","normal","tumor","LINC02696","lncRNA","lncRNA",2.21386824309419,3.15418981358091,1.27354667260746,0.299433003736432,0.151777448188811,-1.30170039040808,NA,1.24284533321477,2.06842241844477,0.417268247984767,0.288926517903237,0.110296252717462,-2.28227488362712,NA,0.4484875,0.6193125,0.2776625,-0.34165,0.0364542501276068,0.0364542501276068,NA,0.0141044,FALSE,NA,NA,NA,NA,0,FALSE
"isoComp_00099149","geneComp_00023576","ENST00000532168.3","LINC02762","normal","tumor","LINC02762","lncRNA","lncRNA",4.03563530801037,2.82278078257275,5.24848983344798,0.423282455806132,0.702000100629824,0.892429574951551,NA,0.61334492550183,0.849249723740209,0.377440127263451,0.164594643973461,0.107067419671578,-1.14910410081472,NA,0.211225,0.33405625,0.08839375,-0.2456625,0.0289844858982118,0.00578134404154607,NA,0.0204025,FALSE,NA,NA,NA,NA,0,FALSE
"isoComp_00099152","geneComp_00023576","ENST00000689463.1","LINC02762","normal","tumor","LINC02762","lncRNA","lncRNA",4.03563530801037,2.82278078257275,5.24848983344798,0.423282455806132,0.702000100629824,0.892429574951551,NA,0.809826753576309,0.2146361264103,1.40501738074232,0.0793292457731741,0.236333238187821,2.65515790539665,NA,0.1541625,0.05464375,0.25368125,0.1990375,0.00578134404154607,0.00578134404154607,NA,0.00897951,FALSE,NA,NA,NA,NA,0,FALSE
"isoComp_00099514","geneComp_00023704","ENST00000456896.6","LINC02941","normal","tumor","LINC02941","lncRNA","lncRNA",2.01667392369894,2.05637244534237,1.97697540205551,0.154954166650907,0.429789163781492,-0.0565262979285727,NA,0.817285200525925,1.08809092357911,0.546479477472738,0.109382800773838,0.101066892741191,-0.980597128409207,NA,0.432771875,0.5337125,0.33183125,-0.20188125,0.0285932355618106,0.0285932355618106,NA,0.070398,FALSE,NA,NA,NA,NA,0,FALSE
"isoComp_00100316","geneComp_00023866","ENST00000368300.9","LMNA","normal","tumor","LMNA","protein_coding","protein_coding",94.0735224911539,97.9778079570732,90.1692370252345,13.4309925859942,7.00728315457447,-0.119806950497721,NA,25.9159559897176,32.270701408468,19.5612105709673,2.27166649158838,1.17944237079372,-0.721938930267628,NA,0.28973125,0.354125,0.2253375,-0.1287875,0.00017547995112613,0.00017547995112613,FALSE,1,TRUE,"yes","yes","no","Cytoplasm,Nucleus",0,TRUE
"isoComp_00100358","geneComp_00023868","ENST00000325327.4","LMNB2","normal","tumor","LMNB2","protein_coding","protein_coding",14.7161311473761,13.3121377768309,16.1201245179214,0.50882890324119,0.630096126033908,0.275931968171891,NA,6.07591855071002,6.72445977787479,5.42737732354524,0.254782787441937,0.242786691471235,-0.308651274242726,NA,0.42440625,0.508425,0.3403875,-0.1680375,3.18999815062146e-05,3.18999815062146e-05,FALSE,1,TRUE,"yes","yes","no","Cytoplasm,Nucleus",0,TRUE
"isoComp_00100362","geneComp_00023868","ENST00000532465.1","LMNB2","normal","tumor","LMNB2","protein_coding","protein_coding_CDS_not_defined",14.7161311473761,13.3121377768309,16.1201245179214,0.50882890324119,0.630096126033908,0.275931968171891,NA,8.51975637946641,6.49019510470061,10.5493176542322,0.409107839467177,0.557580650525975,0.699961683697637,NA,0.566790625,0.4839375,0.64964375,0.16570625,3.18999815062146e-05,3.18999815062146e-05,NA,0.389274,FALSE,NA,NA,NA,NA,0,TRUE
"isoComp_00100608","geneComp_00023910","ENST00000316334.5","LNX2","normal","tumor","LNX2","protein_coding","protein_coding",9.70224596368772,8.71748178609302,10.6870101412824,0.803063716469817,0.604700890614227,0.293570267672909,NA,7.37979748634973,7.71712449193324,7.04247048076622,0.8510566358919,0.625405038407081,-0.131802919248837,NA,0.7598875,0.867425,0.65235,-0.215075,0.0183856080774225,0.0183856080774225,FALSE,1,TRUE,"yes","yes","no","Cytoplasm",0,FALSE
"isoComp_00100609","geneComp_00023910","ENST00000649248.1","LNX2","normal","tumor","LNX2","protein_coding","protein_coding",9.70224596368772,8.71748178609302,10.6870101412824,0.803063716469817,0.604700890614227,0.293570267672909,NA,2.32244847733799,1.00035729415979,3.64453966051619,0.150894646417976,0.513283496099064,1.85482412474931,NA,0.2401125,0.132575,0.34765,0.215075,0.0184129691246817,0.0183856080774225,FALSE,1,TRUE,"yes","yes","no","Cytoplasm",0,FALSE
"isoComp_00100652","geneComp_00023918","ENST00000503759.5","LOX","normal","tumor","LOX","protein_coding","protein_coding",4.95042627744817,4.57793432434893,5.32291823054741,0.630608458242743,1.65309042485848,0.217080467877077,NA,0.790189585540211,0.524029526030643,1.05634964504978,0.0725755598183365,0.198894941905788,0.997689145898841,NA,0.197793548387097,0.125866666666667,0.265225,0.139358333333333,0.010063019698606,0.010063019698606,FALSE,0.988957,TRUE,"yes","no","no","Extracellular",0,TRUE
"isoComp_00101068","geneComp_00023991","ENST00000306052.12","LRP8","normal","tumor","LRP8","protein_coding","protein_coding",5.76784316265212,6.12419168574192,5.41149463956232,0.419773153111594,0.339443666428259,-0.178182609968648,NA,2.88749102788176,3.42633270061934,2.34864935514418,0.273954388537262,0.19566376597608,-0.542908764271963,NA,0.493815625,0.55605,0.43158125,-0.12446875,0.00821522425366612,1.29070313987718e-05,FALSE,1,TRUE,"yes","yes","yes","Cell_membrane",1,TRUE
"isoComp_00101070","geneComp_00023991","ENST00000354412.7","LRP8","normal","tumor","LRP8","protein_coding","protein_coding",5.76784316265212,6.12419168574192,5.41149463956232,0.419773153111594,0.339443666428259,-0.178182609968648,NA,0.4161684367751,0.733707839976427,0.0986290335737722,0.0804440492995719,0.0342736639288508,-2.77532623308346,NA,0.068984375,0.12139375,0.016575,-0.10481875,0.000390313993976735,1.29070313987718e-05,FALSE,1,TRUE,"yes","no","yes","Cell_membrane,Lysosome_Vacuole",0,TRUE
"isoComp_00101095","geneComp_00023991","ENST00000668071.1","LRP8","normal","tumor","LRP8","protein_coding","protein_coding",5.76784316265212,6.12419168574192,5.41149463956232,0.419773153111594,0.339443666428259,-0.178182609968648,NA,1.18552314313316,0.667027512988755,1.70401877327756,0.091237047163003,0.163139346040812,1.34009654283685,NA,0.21045,0.108425,0.312475,0.20405,1.29070313987718e-05,1.29070313987718e-05,NA,1,TRUE,NA,NA,NA,NA,1,TRUE
"isoComp_00101442","geneComp_00024049","ENST00000527150.5","LRRC4C","normal","tumor","LRRC4C","protein_coding","protein_coding",2.47157947361516,3.21480459005256,1.72835435717776,0.297014767396013,0.283987473742397,-0.891489541536855,NA,0.451778781410543,0.797028049561095,0.106529513259991,0.070721287816093,0.0252813321944158,-2.79192342713822,NA,0.172178125,0.27315,0.07120625,-0.20194375,0.00216395695139836,0.00216395695139836,FALSE,1,TRUE,"yes","yes","yes","Cell_membrane",0,TRUE
"isoComp_00101839","geneComp_00024114","ENST00000540746.6","LSM14A","normal","tumor","LSM14A","protein_coding","protein_coding",87.4047847057714,86.5712472653524,88.2383221461904,3.6592728049898,4.3037770045631,0.0275142651091879,NA,21.5353978188318,15.1274075401382,27.9433880975254,1.18731777134714,2.54368167786073,0.884905007976131,NA,0.242490625,0.17455625,0.310425,0.13586875,0.00363504889518491,0.00363504889518491,FALSE,1,TRUE,"yes","yes","no","Cytoplasm,Nucleus",0,TRUE
"isoComp_00101899","geneComp_00024125","ENST00000311604.8","LSP1","normal","tumor","LSP1","protein_coding","protein_coding",21.0820935193109,31.593793625703,10.5703934129187,4.77781780131378,1.51304605277169,-1.5787044731609,NA,11.1011906213091,13.7211190020255,8.48126224059261,2.56504390195636,1.44416517306961,-0.69339826717078,NA,0.59663125,0.41209375,0.78116875,0.369075,3.43098752977748e-13,6.04934397927755e-15,FALSE,1,TRUE,"yes","yes","no","Cytoplasm",0,TRUE
"isoComp_00101901","geneComp_00024125","ENST00000405957.6","LSP1","normal","tumor","LSP1","protein_coding","protein_coding",21.0820935193109,31.593793625703,10.5703934129187,4.77781780131378,1.51304605277169,-1.5787044731609,NA,3.70060036638166,6.95630622666434,0.444894506098984,1.32882188862139,0.102335222830617,-3.93678997669961,NA,0.131459375,0.21988125,0.0430375,-0.17684375,5.97879239394715e-13,6.04934397927755e-15,FALSE,0.999995,TRUE,"yes","yes","no","Cytoplasm",0,TRUE
"isoComp_00101934","geneComp_00024128","ENST00000354900.7","LSR","normal","tumor","LSR","protein_coding","protein_coding",40.7903564712718,33.3133762222534,48.2673367202901,2.23357895166372,4.6208026115685,0.534811512665866,NA,10.1238959519791,10.6737155577542,9.57407634620406,0.913892139013954,0.853532706784849,-0.156702165707562,NA,0.263884375,0.320625,0.20714375,-0.11348125,0.00416326913728407,0.00416326913728407,FALSE,1,TRUE,"yes","yes","yes","Cell_membrane",0,TRUE
"isoComp_00102097","geneComp_00024142","ENST00000231751.9","LTF","normal","tumor","LTF","protein_coding","protein_coding",6.18903652521397,8.90156623021431,3.47650682021362,0.983289922392571,0.501513134319415,-1.35389670752939,NA,1.59967238889284,2.94357132801057,0.255773449775112,0.820252143690763,0.180185015386207,-3.47419155846998,NA,0.175178125,0.29759375,0.0527625,-0.24483125,4.18707942120799e-05,4.18707942120799e-05,FALSE,1,TRUE,"yes","no","yes","Extracellular",0,TRUE
"isoComp_00102253","geneComp_00024153","ENST00000548071.1","LUM","normal","tumor","LUM","protein_coding","protein_coding_CDS_not_defined",56.9493637338585,107.563175966482,6.33555150123536,17.9487107481691,2.14454136690867,-4.08342901135792,NA,13.1538397564909,25.2816643325927,1.02601518038904,3.40530575387529,0.513387962984673,-4.60954492987918,NA,0.17248064516129,0.24621875,0.0938266666666667,-0.152392083333333,0.0289844858982118,0.0289844858982118,NA,0.0224756,FALSE,NA,NA,NA,NA,0,TRUE
"isoComp_00102587","geneComp_00024217","ENST00000438354.6","LYVE1","normal","tumor","LYVE1","protein_coding","nonsense_mediated_decay",8.9839386404258,15.1138036168941,2.85407366395751,2.0372589704458,1.30344074325022,-2.40068051681526,NA,3.8551222400838,6.73257875858523,0.977665721582363,0.904680386142684,0.53087064838265,-2.77120572328115,NA,0.305778125,0.4221,0.18945625,-0.23264375,0.00271248150608707,0.00271248150608707,TRUE,0.759921,TRUE,"no","no","no",NA,0,TRUE
"isoComp_00102740","geneComp_00024236","ENST00000374343.5","MACO1","normal","tumor","MACO1","protein_coding","protein_coding",14.7746398528532,15.2588899090418,14.2903897966646,0.434324865487932,0.428136408989055,-0.0945407058049612,NA,9.82127190227562,11.0184562054813,8.62408759906996,0.344717828720865,0.283052463363054,-0.353115217355161,NA,0.665453125,0.72400625,0.6069,-0.11710625,0.00922115766371191,0.00922115766371191,FALSE,1,TRUE,"yes","yes","no","Endoplasmic_reticulum",0,TRUE
"isoComp_00102743","geneComp_00024236","ENST00000647928.1","MACO1","normal","tumor","MACO1","protein_coding","nonsense_mediated_decay",14.7746398528532,15.2588899090418,14.2903897966646,0.434324865487932,0.428136408989055,-0.0945407058049612,NA,3.00819301898833,2.26641148348898,3.74997455448768,0.193576178202436,0.330453203925998,0.72396153618171,NA,0.20439375,0.1486125,0.260175,0.1115625,0.0307708394215438,0.00922115766371191,TRUE,0.999999,TRUE,"yes","yes","no","Endoplasmic_reticulum",0,TRUE
"isoComp_00102849","geneComp_00024247","ENST00000376667.7","MAD2L2","normal","tumor","MAD2L2","protein_coding","protein_coding",39.4134963672182,16.0524464789318,62.7745462555045,1.61319031626975,6.41999393241805,1.96671785169436,NA,6.96618375509632,1.0313301733403,12.9010373368523,0.223708258492168,1.61937948769416,3.63210543867173,NA,0.127078125,0.05405625,0.2001,0.14604375,1.91148244039404e-07,3.28947661715824e-18,FALSE,0.999431,TRUE,"yes","no","no","Cytoplasm",0,TRUE
"isoComp_00102852","geneComp_00024247","ENST00000376692.9","MAD2L2","normal","tumor","MAD2L2","protein_coding","protein_coding",39.4134963672182,16.0524464789318,62.7745462555045,1.61319031626975,6.41999393241805,1.96671785169436,NA,21.914751238852,12.9369440249174,30.8925584527866,1.18725333731497,2.64466837514443,1.25511467843346,NA,0.66489375,0.82470625,0.50508125,-0.319625,3.28947661715824e-18,3.28947661715824e-18,FALSE,0.999468,TRUE,"yes","no","no","Cytoplasm",0,TRUE
"isoComp_00102856","geneComp_00024247","ENST00000697274.1","MAD2L2","normal","tumor","MAD2L2","protein_coding","protein_coding",39.4134963672182,16.0524464789318,62.7745462555045,1.61319031626975,6.41999393241805,1.96671785169436,NA,9.16963813502032,1.1405243823227,17.1987518877179,0.211079847254561,2.32326810105356,3.90277900262208,NA,0.163071875,0.0612875,0.26485625,0.20356875,1.90667406361567e-10,3.28947661715824e-18,NA,0.143671,FALSE,NA,NA,NA,NA,0,TRUE
"isoComp_00102975","geneComp_00024273","ENST00000326587.12","MAGED1","normal","tumor","MAGED1","protein_coding","protein_coding",75.5861532732513,91.4800270094586,59.692279537044,6.75755736431337,2.28493341883145,-0.615828471948064,NA,43.6305266281077,65.1724415154187,22.0886117407967,6.70215424978047,1.79056444561606,-1.56052765083407,NA,0.534371875,0.70020625,0.3685375,-0.33166875,9.73068911129606e-10,9.73068911129606e-10,FALSE,1,TRUE,"yes","yes","no","Cytoplasm,Nucleus",0,FALSE
"isoComp_00102978","geneComp_00024273","ENST00000375772.7","MAGED1","normal","tumor","MAGED1","protein_coding","protein_coding",75.5861532732513,91.4800270094586,59.692279537044,6.75755736431337,2.28493341883145,-0.615828471948064,NA,25.050753784393,19.0167045095435,31.0848030592425,2.31451856438556,1.97414639027272,0.708647776281923,NA,0.36948125,0.21741875,0.52154375,0.304125,5.00205664420626e-06,9.73068911129606e-10,FALSE,1,TRUE,"yes","yes","no","Cytoplasm,Nucleus",0,FALSE
"isoComp_00103306","geneComp_00024311","ENST00000445819.5","MAMDC4","normal","tumor","MAMDC4","protein_coding","protein_coding",2.82949138330935,3.34743203546533,2.31155073115337,0.177432114946929,0.143560584964682,-0.532269388045693,NA,1.4628818265536,1.99490598879508,0.930857664312114,0.142531517404293,0.0960216484932963,-1.09148619999277,NA,0.4933625,0.59060625,0.39611875,-0.1944875,0.00593707924450165,0.00593707924450165,FALSE,1,TRUE,"yes","yes","yes","Extracellular",0,TRUE
"isoComp_00103860","geneComp_00024381","ENST00000263056.6","MAP3K8","normal","tumor","MAP3K8","protein_coding","protein_coding",6.69078662431958,7.68052155139837,5.70105169724079,0.68536648892998,0.79784453273651,-0.42932499724203,NA,1.45297899635884,2.0912017874692,0.814756205248483,0.254235912437949,0.144256058446337,-1.34917508448933,NA,0.208628125,0.27773125,0.139525,-0.13820625,0.00103305323834389,0.00103305323834389,FALSE,1,TRUE,"yes","yes","no","Cytoplasm",0,TRUE
"isoComp_00103862","geneComp_00024381","ENST00000375322.2","MAP3K8","normal","tumor","MAP3K8","protein_coding","protein_coding",6.69078662431958,7.68052155139837,5.70105169724079,0.68536648892998,0.79784453273651,-0.42932499724203,NA,2.43349540296292,2.21142046967866,2.65557033624717,0.193554528007067,0.415740051537582,0.262961759361528,NA,0.380459375,0.2853375,0.47558125,0.19024375,0.00569006034495841,0.00103305323834389,FALSE,0.964535,TRUE,"no","no","no","Cytoplasm",0,TRUE
"isoComp_00104393","geneComp_00024430","ENST00000300249.10","MAPRE2","normal","tumor","MAPRE2","protein_coding","protein_coding",26.3155188816044,23.0244447586917,29.6065930045171,1.7916909084879,2.42912825473783,0.362612864831142,NA,16.1637673510159,16.5451710650801,15.7823636369518,1.2696650275237,1.03651194454723,-0.0680548032562235,NA,0.634190625,0.7243875,0.54399375,-0.18039375,3.9193371128603e-05,3.9193371128603e-05,FALSE,0.999995,TRUE,"yes","yes","no","Cytoplasm",0,TRUE
"isoComp_00104461","geneComp_00024440","ENST00000215555.7","MARCHF2","normal","tumor","MARCHF2","protein_coding","protein_coding",39.6112464609761,45.3174737633051,33.9050191586471,2.48338108408966,1.4768202990853,-0.418461449931142,NA,20.0572061623205,20.6694385109477,19.4449738136933,0.983742042834627,0.880618919109943,-0.0880579756123788,NA,0.519796875,0.46441875,0.575175,0.11075625,0.0050759518880939,0.0050759518880939,FALSE,0.999621,TRUE,"yes","no","no","Cell_membrane,Lysosome_Vacuole",0,TRUE
"isoComp_00104464","geneComp_00024440","ENST00000595142.5","MARCHF2","normal","tumor","MARCHF2","protein_coding","protein_coding",39.6112464609761,45.3174737633051,33.9050191586471,2.48338108408966,1.4768202990853,-0.418461449931142,NA,10.3811180844578,14.3693848536482,6.39285131526733,1.78297621067561,0.581008344101618,-1.16721554526333,NA,0.245646875,0.30580625,0.1854875,-0.12031875,0.0380911354534787,0.0050759518880939,NA,0.0314934,FALSE,NA,NA,NA,NA,0,TRUE
"isoComp_00104953","geneComp_00024493","ENST00000359787.5","MB","normal","tumor","MB","protein_coding","protein_coding",7.31002154708093,5.14758259281434,9.47246050134753,0.632723089246942,0.835800626535194,0.878566437651894,NA,2.80525312198337,2.39071903460449,3.21978720936224,0.326943233398706,0.304343995047158,0.427972548535852,NA,0.401971875,0.4643375,0.33960625,-0.12473125,0.00832014936279951,0.00832014936279951,FALSE,0.971123,TRUE,"yes","no","no","Cytoplasm",0,FALSE
"isoComp_00105038","geneComp_00024501","ENST00000355673.8","MBD6","normal","tumor","MBD6","protein_coding","protein_coding",26.7949446776483,35.2874269537186,18.3024624015781,2.12039321309486,1.22205095511012,-0.946737222971791,NA,10.2076918286542,11.5886863754063,8.82669728190201,0.582046240435255,0.484490357645997,-0.392382252475558,NA,0.413028125,0.33479375,0.4912625,0.15646875,1.57624214168047e-06,2.08059198811871e-14,FALSE,1,TRUE,"no","yes","no","Nucleus",2,TRUE
"isoComp_00105041","geneComp_00024501","ENST00000547545.1","MBD6","normal","tumor","MBD6","protein_coding","nonsense_mediated_decay",26.7949446776483,35.2874269537186,18.3024624015781,2.12039321309486,1.22205095511012,-0.946737222971791,NA,6.35993964407866,10.6610539260285,2.05882536212884,0.902722066907082,0.259972966938446,-2.36681889913369,NA,0.202725,0.29691875,0.10853125,-0.1883875,2.08059198811871e-14,2.08059198811871e-14,TRUE,1,TRUE,"no","yes","no","Nucleus",0,TRUE
"isoComp_00105454","geneComp_00024551","ENST00000303887.10","MCM7","normal","tumor","MCM7","protein_coding","protein_coding",28.6988121524993,30.2088061521461,27.1888181528525,1.30361922517841,1.26048091688086,-0.151902700751819,NA,14.6044542455054,13.0143503495522,16.1945581414587,0.834207468253426,0.969183880586567,0.315188269308868,NA,0.51034375,0.4287125,0.591975,0.1632625,1.20861612557475e-06,1.20861612557475e-06,FALSE,1,TRUE,"yes","no","no","Cytoplasm,Nucleus",0,TRUE
"isoComp_00105456","geneComp_00024551","ENST00000425308.6","MCM7","normal","tumor","MCM7","protein_coding","protein_coding",28.6988121524993,30.2088061521461,27.1888181528525,1.30361922517841,1.26048091688086,-0.151902700751819,NA,5.92941677483957,7.73076650508791,4.12806704459124,0.41263313094095,0.231302846629206,-0.903519411984858,NA,0.208028125,0.259975,0.15608125,-0.10389375,0.00144578035677866,1.20861612557475e-06,FALSE,1,TRUE,"yes","no","no","Cytoplasm,Nucleus",1,TRUE
"isoComp_00105568","geneComp_00024563","ENST00000455127.7","MCRIP1","normal","tumor","MCRIP1","protein_coding","protein_coding",50.7409066503129,53.4900116014434,47.9918016991825,3.30721398209029,2.31099356388965,-0.156450647408899,NA,23.6278347038569,21.1977519186764,26.0579174890373,1.57876332080141,1.68828242397957,0.297683634368815,NA,0.46924375,0.3983,0.5401875,0.1418875,0.00937877738843976,0.00899537770672912,NA,0.103718,FALSE,NA,NA,NA,NA,1,TRUE
"isoComp_00105569","geneComp_00024563","ENST00000538396.5","MCRIP1","normal","tumor","MCRIP1","protein_coding","protein_coding",50.7409066503129,53.4900116014434,47.9918016991825,3.30721398209029,2.31099356388965,-0.156450647408899,NA,23.1454318482065,27.9841038238886,18.3067598725243,2.29190954915132,1.17103197184485,-0.611958674042717,NA,0.450246875,0.51874375,0.38175,-0.13699375,0.00899537770672912,0.00899537770672912,NA,0.217627,FALSE,NA,NA,NA,NA,0,TRUE
"isoComp_00105581","geneComp_00024564","ENST00000491999.5","MCRIP2","normal","tumor","MCRIP2","protein_coding","nonsense_mediated_decay",44.7432404803187,29.758282875554,59.7281980850835,3.44185122723632,7.14893710696497,1.00487771656055,NA,13.0979530857804,11.7577394572349,14.4381667143259,1.48057571129588,1.76237881726782,0.296049234802867,NA,0.3180625,0.3923375,0.2437875,-0.14855,0.0483935526699924,0.0237981267084467,NA,0.157636,FALSE,NA,NA,NA,NA,0,TRUE
"isoComp_00105727","geneComp_00024585","ENST00000395566.9","MDK","normal","tumor","MDK","protein_coding","protein_coding",39.0547204036423,38.9182961134657,39.191144693819,4.48810972141468,4.33991791992563,0.0100765829113275,NA,30.1513296068221,27.1387892832063,33.1638699304379,3.7681007662239,3.6660648196508,0.289159459352634,NA,0.763790625,0.6841625,0.84341875,0.15925625,1.51358797897131e-06,1.51358797897131e-06,FALSE,0.913671,TRUE,"yes","no","yes","Extracellular",0,TRUE
"isoComp_00105734","geneComp_00024585","ENST00000490240.5","MDK","normal","tumor","MDK","protein_coding","retained_intron",39.0547204036423,38.9182961134657,39.191144693819,4.48810972141468,4.33991791992563,0.0100765829113275,NA,4.62989084529445,6.90721054846411,2.35257114212478,0.70476920343072,0.351246832125584,-1.54983259769036,NA,0.122071875,0.18371875,0.060425,-0.12329375,2.08298686173835e-05,1.51358797897131e-06,NA,0.796931,TRUE,NA,NA,NA,NA,0,TRUE
"isoComp_00106582","geneComp_00024669","ENST00000296350.10","MELTF","normal","tumor","MELTF","protein_coding","protein_coding",3.54379136208321,4.01075913907635,3.07682358509007,0.361669240337088,0.294914609610384,-0.381344881119675,NA,1.33153270129627,1.72138131896126,0.941684083631291,0.175799878700415,0.112714104708041,-0.863368850306266,NA,0.35999375,0.42615625,0.29383125,-0.132325,0.0477542849711316,0.00726250677817695,FALSE,1,TRUE,"yes","no","yes","Cell_membrane",0,TRUE
"isoComp_00106583","geneComp_00024669","ENST00000296351.8","MELTF","normal","tumor","MELTF","protein_coding","protein_coding",3.54379136208321,4.01075913907635,3.07682358509007,0.361669240337088,0.294914609610384,-0.381344881119675,NA,1.54789441527821,1.56198186587866,1.53380696467777,0.16542519686149,0.15758807191606,-0.0260922035573864,NA,0.440934375,0.383025,0.49884375,0.11581875,0.00726250677817695,0.00726250677817695,FALSE,0.999994,TRUE,"yes","yes","yes","Extracellular",0,TRUE
"isoComp_00106921","geneComp_00024717","ENST00000301686.13","METTL26","normal","tumor","METTL26","protein_coding","protein_coding",39.5235238197586,40.1859202338821,38.8611274056351,3.88649516469802,3.16857639585052,-0.0483501278421008,NA,11.0655380989845,8.49477252619944,13.6363036717696,0.685757619246771,0.943561025882623,0.682165671800742,NA,0.29015,0.21876875,0.36153125,0.1427625,1.2640022541548e-05,1.2640022541548e-05,FALSE,0.998208,TRUE,"yes","no","no","Cytoplasm,Nucleus",0,TRUE
"isoComp_00106925","geneComp_00024717","ENST00000397666.6","METTL26","normal","tumor","METTL26","protein_coding","protein_coding",39.5235238197586,40.1859202338821,38.8611274056351,3.88649516469802,3.16857639585052,-0.0483501278421008,NA,5.32250452695513,8.00397009954369,2.64103895436657,1.15101003926237,0.350718641376724,-1.5959592577015,NA,0.135059375,0.2004875,0.06963125,-0.13085625,0.00134190830689257,1.2640022541548e-05,FALSE,0.996354,TRUE,"yes","yes","no","Cytoplasm,Nucleus",0,TRUE
"isoComp_00107263","geneComp_00024754","ENST00000369931.3","MFSD13A","normal","tumor","MFSD13A","protein_coding","protein_coding",7.02420733496839,5.0914106399406,8.95700402999619,0.560251439321163,0.766372568362326,0.813729810439375,NA,1.45829953182298,0.454384832964825,2.46221423068114,0.0926169270493215,0.199091381628417,2.41241100699476,NA,0.182003125,0.08236875,0.2816375,0.19926875,6.90793438796863e-06,6.90793438796863e-06,FALSE,0.944555,TRUE,"no","no","no","Cell_membrane",0,TRUE
"isoComp_00107323","geneComp_00024764","ENST00000329548.5","MFSD5","normal","tumor","MFSD5","protein_coding","protein_coding",19.2125213629403,15.0716036991671,23.3534390267134,0.699159980103789,1.42075323247697,0.631462804704875,NA,16.2982500458441,14.1191695354512,18.477330556237,0.656182865718777,1.00952678746874,0.387860253054929,NA,0.866159375,0.93770625,0.7946125,-0.14309375,3.05710909240213e-10,3.05710909240213e-10,FALSE,1,TRUE,"yes","no","yes","Endoplasmic_reticulum",0,TRUE
"isoComp_00107325","geneComp_00024764","ENST00000546655.1","MFSD5","normal","tumor","MFSD5","protein_coding","protein_coding_CDS_not_defined",19.2125213629403,15.0716036991671,23.3534390267134,0.699159980103789,1.42075323247697,0.631462804704875,NA,2.31911897312306,0.653683541264057,3.98455440498207,0.0986044877769323,0.42176808668174,2.58946717631459,NA,0.1044,0.04145625,0.16734375,0.1258875,4.26728259254115e-10,3.05710909240213e-10,NA,0.0321697,FALSE,NA,NA,NA,NA,0,TRUE
"isoComp_00108407","geneComp_00024912","ENST00000414287.5","MIR3667HG","normal","tumor","MIR3667HG","lncRNA","lncRNA",1.09642413234125,1.00695877648493,1.18588948819757,0.0791266104254912,0.0848931634912808,0.23382287747393,NA,0.29203505946123,0.343537618500377,0.240532500422083,0.0222349968451274,0.0248533517171566,-0.496865964802052,NA,0.306884375,0.3870625,0.22670625,-0.16035625,0.0102795687228574,0.0102795687228574,NA,0.049289,FALSE,NA,NA,NA,NA,0,FALSE
"isoComp_00108591","geneComp_00024938","ENST00000414769.2","MIR503HG","normal","tumor","MIR503HG","lncRNA","lncRNA",4.14455035764229,4.38438997050563,3.90471074477896,0.300817254006142,0.333381845275144,-0.166757192517951,NA,0.785463382568916,1.18644664449972,0.384480120638117,0.0831822854595064,0.0581727407507377,-1.60073155710837,NA,0.189890625,0.27753125,0.10225,-0.17528125,0.000597068946420356,0.000597068946420356,NA,0.099019,FALSE,NA,NA,NA,NA,0,FALSE
"isoComp_00108694","geneComp_00024955","ENST00000658747.1","MIR762HG","normal","tumor","MIR762HG","lncRNA","lncRNA",2.69197824920691,3.12026886562637,2.26368763278745,0.216346071451232,0.134597284254754,-0.46125251338703,NA,0.707368916726695,1.17077828048877,0.243959552964622,0.105970103286767,0.0538406948973792,-2.21706744085563,NA,0.241509375,0.37786875,0.10515,-0.27271875,0.000125817926733276,0.000125817926733276,NA,0.0432707,FALSE,NA,NA,NA,NA,0,TRUE
"isoComp_00108956","geneComp_00024966","ENST00000573759.1","MIS12","normal","tumor","MIS12","protein_coding","protein_coding",22.623350821356,23.2972181783011,21.9494834644109,0.999401250908034,0.815694591600018,-0.0859327032104169,NA,5.65393857428565,7.53495623827546,3.77292091029584,0.582131330512879,0.315174907351548,-0.996011918747928,NA,0.247659375,0.32359375,0.171725,-0.15186875,6.2513646630432e-05,6.2513646630432e-05,FALSE,0.998894,TRUE,"yes","no","no","Nucleus",1,TRUE
"isoComp_00109160","geneComp_00024996","ENST00000585134.2","MKS1","normal","tumor","MKS1","protein_coding","protein_coding",10.5595823210099,11.2910481304001,9.82811651161964,0.69017540246751,0.39831558062401,-0.200002537535548,NA,0.971873316985764,0.465151696274806,1.47859493769672,0.106682940688331,0.170696477085582,1.64749114993845,NA,0.099071875,0.04406875,0.154075,0.11000625,0.0275425302604459,0.010063019698606,FALSE,1,TRUE,"yes","no","no","Cytoplasm",1,TRUE
"isoComp_00109307","geneComp_00025010","ENST00000252674.9","MLLT1","normal","tumor","MLLT1","protein_coding","protein_coding",15.0500961991923,21.205077606271,8.89511479211371,1.11629113446569,0.608742050415174,-1.2523838423816,NA,11.7547024181726,14.9378473590734,8.57155747727187,0.790209483737369,0.519038498597649,-0.800626323658087,NA,0.8398875,0.7091,0.970675,0.261575,6.24960041490625e-11,6.24960041490625e-11,FALSE,1,TRUE,"yes","yes","no","Nucleus",0,TRUE
"isoComp_00109308","geneComp_00025010","ENST00000585588.1","MLLT1","normal","tumor","MLLT1","protein_coding","protein_coding_CDS_not_defined",15.0500961991923,21.205077606271,8.89511479211371,1.11629113446569,0.608742050415174,-1.2523838423816,NA,3.26705828271782,6.21482552144998,0.319291043985658,0.500632478851289,0.152652230273235,-4.2405982204222,NA,0.158815625,0.28868125,0.02895,-0.25973125,7.15910558579916e-11,6.24960041490625e-11,NA,0.141309,FALSE,NA,NA,NA,NA,0,TRUE
"isoComp_00109532","geneComp_00025042","ENST00000311852.11","MMP14","normal","tumor","MMP14","protein_coding","protein_coding",116.121635419103,77.3582068041978,154.885064034008,7.49888015947639,13.5090014781688,1.00147842980332,NA,76.2938556782437,42.8285897233812,109.759121633106,4.30665207960653,9.94405780052003,1.35748938574186,NA,0.6321125,0.55906875,0.70515625,0.1460875,0.00791870335759061,0.00791870335759061,FALSE,1,TRUE,"yes","yes","yes","Cell_membrane",0,TRUE
"isoComp_00109976","geneComp_00025115","ENST00000378531.8","MORN1","normal","tumor","MORN1","protein_coding","protein_coding",7.08283481411236,8.98085122671093,5.18481840151378,0.492372132982277,0.330046639859592,-0.791384395400366,NA,1.83008266041809,3.00968060258987,0.650484718246307,0.313557538238974,0.108778247859487,-2.19279887392163,NA,0.22445,0.3275625,0.1213375,-0.206225,0.0203751420668058,0.0069762675419945,FALSE,1,TRUE,"yes","yes","no","Cytoplasm",0,TRUE
"isoComp_00110226","geneComp_00025149","ENST00000269095.9","MPP2","normal","tumor","MPP2","protein_coding","protein_coding",2.81593653062573,3.54292402478367,2.08894903646778,0.269845496408508,0.170570565199755,-0.759339700917439,NA,1.43711326099459,2.24877458968017,0.625451932309004,0.24784956769378,0.134995747165495,-1.82968540254111,NA,0.4343875,0.60914375,0.25963125,-0.3495125,0.0171575098519012,0.0171575098519012,FALSE,1,TRUE,"yes","yes","no","Cytoplasm,Cell_membrane",0,FALSE
"isoComp_00110244","geneComp_00025150","ENST00000480958.1","MPP3","normal","tumor","MPP3","protein_coding","retained_intron",1.6207771972121,2.15165633297383,1.08989806145037,0.142960063707584,0.117350512038839,-0.974767356066134,NA,0.304796896067782,0.253589843056867,0.356003949078697,0.0313364023731395,0.0340816984868659,0.47356443500965,NA,0.228578125,0.1147375,0.34241875,0.22768125,4.38548726903696e-09,4.38548726903696e-09,NA,0.999998,TRUE,NA,NA,NA,NA,0,TRUE
"isoComp_00110365","geneComp_00025165","ENST00000491222.5","MPZ","normal","tumor","MPZ","protein_coding","protein_coding",2.81861595712111,2.94078798302021,2.69644393122201,0.867742079787983,0.269737310622928,-0.124701765075202,NA,0.740099759999959,0.476488522770302,1.00371099722962,0.0517608546453662,0.0713910492452142,1.059168732996,NA,0.308215625,0.22028125,0.39615,0.17586875,0.00547478855766648,9.12697435414526e-10,NA,0.0802644,FALSE,NA,NA,NA,NA,0,TRUE
"isoComp_00110367","geneComp_00025165","ENST00000533357.5","MPZ","normal","tumor","MPZ","protein_coding","protein_coding",2.81861595712111,2.94078798302021,2.69644393122201,0.867742079787983,0.269737310622928,-0.124701765075202,NA,0.696829869759961,1.33703175068343,0.0566279888364962,0.688343054333824,0.0214346185973305,-4.33751169996009,NA,0.195078125,0.3607375,0.02941875,-0.33131875,9.12697435414526e-10,9.12697435414526e-10,FALSE,0.999771,TRUE,"yes","yes","yes","Cell_membrane",0,TRUE
"isoComp_00110418","geneComp_00025175","ENST00000303375.10","MRC2","normal","tumor","MRC2","protein_coding","protein_coding",5.8926956147007,7.0830054672342,4.70238576216719,1.37444454919756,0.866166771542303,-0.589939414673627,NA,4.88756563661179,5.53215850724578,4.2429727659778,1.0232412912134,0.762350482892512,-0.381976356223395,NA,0.855675,0.7904125,0.9209375,0.130525,0.002848099038713,0.002848099038713,FALSE,1,TRUE,"yes","no","yes",NA,0,TRUE
"isoComp_00110420","geneComp_00025175","ENST00000583597.5","MRC2","normal","tumor","MRC2","protein_coding","retained_intron",5.8926956147007,7.0830054672342,4.70238576216719,1.37444454919756,0.866166771542303,-0.589939414673627,NA,0.801179070708947,1.26625486409227,0.336103277325625,0.346878134697291,0.141340555831231,-1.8826419516793,NA,0.10135625,0.15666875,0.04604375,-0.110625,0.0143020535095252,0.002848099038713,NA,1,TRUE,NA,NA,NA,NA,0,TRUE
"isoComp_00111449","geneComp_00025350","ENST00000284073.7","MSI2","normal","tumor","MSI2","protein_coding","protein_coding",46.8428893370304,46.9287706548843,46.7570080191766,3.39772294630466,2.57796464008797,-0.00528892420041484,NA,17.7410176987993,14.9426041493292,20.5394312482693,0.83498744389983,1.41952625974045,0.458701698189539,NA,0.38258125,0.3280625,0.4371,0.1090375,0.0424969763094033,0.041582064779393,FALSE,0.999843,TRUE,"yes","no","no","Cytoplasm,Nucleus",0,TRUE
"isoComp_00113357","geneComp_00025643","ENST00000300036.6","MYH11","normal","tumor","MYH11","protein_coding","protein_coding",12.126007604806,21.8901362689914,2.36187894062061,3.8788601787736,0.373961234144909,-3.20683756419613,NA,7.65727430131942,13.5585813094823,1.75596729315658,1.95763826755354,0.273481848953123,-2.94173935602642,NA,0.703674193548387,0.6405625,0.770993333333333,0.130430833333333,2.75948644367535e-05,2.75948644367535e-05,FALSE,1,TRUE,"yes","yes","no","Cytoplasm",0,FALSE
"isoComp_00113358","geneComp_00025643","ENST00000452625.7","MYH11","normal","tumor","MYH11","protein_coding","protein_coding",12.126007604806,21.8901362689914,2.36187894062061,3.8788601787736,0.373961234144909,-3.20683756419613,NA,4.13724033724494,7.7333628180716,0.541117856418273,1.62678980576366,0.0994849960996314,-3.81252746485334,NA,0.275625806451613,0.34414375,0.20254,-0.14160375,2.82744068455518e-05,2.75948644367535e-05,FALSE,1,TRUE,"yes","yes","no","Cytoplasm",0,FALSE
"isoComp_00113618","geneComp_00025689","ENST00000513610.6","MYO10","normal","tumor","MYO10","protein_coding","protein_coding",20.9362417369857,16.5336932420057,25.3387902319656,0.952864983326003,1.46405630648141,0.615635556279813,NA,11.6919517855811,10.9531282039691,12.430775367193,0.633297673318407,0.82296202892786,0.182416890094766,NA,0.576684375,0.66255625,0.4908125,-0.17174375,1.31022383485066e-05,1.31022383485066e-05,FALSE,1,TRUE,"yes","no","no","Cytoplasm",0,TRUE
"isoComp_00113620","geneComp_00025689","ENST00000515803.5","MYO10","normal","tumor","MYO10","protein_coding","protein_coding",20.9362417369857,16.5336932420057,25.3387902319656,0.952864983326003,1.46405630648141,0.615635556279813,NA,8.42571800592908,4.75335650871772,12.0980795031404,0.374074677798543,0.756249139716888,1.34591961828012,NA,0.3820375,0.28644375,0.47763125,0.1911875,0.0146356435210834,1.31022383485066e-05,FALSE,1,TRUE,"yes","yes","no","Cytoplasm,Cell_membrane",0,TRUE
"isoComp_00113921","geneComp_00025713","ENST00000664640.1","MYO6","normal","tumor","MYO6","protein_coding","protein_coding",15.4187185439775,11.7793725521446,19.0580645358105,0.825325488766983,1.36126910705798,0.693671475330194,NA,4.61102539615411,5.13059815485994,4.09145263744828,0.537225067086722,0.287806912182332,-0.325801271063212,NA,0.327209375,0.43359375,0.220825,-0.21276875,2.53321369558595e-05,2.53321369558595e-05,FALSE,1,TRUE,"yes","no","no","Cytoplasm,Cell_membrane",1,FALSE
"isoComp_00114854","geneComp_00025837","ENST00000390006.8","NARF","normal","tumor","NARF","protein_coding","protein_coding",28.1138490231482,26.5996370707667,29.6280609755297,1.23055627721395,1.50084878547314,0.155502231075797,NA,6.69050718196148,8.93724180644996,4.44377255747299,0.788012187675384,0.411341856860855,-1.00641512156813,NA,0.244471875,0.33428125,0.1546625,-0.17961875,0.00128442567394341,0.00128442567394341,FALSE,1,TRUE,"yes","no","no","Cytoplasm",0,TRUE
"isoComp_00114876","geneComp_00025838","ENST00000579095.2","NARF-AS2","normal","tumor","NARF-AS2","lncRNA","lncRNA",1.68530529785477,2.36548396403556,1.00512663167399,0.162545404588039,0.0750544536972301,-1.22656176050462,NA,0.986599483485025,1.22050228686121,0.752696680108844,0.0598679808191456,0.0453779742993241,-0.690066013941557,NA,0.653971875,0.5337625,0.77418125,0.24041875,0.0161718772448808,0.0161718772448808,NA,0.0478552,FALSE,NA,NA,NA,NA,0,FALSE
"isoComp_00116770","geneComp_00026075","ENST00000435532.8","NEDD4","normal","tumor","NEDD4","protein_coding","protein_coding",11.9693878132736,9.59222543998258,14.3465501865645,0.478171218336995,1.38989889687292,0.580268404836803,NA,8.45562031816482,5.88107903522878,11.0301616011009,0.391755504288956,1.14008072388625,0.906157476250228,NA,0.684159375,0.60375625,0.7645625,0.16080625,7.46171764318767e-05,7.46171764318767e-05,FALSE,1,TRUE,"yes","yes","no","Cytoplasm,Lysosome_Vacuole",0,TRUE
"isoComp_00116775","geneComp_00026075","ENST00000508075.1","NEDD4","normal","tumor","NEDD4","protein_coding","protein_coding_CDS_not_defined",11.9693878132736,9.59222543998258,14.3465501865645,0.478171218336995,1.38989889687292,0.580268404836803,NA,2.47304745483795,2.8528825965148,2.0932123131611,0.141290612476722,0.120311621729905,-0.444874015018835,NA,0.2318,0.30780625,0.15579375,-0.1520125,0.000135034558846715,7.46171764318767e-05,NA,0.239874,FALSE,NA,NA,NA,NA,0,TRUE
"isoComp_00116910","geneComp_00026089","ENST00000510533.5","NEK1","normal","tumor","NEK1","protein_coding","protein_coding",10.6109519643946,10.6347802881325,10.5871236406567,0.487690607144151,0.512579685475439,-0.00647344273513911,NA,2.14930369726221,1.08111609336421,3.21749130116021,0.130395168860948,0.264773660990628,1.5646085963938,NA,0.201996875,0.1010625,0.30293125,0.20186875,1.56486294171746e-07,1.56486294171746e-07,FALSE,1,TRUE,"yes","yes","no","Cytoplasm",1,FALSE
"isoComp_00116993","geneComp_00026098","ENST00000320246.10","NEK6","normal","tumor","NEK6","protein_coding","protein_coding",8.18773391886264,9.97263152620394,6.40283631152134,0.827718663949134,0.603958968510281,-0.638457592550536,NA,4.20855234413954,5.50902372769244,2.90808096058663,0.497474285035984,0.29441615860968,-0.91939317744839,NA,0.505275,0.556625,0.453925,-0.1027,0.0125571798921563,0.0125571798921563,FALSE,0.99996,TRUE,"yes","no","no","Cytoplasm,Nucleus",0,FALSE
"isoComp_00117003","geneComp_00026098","ENST00000545174.5","NEK6","normal","tumor","NEK6","protein_coding","protein_coding",8.18773391886264,9.97263152620394,6.40283631152134,0.827718663949134,0.603958968510281,-0.638457592550536,NA,2.1004928909091,3.08653329031665,1.11445249150155,0.345419708020538,0.223640121164762,-1.46143124826484,NA,0.233809375,0.30575,0.16186875,-0.14388125,0.0458176973243469,0.0125571798921563,FALSE,0.999968,TRUE,"yes","no","no","Cytoplasm,Nucleus",0,FALSE
"isoComp_00117004","geneComp_00026098","ENST00000546191.5","NEK6","normal","tumor","NEK6","protein_coding","protein_coding",8.18773391886264,9.97263152620394,6.40283631152134,0.827718663949134,0.603958968510281,-0.638457592550536,NA,0.586446104732941,0.334133577190789,0.838758632275094,0.106395240354041,0.122724523074825,1.30238567929687,NA,0.088528125,0.0356125,0.14144375,0.10583125,0.0213888892243277,0.0125571798921563,FALSE,0.999976,TRUE,"yes","no","no","Cytoplasm,Nucleus",0,FALSE
"isoComp_00117446","geneComp_00026152","ENST00000397062.8","NFE2L2","normal","tumor","NFE2L2","protein_coding","protein_coding",96.7250135385028,124.078222154629,69.371804922377,7.91137983326715,3.96605333633031,-0.838736911434684,NA,57.0360571738921,64.0143617957406,50.0577525520436,3.52919878746216,2.65235769809764,-0.354739269910337,NA,0.626290625,0.52726875,0.7253125,0.19804375,1.46130417923529e-06,1.46130417923529e-06,FALSE,1,TRUE,"yes","yes","no","Cytoplasm,Nucleus",0,TRUE
"isoComp_00118028","geneComp_00026223","ENST00000305108.10","NINJ2","normal","tumor","NINJ2","protein_coding","protein_coding",2.58530419853684,3.3117496680162,1.85885872905749,0.574552520437669,0.227205073677981,-0.829785836890594,NA,0.800924215469643,1.21790619274788,0.38394223819141,0.182161408542835,0.0515417758021631,-1.64014433359575,NA,0.29605,0.39105625,0.20104375,-0.1900125,0.00344631219566814,0.000133464960516776,FALSE,0.942126,TRUE,"yes","no","no","Cell_membrane,Lysosome_Vacuole",0,TRUE
"isoComp_00118029","geneComp_00026223","ENST00000397265.7","NINJ2","normal","tumor","NINJ2","protein_coding","protein_coding",2.58530419853684,3.3117496680162,1.85885872905749,0.574552520437669,0.227205073677981,-0.829785836890594,NA,0.944160620499066,0.757277051540656,1.13104418945748,0.137388365493743,0.149342577294756,0.572535153112826,NA,0.423884375,0.21950625,0.6282625,0.40875625,0.000133464960516776,0.000133464960516776,FALSE,0.931005,TRUE,"yes","no","no","Cell_membrane,Lysosome_Vacuole",0,TRUE
"isoComp_00118032","geneComp_00026223","ENST00000542920.1","NINJ2","normal","tumor","NINJ2","protein_coding","protein_coding",2.58530419853684,3.3117496680162,1.85885872905749,0.574552520437669,0.227205073677981,-0.829785836890594,NA,0.701359930269678,1.14953337630665,0.253186484232705,0.25527989265074,0.0577490791221829,-2.13938704004496,NA,0.226734375,0.3300875,0.12338125,-0.20670625,0.049810052732563,0.000133464960516776,FALSE,0.636562,TRUE,"yes","no","no","Cell_membrane",0,TRUE
"isoComp_00118086","geneComp_00026231","ENST00000295461.10","NIPAL1","normal","tumor","NIPAL1","protein_coding","protein_coding",1.44816800096881,1.78632040305736,1.11001559888026,0.118789199647114,0.124454341557689,-0.681525875852947,NA,0.940890171251662,1.27464185995285,0.607138482550477,0.083302685757133,0.0685710895697548,-1.05770004861734,NA,0.641040625,0.72173125,0.56035,-0.16138125,0.0207342055383502,0.0207342055383502,FALSE,1,TRUE,"yes","no","no","Cell_membrane,Lysosome_Vacuole",0,TRUE
"isoComp_00118658","geneComp_00026321","ENST00000294868.8","NMNAT2","normal","tumor","NMNAT2","protein_coding","protein_coding",13.2513576167977,10.3693708197938,16.1333444138016,1.50256204663085,2.32737213963459,0.637220499884653,NA,1.79078189161117,2.98130528052468,0.600258502697658,0.306958629673092,0.131160039005356,-2.29328275734615,NA,0.205309375,0.35776875,0.05285,-0.30491875,4.98151211280808e-08,4.98151211280808e-08,FALSE,0.999982,TRUE,"yes","no","no","Cytoplasm",0,TRUE
"isoComp_00118999","geneComp_00026363","ENST00000678148.1","NOMO3","normal","tumor","NOMO3","protein_coding","protein_coding_CDS_not_defined",12.011568493461,13.0668721141743,10.9562648727476,1.05573935725738,0.400375771285834,-0.253945275516952,NA,0.913128775488898,0.0983186078859993,1.7279389430918,0.0937355351110888,0.437404196470317,4.0040243908842,NA,0.08075625,0.0080625,0.15345,0.1453875,0.0154729464088475,0.00403275902296968,NA,1,TRUE,NA,NA,NA,NA,0,TRUE
"isoComp_00119246","geneComp_00026393","ENST00000375023.3","NOTCH4","normal","tumor","NOTCH4","protein_coding","protein_coding",10.6381428097316,10.9000324802102,10.376253139253,0.643455816109495,0.519896261703531,-0.0709801036158567,NA,5.51617610352455,4.90987553102366,6.12247667602545,0.354159164624883,0.363597638019166,0.317848024736718,NA,0.522253125,0.45281875,0.5916875,0.13886875,0.00814951580226665,0.000731214721101679,FALSE,1,TRUE,"yes","no","yes","Extracellular",0,TRUE
"isoComp_00119250","geneComp_00026393","ENST00000491215.1","NOTCH4","normal","tumor","NOTCH4","protein_coding","retained_intron",10.6381428097316,10.9000324802102,10.376253139253,0.643455816109495,0.519896261703531,-0.0709801036158567,NA,3.41008163983998,4.53973444445305,2.28042883522692,0.400162300468498,0.222272078915078,-0.990164603314264,NA,0.316175,0.41375,0.2186,-0.19515,0.000731214721101679,0.000731214721101679,NA,0.0842632,FALSE,NA,NA,NA,NA,1,TRUE
"isoComp_00120131","geneComp_00026533","ENST00000550763.1","NR4A1","normal","tumor","NR4A1","protein_coding","protein_coding",195.433557501183,269.553301119714,121.313813882651,36.4403624251643,14.2455492778944,-1.15176134281437,NA,53.3597231948854,91.7125335702534,15.0069128195175,16.4082227493248,3.01750471868479,-2.61068795200818,NA,0.227265625,0.3289125,0.12561875,-0.20329375,0.000459820109064132,0.000459820109064132,NA,0.0891058,FALSE,NA,NA,NA,NA,0,TRUE
"isoComp_00120264","geneComp_00026554","ENST00000393232.6","NRF1","normal","tumor","NRF1","protein_coding","protein_coding",8.63670988695558,8.22341770078709,9.05000207312408,0.392921756797394,0.514996873927689,0.138019961109471,NA,4.54909516826012,4.99108155331611,4.10710878320413,0.269438114199834,0.258003822329173,-0.280608563075172,NA,0.533090625,0.60828125,0.4579,-0.15038125,0.0116317180678846,0.00218602822587442,FALSE,1,TRUE,"yes","yes","no","Nucleus",0,TRUE
"isoComp_00120266","geneComp_00026554","ENST00000477428.5","NRF1","normal","tumor","NRF1","protein_coding","protein_coding_CDS_not_defined",8.63670988695558,8.22341770078709,9.05000207312408,0.392921756797394,0.514996873927689,0.138019961109471,NA,1.35620103260412,0.688475350769253,2.02392671443899,0.14049789281477,0.238536094168902,1.54198658870874,NA,0.1466125,0.07686875,0.21635625,0.1394875,0.00218602822587442,0.00218602822587442,NA,0.00514585,FALSE,NA,NA,NA,NA,0,TRUE
"isoComp_00120322","geneComp_00026560","ENST00000284292.11","NRGN","normal","tumor","NRGN","protein_coding","protein_coding",2.60906297448627,3.6925789122656,1.52554703670693,0.263877492297212,0.180325819080721,-1.26977777822445,NA,1.44586865040932,1.7615429660129,1.13019433480575,0.197800523724493,0.153046111111502,-0.635726717804075,NA,0.592065625,0.4611625,0.72296875,0.26180625,0.00374282084065168,0.00374282084065168,NA,0.0921064,FALSE,NA,NA,NA,NA,0,FALSE
"isoComp_00120323","geneComp_00026560","ENST00000412681.2","NRGN","normal","tumor","NRGN","protein_coding","protein_coding",2.60906297448627,3.6925789122656,1.52554703670693,0.263877492297212,0.180325819080721,-1.26977777822445,NA,1.16319432407694,1.9310359462527,0.395352701901183,0.118399360346801,0.0521136914222852,-2.25957717114332,NA,0.407934375,0.5388375,0.27703125,-0.26180625,0.00384714933541114,0.00374282084065168,NA,0.0921064,FALSE,NA,NA,NA,NA,0,FALSE
"isoComp_00121713","geneComp_00026732","ENST00000568656.5","NUP93","normal","tumor","NUP93","protein_coding","protein_coding",39.6023665988106,48.6600141842825,30.5447190133387,3.09939648954988,1.84893492795231,-0.671637981268051,NA,4.24836652487008,7.7516796238236,0.745053425916567,1.17623899338978,0.34207829361203,-3.36171824964204,NA,0.08405,0.14875,0.01935,-0.1294,0.000733018458486258,0.000733018458486258,NA,0.204967,FALSE,NA,NA,NA,NA,0,TRUE
"isoComp_00121716","geneComp_00026732","ENST00000569842.5","NUP93","normal","tumor","NUP93","protein_coding","protein_coding",39.6023665988106,48.6600141842825,30.5447190133387,3.09939648954988,1.84893492795231,-0.671637981268051,NA,14.6156017726216,15.9316339527781,13.2995695924652,0.94609247276641,0.807627274920933,-0.260335589451073,NA,0.387884375,0.33505,0.44071875,0.10566875,0.0166504116342347,0.000733018458486258,FALSE,1,TRUE,"yes","no","no","Cytoplasm,Nucleus",0,TRUE
"isoComp_00122320","geneComp_00026810","ENST00000356392.9","ODAD3","normal","tumor","ODAD3","protein_coding","protein_coding",7.64867749465768,2.67990820076011,12.6174467885553,0.446081778365496,1.32984707675503,2.23093411885276,NA,0.845098665273893,1.3660681744964,0.324129156051387,0.144879699544798,0.0882773761536613,-2.04207416460559,NA,0.319475,0.6043375,0.0346125,-0.569725,1.0503701587737e-09,1.0503701587737e-09,FALSE,1,TRUE,"no","yes","no","Cytoplasm",0,TRUE
"isoComp_00122321","geneComp_00026810","ENST00000586836.5","ODAD3","normal","tumor","ODAD3","protein_coding","protein_coding",7.64867749465768,2.67990820076011,12.6174467885553,0.446081778365496,1.32984707675503,2.23093411885276,NA,6.39672249044107,1.17987780617674,11.6135671747054,0.437964739858923,1.34332730530276,3.28816755812392,NA,0.611159375,0.3271875,0.89513125,0.56794375,1.50068548101062e-07,1.0503701587737e-09,FALSE,1,TRUE,"no","no","no","Cytoplasm",0,TRUE
"isoComp_00122512","geneComp_00026835","ENST00000329197.9","OGFOD3","normal","tumor","OGFOD3","protein_coding","protein_coding",21.7217792855305,22.9128775923586,20.5306809787024,0.675962260809574,0.885489214288859,-0.158304150567612,NA,6.14563374251848,4.97272705820389,7.31854042683308,0.293750882793912,0.439545807036531,0.556590346855139,NA,0.285659375,0.2169,0.35441875,0.13751875,1.40114368807743e-05,3.9957467132717e-12,FALSE,0.999996,TRUE,"no","no","no","Endoplasmic_reticulum",1,TRUE
"isoComp_00122517","geneComp_00026835","ENST00000579407.5","OGFOD3","normal","tumor","OGFOD3","protein_coding","retained_intron",21.7217792855305,22.9128775923586,20.5306809787024,0.675962260809574,0.885489214288859,-0.158304150567612,NA,2.57183732749207,4.51713929961995,0.626535355364186,0.518018705301245,0.162758848408308,-2.83028714513755,NA,0.114021875,0.19570625,0.0323375,-0.16336875,3.9957467132717e-12,3.9957467132717e-12,NA,0.0443995,FALSE,NA,NA,NA,NA,0,TRUE
"isoComp_00122681","geneComp_00026855","ENST00000329293.4","OLFML1","normal","tumor","OLFML1","protein_coding","protein_coding",6.52732507803933,10.3330553336291,2.72159482244958,0.784827201144335,0.273805337289507,-1.92084701043312,NA,4.52779915780137,7.53589553031771,1.51970278528504,0.624573030028447,0.16441942839366,-2.30244075612928,NA,0.64023125,0.7256625,0.5548,-0.1708625,0.025875008443913,0.025875008443913,FALSE,1,TRUE,"yes","no","yes","Extracellular",1,TRUE
"isoComp_00122684","geneComp_00026855","ENST00000530135.5","OLFML1","normal","tumor","OLFML1","protein_coding","protein_coding",6.52732507803933,10.3330553336291,2.72159482244958,0.784827201144335,0.273805337289507,-1.92084701043312,NA,1.71521134468432,2.33019776739504,1.10022492197359,0.197371398552771,0.118927511061574,-1.07577847171078,NA,0.31889375,0.2271125,0.410675,0.1835625,0.0411040206119679,0.025875008443913,FALSE,1,TRUE,"yes","no","yes","Extracellular",0,TRUE
"isoComp_00123225","geneComp_00027142","ENST00000569239.5","ORC6","normal","tumor","ORC6","protein_coding","retained_intron",2.30191236454623,1.38023861048916,3.22358611860331,0.14496684781085,0.218796104596966,1.21780251559552,NA,0.290570890308263,0.282897556379913,0.298244224236613,0.0236365517073928,0.0245338539326616,0.0736777052266823,NA,0.162984375,0.23034375,0.095625,-0.13471875,0.00129705792899047,0.00129705792899047,NA,0.520048,TRUE,NA,NA,NA,NA,0,TRUE
"isoComp_00124195","geneComp_00027303","ENST00000366888.7","PACRG","normal","tumor","PACRG","protein_coding","protein_coding",3.08339156716448,4.0951547959618,2.07162833836716,0.306685456705575,0.230086010647739,-0.979724116232304,NA,1.57190721279219,2.39387618320071,0.749938242383668,0.237513828519352,0.13820409593121,-1.66140850338462,NA,0.459115625,0.57701875,0.3412125,-0.23580625,0.0468375355931696,0.0468375355931696,FALSE,0.999917,TRUE,"yes","no","no","Cytoplasm",0,TRUE
"isoComp_00125133","geneComp_00027435","ENST00000334956.15","PARVA","normal","tumor","PARVA","protein_coding","protein_coding",19.7275127477315,19.4337104122723,20.0213150831907,1.13974957121021,1.15088389571862,0.0429535867486576,NA,15.9065492928461,17.0449455440786,14.7681530416136,1.03822487641711,0.865766733181095,-0.206724174271194,NA,0.809475,0.87803125,0.74091875,-0.1371125,0.00543199504614915,0.00543199504614915,FALSE,1,TRUE,"yes","yes","no","Cytoplasm,Cell_membrane",0,TRUE
"isoComp_00125134","geneComp_00027435","ENST00000528916.1","PARVA","normal","tumor","PARVA","protein_coding","protein_coding",19.7275127477315,19.4337104122723,20.0213150831907,1.13974957121021,1.15088389571862,0.0429535867486576,NA,3.67001969663565,2.21938015513125,5.12065923814005,0.287719734025138,0.544122697462437,1.20250156282633,NA,0.18265,0.1131,0.2522,0.1391,0.00604684896871217,0.00543199504614915,NA,0.303486,FALSE,NA,NA,NA,NA,0,TRUE
"isoComp_00125974","geneComp_00027520","ENST00000562220.2","PCDHA10","normal","tumor","PCDHA10","protein_coding","protein_coding",2.11823153662489,2.56408591553792,1.67237715771185,0.318869136393379,0.333571962333883,-0.613559040062881,NA,0.531516012612733,0.49447195392776,0.568560071297707,0.085256663568016,0.101867958279583,0.197692695591473,NA,0.255634375,0.169525,0.34174375,0.17221875,0.00365403052098215,0.00365403052098215,FALSE,1,TRUE,"yes","no","yes","Cell_membrane",2,TRUE
"isoComp_00126004","geneComp_00027533","ENST00000289269.7","PCDHAC2","normal","tumor","PCDHAC2","protein_coding","protein_coding",3.80513359580419,2.76125818065463,4.84900901095375,0.335298682562481,0.462812825177349,0.810120984029514,NA,1.06970104355312,0.583992711470722,1.55540937563551,0.0793312064496663,0.170439576159228,1.39802285688378,NA,0.266109375,0.2046125,0.32760625,0.12299375,0.0437810619632516,0.0406638046919325,FALSE,1,TRUE,"yes","yes","yes","Cell_membrane",1,TRUE
"isoComp_00126006","geneComp_00027533","ENST00000673410.1","PCDHAC2","normal","tumor","PCDHAC2","protein_coding","protein_coding_CDS_not_defined",3.80513359580419,2.76125818065463,4.84900901095375,0.335298682562481,0.462812825177349,0.810120984029514,NA,2.71529053102118,2.17726546918391,3.25331559285845,0.282069473814358,0.324706674242673,0.577210184735977,NA,0.729671875,0.7953875,0.66395625,-0.13143125,0.0406638046919325,0.0406638046919325,NA,0.0286084,FALSE,NA,NA,NA,NA,0,TRUE
"isoComp_00126263","geneComp_00027594","ENST00000380258.6","PCLAF","normal","tumor","PCLAF","protein_coding","protein_coding",11.6156188122416,6.37093790571251,16.8602997187706,0.562307213957106,1.11531880368748,1.40264520483791,NA,2.11083770030555,0.687949971593328,3.53372542901777,0.11469398569751,0.247409190911307,2.34407129272365,NA,0.15641875,0.10200625,0.21083125,0.108825,0.000129816690110921,3.9477544612789e-05,NA,0.0525876,FALSE,NA,NA,NA,NA,0,TRUE
"isoComp_00126264","geneComp_00027594","ENST00000558008.3","PCLAF","normal","tumor","PCLAF","protein_coding","protein_coding",11.6156188122416,6.37093790571251,16.8602997187706,0.562307213957106,1.11531880368748,1.40264520483791,NA,2.82749232365102,0.929704849271708,4.72527979803034,0.201392894947611,0.530935028240256,2.33317007536356,NA,0.19853125,0.12799375,0.26906875,0.141075,0.00159666138474939,3.9477544612789e-05,FALSE,0.514437,TRUE,"yes","yes","no","Nucleus",0,TRUE
"isoComp_00126269","geneComp_00027594","ENST00000560234.1","PCLAF","normal","tumor","PCLAF","protein_coding","protein_coding_CDS_not_defined",11.6156188122416,6.37093790571251,16.8602997187706,0.562307213957106,1.11531880368748,1.40264520483791,NA,3.1277694556961,2.89556884995945,3.35997006143276,0.273049408254733,0.270118542108509,0.213915133696543,NA,0.340315625,0.4735375,0.20709375,-0.26644375,3.9477544612789e-05,3.9477544612789e-05,NA,0.432236,FALSE,NA,NA,NA,NA,0,TRUE
"isoComp_00126335","geneComp_00027602","ENST00000379143.10","PCNA","normal","tumor","PCNA","protein_coding","protein_coding",67.4744755413014,54.3680616443316,80.5808894382712,3.01878250402486,3.69507085635935,0.567592029466114,NA,54.8444432076937,39.0282842592121,70.6606021561753,2.07913667407559,3.37202778034613,0.856220554143062,NA,0.800778125,0.72518125,0.876375,0.15119375,0.000188759375728892,0.000188759375728892,FALSE,0.999994,TRUE,"yes","no","no","Cytoplasm,Nucleus",0,FALSE
"isoComp_00126336","geneComp_00027602","ENST00000379160.3","PCNA","normal","tumor","PCNA","protein_coding","protein_coding",67.4744755413014,54.3680616443316,80.5808894382712,3.01878250402486,3.69507085635935,0.567592029466114,NA,12.6300323336077,15.3397773851196,9.92028728209591,1.98567741060305,0.786356435895445,-0.628310372141873,NA,0.199221875,0.27481875,0.123625,-0.15119375,0.000192034054858029,0.000188759375728892,FALSE,0.999995,TRUE,"yes","no","no","Cytoplasm,Nucleus",0,FALSE
"isoComp_00127386","geneComp_00027750","ENST00000376215.10","PDSS1","normal","tumor","PDSS1","protein_coding","protein_coding",5.58550451548295,4.42146237090936,6.74954666005653,0.193360278801362,0.324214202605205,0.609143630158282,NA,4.21381845798111,2.87553864565075,5.55209827031147,0.196334728607794,0.344099107809593,0.946788581258629,NA,0.732890625,0.64830625,0.817475,0.16916875,0.0105208110256844,0.0034714349292337,FALSE,1,TRUE,"yes","yes","no","Mitochondrion",0,TRUE
"isoComp_00127387","geneComp_00027750","ENST00000470978.1","PDSS1","normal","tumor","PDSS1","protein_coding","protein_coding_CDS_not_defined",5.58550451548295,4.42146237090936,6.74954666005653,0.193360278801362,0.324214202605205,0.609143630158282,NA,0.652723135894002,0.992672122298545,0.312774149489459,0.148991962140526,0.109847233177334,-1.63525297113835,NA,0.1356125,0.22356875,0.04765625,-0.1759125,0.0034714349292337,0.0034714349292337,NA,0.969041,TRUE,NA,NA,NA,NA,0,TRUE
"isoComp_00127390","geneComp_00027751","ENST00000369031.4","PDSS2","normal","tumor","PDSS2","protein_coding","protein_coding",19.0015095312703,18.9407402925553,19.0622787699852,1.05386684087917,0.786057709399074,0.00922302122066688,NA,7.0637673646458,8.78137797751879,5.34615675177282,0.82233127889489,0.469465830515443,-0.714891131106133,NA,0.36365625,0.4524625,0.27485,-0.1776125,0.00183012978536486,0.00181427288435674,FALSE,0.998618,TRUE,"no","no","no","Mitochondrion",0,TRUE
"isoComp_00127391","geneComp_00027751","ENST00000369037.9","PDSS2","normal","tumor","PDSS2","protein_coding","protein_coding",19.0015095312703,18.9407402925553,19.0622787699852,1.05386684087917,0.786057709399074,0.00922302122066688,NA,11.9136152295207,10.1111084408289,13.7161220182124,0.395984103242732,0.498118621093161,0.439556785301208,NA,0.635075,0.545,0.72515,0.18015,0.00181427288435674,0.00181427288435674,FALSE,0.999999,TRUE,"yes","no","no","Mitochondrion",0,TRUE
"isoComp_00127417","geneComp_00027755","ENST00000343528.10","PDXK","normal","tumor","PDXK","protein_coding","protein_coding_CDS_not_defined",45.1619510024287,38.8267167032633,51.4971853015941,2.4050680351759,2.2109796739736,0.407352464710972,NA,15.0998523529458,8.52172547067115,21.6779792352204,0.496761617086251,1.25955699148453,1.34598618774204,NA,0.329515625,0.234525,0.42450625,0.18998125,0.000978621732722622,0.000978621732722622,NA,0.9999,TRUE,NA,NA,NA,NA,0,TRUE
"isoComp_00127430","geneComp_00027755","ENST00000481512.5","PDXK","normal","tumor","PDXK","protein_coding","protein_coding_CDS_not_defined",45.1619510024287,38.8267167032633,51.4971853015941,2.4050680351759,2.2109796739736,0.407352464710972,NA,6.84729944912778,3.43333979041876,10.2612591078368,0.969132619158492,1.55177507167371,1.57673258716393,NA,0.1378375,0.08428125,0.19139375,0.1071125,0.0211650007507629,0.000978621732722622,NA,0.0848882,FALSE,NA,NA,NA,NA,0,TRUE
"isoComp_00127431","geneComp_00027755","ENST00000490666.5","PDXK","normal","tumor","PDXK","protein_coding","protein_coding_CDS_not_defined",45.1619510024287,38.8267167032633,51.4971853015941,2.4050680351759,2.2109796739736,0.407352464710972,NA,9.37984761170121,13.441636067738,5.31805915566441,2.17135293424392,0.827726334573643,-1.3360996472059,NA,0.21158125,0.32115,0.1020125,-0.2191375,0.0104630586692252,0.000978621732722622,NA,0.10895,FALSE,NA,NA,NA,NA,0,TRUE
"isoComp_00127809","geneComp_00027822","ENST00000368072.10","PEX19","normal","tumor","PEX19","protein_coding","protein_coding",75.4169702387862,82.8554001236761,67.9785403538963,6.5426226127109,3.32309559296293,-0.285478243247069,NA,24.0073685471175,17.8275462084916,30.1871908857434,0.877043678051329,1.42257289788141,0.75949718106928,NA,0.336390625,0.222925,0.44985625,0.22693125,1.51521736242118e-10,4.69748733794352e-12,FALSE,0.999995,TRUE,"yes","yes","no","Cytoplasm",0,TRUE
"isoComp_00127812","geneComp_00027822","ENST00000472750.5","PEX19","normal","tumor","PEX19","protein_coding","nonsense_mediated_decay",75.4169702387862,82.8554001236761,67.9785403538963,6.5426226127109,3.32309559296293,-0.285478243247069,NA,15.1132927769317,22.9228690974023,7.30371645646113,1.75475668082002,0.595488996688959,-1.6487402582437,NA,0.196253125,0.28348125,0.109025,-0.17445625,4.69748733794352e-12,4.69748733794352e-12,TRUE,0.997537,TRUE,"no","no","no","Cytoplasm",0,TRUE
"isoComp_00128049","geneComp_00027854","ENST00000313213.5","PFN4","normal","tumor","PFN4","protein_coding","protein_coding",1.50078234548542,1.52246327505201,1.47910141591883,0.0798297679645886,0.0818582557536174,-0.0414104879888562,NA,0.699863685557357,0.828443315154804,0.571284055959909,0.042636377154456,0.0363173379884528,-0.52846991301414,NA,0.468175,0.54796875,0.38838125,-0.1595875,0.0434701097973778,0.0434701097973778,NA,0.46618,FALSE,NA,NA,NA,NA,0,FALSE
"isoComp_00128514","geneComp_00027939","ENST00000379374.5","PHEX","normal","tumor","PHEX","protein_coding","protein_coding",1.29030699002748,1.57906784581572,1.00154613423924,0.242139699038199,0.456093461445585,-0.651618603055107,NA,1.14333825193484,1.51869951585201,0.767976988017671,0.240332979184787,0.386383068320124,-0.974505468518379,NA,0.816016129032258,0.953113333333333,0.6874875,-0.265625833333333,0.00558145670118856,0.00558145670118856,FALSE,1,TRUE,"yes","no","no","Cell_membrane,Lysosome_Vacuole",0,TRUE
"isoComp_00128518","geneComp_00027939","ENST00000683162.1","PHEX","normal","tumor","PHEX","protein_coding","nonsense_mediated_decay",1.29030699002748,1.57906784581572,1.00154613423924,0.242139699038199,0.456093461445585,-0.651618603055107,NA,0.0390811221324433,0.00278632406380207,0.0753759202010845,0.00207493647109043,0.0375794062600403,2.73922765928795,NA,0.0663064516129032,0.00124,0.12730625,0.12606625,0.0246817442419506,0.00558145670118856,TRUE,0.992275,TRUE,"yes","no","no","Cytoplasm",0,TRUE
"isoComp_00129020","geneComp_00027997","ENST00000647861.1","PI16","normal","tumor","PI16","protein_coding","protein_coding",19.2762481335566,37.3358318814739,1.21666438563926,4.61722241818029,0.214017457587324,-4.92813474679652,NA,0.904082658078841,1.42999607486799,0.378169241289688,0.11048479766588,0.0629995182374667,-1.89130717131344,NA,0.219732258064516,0.041625,0.409713333333333,0.368088333333333,0.0400206631789049,0.0400206631789049,FALSE,1,TRUE,"yes","yes","yes","Cell_membrane",0,FALSE
"isoComp_00129386","geneComp_00028038","ENST00000361778.7","PIGO","normal","tumor","PIGO","protein_coding","protein_coding",18.7976030841887,18.5828023715968,19.0124037967806,0.968486239791385,0.802002955380777,0.0329553315656253,NA,9.82053048712848,11.4013622198192,8.23969875443778,0.748543652346509,0.477907398216805,-0.468057678110218,NA,0.521209375,0.610025,0.43239375,-0.17763125,0.000173316982364106,7.46929051618602e-08,FALSE,1,TRUE,"yes","no","no","Endoplasmic_reticulum",0,TRUE
"isoComp_00129401","geneComp_00028038","ENST00000700264.1","PIGO","normal","tumor","PIGO","protein_coding","nonsense_mediated_decay",18.7976030841887,18.5828023715968,19.0124037967806,0.968486239791385,0.802002955380777,0.0329553315656253,NA,1.21508645681021,0.258950504755366,2.17122240886505,0.089239439398527,0.195419188562517,3.01972428059016,NA,0.063190625,0.01308125,0.1133,0.10021875,7.46929051618602e-08,7.46929051618602e-08,TRUE,1,TRUE,"yes","no","no","Endoplasmic_reticulum",1,TRUE
"isoComp_00129908","geneComp_00028099","ENST00000265382.8","PIP5K1B","normal","tumor","PIP5K1B","protein_coding","protein_coding",4.46321133852999,1.99378053532531,6.93264214173468,0.407068873311255,0.888500573384758,1.79276030411472,NA,2.69608634361983,1.43427117482541,3.95790151241425,0.299663636212467,0.60797328873298,1.45803457037526,NA,0.61170625,0.68155,0.5418625,-0.1396875,0.0145752897802782,0.0145752897802782,FALSE,1,TRUE,"yes","yes","no","Cytoplasm",0,TRUE
"isoComp_00129913","geneComp_00028099","ENST00000541509.5","PIP5K1B","normal","tumor","PIP5K1B","protein_coding","protein_coding",4.46321133852999,1.99378053532531,6.93264214173468,0.407068873311255,0.888500573384758,1.79276030411472,NA,1.68595607036454,0.496745300966523,2.87516683976256,0.120221227290674,0.3048272454805,2.50932203681853,NA,0.319628125,0.19811875,0.4411375,0.24301875,0.0155420451461032,0.0145752897802782,FALSE,1,TRUE,"yes","yes","no","Cytoplasm",0,TRUE
"isoComp_00130329","geneComp_00028165","ENST00000291547.10","PKNOX1","normal","tumor","PKNOX1","protein_coding","protein_coding",21.0145038433742,31.5362469505944,10.492760736154,2.31415512647737,1.37488720862449,-1.58669977645859,NA,6.88402866255612,9.63168313691296,4.13637418819927,0.46227642377411,0.274742838992412,-1.21743470009074,NA,0.374615625,0.32235,0.42688125,0.10453125,0.010955887685483,0.010955887685483,FALSE,1,TRUE,"yes","yes","no","Nucleus",0,TRUE
"isoComp_00131085","geneComp_00028262","ENST00000272203.8","PLEKHA6","normal","tumor","PLEKHA6","protein_coding","protein_coding",1.79871806034279,2.58645758014242,1.01097854054316,0.144500583666381,0.145818010014866,-1.34659211223791,NA,1.11590752723449,1.85062170939002,0.381193345078961,0.110591648822679,0.0552375422469182,-2.24983103227615,NA,0.551246875,0.71621875,0.386275,-0.32994375,1.75178103866189e-05,1.75178103866189e-05,FALSE,1,TRUE,"yes","yes","no","Cytoplasm",0,TRUE
"isoComp_00131088","geneComp_00028262","ENST00000564627.2","PLEKHA6","normal","tumor","PLEKHA6","protein_coding","protein_coding",1.79871806034279,2.58645758014242,1.01097854054316,0.144500583666381,0.145818010014866,-1.34659211223791,NA,0.187226731974284,0.120919573676341,0.253533890272226,0.0410910952191555,0.0803848247925113,1.00930769381453,NA,0.142190625,0.04638125,0.238,0.19161875,0.0275372884459207,1.75178103866189e-05,NA,0.0967484,FALSE,NA,NA,NA,NA,0,TRUE
"isoComp_00131251","geneComp_00028277","ENST00000684764.1","PLEKHG6","normal","tumor","PLEKHG6","protein_coding","protein_coding",3.2522655831102,3.56270225968448,2.94182890653593,0.167071745255801,0.119357163417778,-0.275406585689309,NA,1.99545373727001,2.4511336973247,1.53977377721533,0.183598773937247,0.146859017212198,-0.667265393600809,NA,0.597784375,0.679375,0.51619375,-0.16318125,0.0426430835908942,0.0426430835908942,FALSE,1,TRUE,"yes","yes","no","Cytoplasm",0,TRUE
"isoComp_00132844","geneComp_00028468","ENST00000423780.1","POLR1C","normal","tumor","POLR1C","protein_coding","protein_coding",36.1372040494572,42.2058417839551,30.0685663149593,2.13778406018175,0.968448222429798,-0.489048678671608,NA,10.3306223574644,16.0721655884255,4.58907912650333,2.14217460648416,0.728152211963994,-1.80604476527606,NA,0.253634375,0.3593875,0.14788125,-0.21150625,0.00609722014839513,2.96391670458839e-11,NA,0.0851085,FALSE,NA,NA,NA,NA,0,TRUE
"isoComp_00132851","geneComp_00028468","ENST00000642195.1","POLR1C","normal","tumor","POLR1C","protein_coding","protein_coding",36.1372040494572,42.2058417839551,30.0685663149593,2.13778406018175,0.968448222429798,-0.489048678671608,NA,18.7695308776694,17.5314134607649,20.0076482945739,0.51242956548367,0.583623599349067,0.19050749133464,NA,0.548975,0.42931875,0.66863125,0.2393125,2.96391670458839e-11,2.96391670458839e-11,FALSE,1,TRUE,"yes","no","no","Nucleus",0,TRUE
"isoComp_00133023","geneComp_00028487","ENST00000422304.1","POLR2J4","normal","tumor","POLR2J4","lncRNA","lncRNA",2.41999057755912,2.41763580463784,2.4223453504804,0.161782720079411,0.167476543587758,0.00279607691545502,NA,1.86866102709832,1.73389748357244,2.00342457062421,0.145133835979478,0.149089584444646,0.207336192678689,NA,0.76481875,0.70834375,0.82129375,0.11295,0.000754162166284541,0.000754162166284541,NA,0.999671,TRUE,NA,NA,NA,NA,0,FALSE
"isoComp_00133024","geneComp_00028487","ENST00000427076.5","POLR2J4","normal","tumor","POLR2J4","lncRNA","lncRNA",2.41999057755912,2.41763580463784,2.4223453504804,0.161782720079411,0.167476543587758,0.00279607691545502,NA,0.551329550460796,0.683738321065395,0.418920779856197,0.0362097296223522,0.0322494618640936,-0.693680367413783,NA,0.23518125,0.29165625,0.17870625,-0.11295,0.00112892321947548,0.000754162166284541,NA,0.518991,TRUE,NA,NA,NA,NA,0,FALSE
"isoComp_00133143","geneComp_00028503","ENST00000355209.9","POLR3H","normal","tumor","POLR3H","protein_coding","protein_coding",14.393082009578,15.9365004266736,12.8496635924824,0.569077105450457,0.639441043707584,-0.310386946602123,NA,3.8673022757037,5.30011893139875,2.43448562000865,0.3168753712924,0.22187991884769,-1.11921325507519,NA,0.266028125,0.33629375,0.1957625,-0.14053125,0.00650306738693917,1.22203720877943e-05,FALSE,0.969673,TRUE,"yes","no","no","Cytoplasm,Nucleus",1,TRUE
"isoComp_00133145","geneComp_00028503","ENST00000407461.5","POLR3H","normal","tumor","POLR3H","protein_coding","protein_coding",14.393082009578,15.9365004266736,12.8496635924824,0.569077105450457,0.639441043707584,-0.310386946602123,NA,1.29876680402646,0.339479244916636,2.25805436313628,0.0800712452506836,0.301010423836519,2.69817653712427,NA,0.09755625,0.022225,0.1728875,0.1506625,1.22203720877943e-05,1.22203720877943e-05,FALSE,0.999754,TRUE,"yes","no","no","Cytoplasm,Nucleus",0,TRUE
"isoComp_00133321","geneComp_00028526","ENST00000261534.9","POMT2","normal","tumor","POMT2","protein_coding","protein_coding",11.9587253753535,11.8501778608756,12.0672728898315,0.609149353496314,0.689475992272527,0.0261690781089515,NA,4.25670485619952,5.04201401047554,3.47139570192349,0.385051426649423,0.25945369905926,-0.537192837290272,NA,0.35775,0.42335625,0.29214375,-0.1312125,0.01969700932493,0.01969700932493,FALSE,1,TRUE,"yes","no","no","Endoplasmic_reticulum",0,TRUE
"isoComp_00134277","geneComp_00028676","ENST00000228705.7","PPM1H","normal","tumor","PPM1H","protein_coding","protein_coding",5.55469226642699,3.01847806802066,8.09090646483332,0.215891166638796,0.530195416250732,1.4194903863135,NA,4.82793919841472,2.24017011222661,7.41570828460284,0.209696538410878,0.529268903449721,1.7224945678175,NA,0.820465625,0.72894375,0.9119875,0.18304375,0.0151481153449758,0.00211283027733147,FALSE,1,TRUE,"yes","yes","no","Cytoplasm,Cell_membrane",0,TRUE
"isoComp_00134279","geneComp_00028676","ENST00000551214.5","PPM1H","normal","tumor","PPM1H","protein_coding","protein_coding_CDS_not_defined",5.55469226642699,3.01847806802066,8.09090646483332,0.215891166638796,0.530195416250732,1.4194903863135,NA,0.594463445966955,0.683038742242977,0.505888149690932,0.0539502174611286,0.0479237608234337,-0.425877696972479,NA,0.15303125,0.2394375,0.066625,-0.1728125,0.00211283027733147,0.00211283027733147,NA,0.150426,FALSE,NA,NA,NA,NA,0,TRUE
"isoComp_00134516","geneComp_00028706","ENST00000301242.9","PPP1R14A","normal","tumor","PPP1R14A","protein_coding","protein_coding",11.4818754194398,17.0841842929477,5.87956654593196,2.80740028164145,0.817105783009269,-1.5372722161839,NA,8.94284236943658,12.8611711549835,5.0245135838897,2.22558217182519,0.726650482080385,-1.35421902894028,NA,0.7878375,0.73295625,0.84271875,0.1097625,0.00358818887623069,0.00232576550170977,FALSE,0.874003,TRUE,"yes","yes","no","Cytoplasm,Nucleus",0,TRUE
"isoComp_00134518","geneComp_00028706","ENST00000587515.5","PPP1R14A","normal","tumor","PPP1R14A","protein_coding","protein_coding",11.4818754194398,17.0841842929477,5.87956654593196,2.80740028164145,0.817105783009269,-1.5372722161839,NA,2.04537671463782,3.49942759246914,0.591325836806506,0.629283728050725,0.094507498801676,-2.54501688558938,NA,0.16808125,0.22555,0.1106125,-0.1149375,0.00232576550170977,0.00232576550170977,NA,0.271654,FALSE,NA,NA,NA,NA,0,TRUE
"isoComp_00135117","geneComp_00028797","ENST00000395744.7","PPP6R2","normal","tumor","PPP6R2","protein_coding","protein_coding",18.6248100457245,19.5961584991638,17.6534615922851,0.61837676833859,0.564005274468283,-0.150538788629154,NA,3.71057468603651,1.87779015245301,5.54335921962002,0.163086453690649,0.358527406022518,1.55666231680186,NA,0.20485625,0.09659375,0.31311875,0.216525,0.000105758062086592,0.000105758062086592,FALSE,1,TRUE,"yes","yes","no","Cytoplasm,Lysosome_Vacuole",0,TRUE
"isoComp_00135122","geneComp_00028797","ENST00000612753.5","PPP6R2","normal","tumor","PPP6R2","protein_coding","protein_coding",18.6248100457245,19.5961584991638,17.6534615922851,0.61837676833859,0.564005274468283,-0.150538788629154,NA,5.52860892170888,7.10768881471599,3.94952902870177,0.307509525334319,0.177742899990682,-0.846080022330208,NA,0.295696875,0.36489375,0.2265,-0.13839375,0.00369995824577643,0.000105758062086592,FALSE,1,TRUE,"yes","yes","no","Cytoplasm",0,TRUE
"isoComp_00135145","geneComp_00028799","ENST00000278070.7","PPRC1","normal","tumor","PPRC1","protein_coding","protein_coding",7.60476311028893,5.57526545317592,9.63426076740194,0.268529953273514,0.517667612704591,0.788044810045567,NA,4.11570217685323,1.64781773103385,6.58358662267262,0.196593381727705,0.444786713094043,1.99177804346164,NA,0.490653125,0.2975125,0.68379375,0.38628125,6.74829911552942e-05,3.91168419776503e-06,FALSE,1,TRUE,"no","yes","no","Cytoplasm,Nucleus",0,TRUE
"isoComp_00135147","geneComp_00028799","ENST00000413464.6","PPRC1","normal","tumor","PPRC1","protein_coding","protein_coding",7.60476311028893,5.57526545317592,9.63426076740194,0.268529953273514,0.517667612704591,0.788044810045567,NA,1.0884257900535,1.8707104109425,0.306141169164507,0.177254162072409,0.096119510570363,-2.5726368957813,NA,0.1888375,0.34239375,0.03528125,-0.3071125,3.91168419776503e-06,3.91168419776503e-06,FALSE,1,TRUE,"no","yes","no","Cytoplasm,Nucleus",0,TRUE
"isoComp_00135644","geneComp_00028895","ENST00000338193.11","PRIM1","normal","tumor","PRIM1","protein_coding","protein_coding",7.85970980161118,6.86340357220747,8.85601603101488,0.46274964768973,0.48613642594964,0.367261301346395,NA,1.02430974479116,0.430982198207946,1.61763729137437,0.121100136409954,0.225825859718974,1.88398691737089,NA,0.124196875,0.0653875,0.18300625,0.11761875,0.010304123209034,0.010304123209034,FALSE,1,TRUE,"yes","no","no","Cytoplasm,Nucleus",0,TRUE
"isoComp_00136013","geneComp_00028932","ENST00000616995.5","PRKD1","normal","tumor","PRKD1","protein_coding","protein_coding_CDS_not_defined",6.26944377046065,7.94422501802458,4.59466252289672,0.461102046902177,0.221667625662521,-0.788625950656267,NA,3.93634728101994,4.66507669776499,3.2076178642749,0.288268031269438,0.179763863097515,-0.538997036924871,NA,0.643709375,0.5909125,0.69650625,0.10559375,0.0459206403988849,0.000676202755464242,NA,1,TRUE,NA,NA,NA,NA,0,FALSE
"isoComp_00136016","geneComp_00028932","ENST00000691338.1","PRKD1","normal","tumor","PRKD1","protein_coding","retained_intron",6.26944377046065,7.94422501802458,4.59466252289672,0.461102046902177,0.221667625662521,-0.788625950656267,NA,0.734621560656614,1.35416571532556,0.115077405987673,0.210971794565457,0.0460627904718096,-3.44712580049589,NA,0.09265625,0.16333125,0.02198125,-0.14135,0.000676202755464242,0.000676202755464242,NA,0.5,TRUE,NA,NA,NA,NA,0,FALSE
"isoComp_00137092","geneComp_00029093","ENST00000324001.8","PRX","normal","tumor","PRX","protein_coding","protein_coding",5.67567053315432,9.0155627253403,2.33577834096835,0.457773295057227,0.196804350017459,-1.94395018828931,NA,2.49866470467383,4.68201541721339,0.315313992134268,0.388085757803866,0.0926396453165916,-3.85030297301699,NA,0.3174,0.50929375,0.12550625,-0.3837875,2.2336982875022e-06,2.2336982875022e-06,FALSE,1,TRUE,"no","yes","no","Cytoplasm,Cell_membrane",0,FALSE
"isoComp_00137094","geneComp_00029093","ENST00000673881.1","PRX","normal","tumor","PRX","protein_coding","protein_coding",5.67567053315432,9.0155627253403,2.33577834096835,0.457773295057227,0.196804350017459,-1.94395018828931,NA,1.55867654229216,1.93373867836172,1.18361440622261,0.154686626158512,0.145166363527381,-0.703497418753788,NA,0.366353125,0.223875,0.50883125,0.28495625,0.0164663414522486,2.2336982875022e-06,FALSE,1,TRUE,"no","yes","no","Cytoplasm,Cell_membrane",0,FALSE
"isoComp_00137107","geneComp_00029094","ENST00000372185.5","PRXL2A","normal","tumor","PRXL2A","protein_coding","protein_coding",72.4466727566557,70.1284435402891,74.7649019730224,3.26473400873253,2.64976917161361,0.0923486982888636,NA,52.8407269747002,45.8978967390552,59.7835572103452,1.47193375985819,2.06016880719347,0.381247704805308,NA,0.732565625,0.6640625,0.80106875,0.13700625,0.000177499288471185,0.000177499288471185,FALSE,0.995275,TRUE,"yes","no","yes","Mitochondrion,Endoplasmic_reticulum",0,TRUE
"isoComp_00137108","geneComp_00029094","ENST00000372187.9","PRXL2A","normal","tumor","PRXL2A","protein_coding","protein_coding",72.4466727566557,70.1284435402891,74.7649019730224,3.26473400873253,2.64976917161361,0.0923486982888636,NA,9.63123006613024,14.4455513151886,4.81690881707187,2.34946033283281,0.91572159784278,-1.58245215344311,NA,0.12868125,0.19446875,0.06289375,-0.131575,0.0107660874894622,0.000177499288471185,FALSE,0.99963,TRUE,"yes","no","no","Mitochondrion,Endoplasmic_reticulum",0,TRUE
"isoComp_00137115","geneComp_00029096","ENST00000378427.6","PRXL2B","normal","tumor","PRXL2B","protein_coding","protein_coding",10.5180351006289,10.9105359222149,10.1255342790429,0.708419688571688,0.602955610973364,-0.107621517595353,NA,3.87704149993299,3.34436690956742,4.40971609029857,0.346785684146316,0.329168834343651,0.397913194710288,NA,0.3655375,0.30111875,0.42995625,0.1288375,0.000881767546366567,0.000881767546366567,FALSE,0.951256,TRUE,"yes","no","no","Cytoplasm",0,FALSE
"isoComp_00137116","geneComp_00029096","ENST00000419916.8","PRXL2B","normal","tumor","PRXL2B","protein_coding","protein_coding",10.5180351006289,10.9105359222149,10.1255342790429,0.708419688571688,0.602955610973364,-0.107621517595353,NA,4.37906181534145,5.16047446792945,3.59764916275344,0.328646832204665,0.223912962779478,-0.519237629365946,NA,0.416775,0.4750375,0.3585125,-0.116525,0.00362186658256795,0.000881767546366567,FALSE,0.999192,TRUE,"yes","no","no","Cytoplasm",0,FALSE
"isoComp_00137494","geneComp_00029147","ENST00000374881.3","PSMB8","normal","tumor","PSMB8","protein_coding","protein_coding",62.5312225514832,52.9418229210534,72.1206221819129,4.71002230083848,6.74311473848107,0.445931516881494,NA,14.7847073847973,7.45961890579795,22.1097958637966,0.847193308370526,3.11801439748975,1.5662315266685,NA,0.21653125,0.1376875,0.295375,0.1576875,5.89854724712387e-07,5.81495306866155e-07,FALSE,0.999902,TRUE,"yes","no","no","Cytoplasm,Nucleus",0,TRUE
"isoComp_00137495","geneComp_00029147","ENST00000374882.8","PSMB8","normal","tumor","PSMB8","protein_coding","protein_coding",62.5312225514832,52.9418229210534,72.1206221819129,4.71002230083848,6.74311473848107,0.445931516881494,NA,46.4278296502727,44.3247074955485,48.5309518049968,3.93864786844997,3.957176260549,0.13076584036988,NA,0.761915625,0.840475,0.68335625,-0.15711875,5.81495306866155e-07,5.81495306866155e-07,FALSE,0.999664,TRUE,"yes","yes","no","Cytoplasm,Nucleus",0,TRUE
"isoComp_00138322","geneComp_00029268","ENST00000395872.5","PTHLH","normal","tumor","PTHLH","protein_coding","protein_coding",2.46508785721919,3.15115006300986,1.77902565142851,0.239540720324075,0.154464337820026,-0.821275449864481,NA,1.02675472847175,1.46938193917615,0.584127517767349,0.132867220596547,0.0705422701392,-1.31615005262615,NA,0.39538064516129,0.465075,0.32104,-0.144035,0.0485729453758281,0.0485729453758281,FALSE,0.969797,TRUE,"yes","yes","yes","Extracellular",0,FALSE
"isoComp_00138501","geneComp_00029292","ENST00000520105.5","PTP4A3","normal","tumor","PTP4A3","protein_coding","protein_coding",14.4179164611637,9.47984534724932,19.3559875750781,0.826172314442207,1.19390272350232,1.02906859251819,NA,5.48122027271356,2.20110872596109,8.76133181946602,0.250376325956386,0.728240686481552,1.98802594693834,NA,0.351171875,0.24593125,0.4564125,0.21048125,0.0373049858237524,0.00536928093011215,FALSE,0.594691,TRUE,"yes","no","no","Cell_membrane",1,FALSE
"isoComp_00139778","geneComp_00029427","ENST00000524722.1","QRICH2","normal","tumor","QRICH2","protein_coding","nonsense_mediated_decay",3.37251336181179,3.12258729620466,3.62243942741892,0.267441272545081,0.364648445738142,0.213584026590417,NA,1.65460659816827,1.71929497329037,1.58991822304618,0.162790327611677,0.184336591185098,-0.112185810451733,NA,0.490878125,0.5507,0.43105625,-0.11964375,0.0225913082037893,0.012053298023458,NA,1,TRUE,NA,NA,NA,NA,0,FALSE
"isoComp_00139779","geneComp_00029427","ENST00000532549.2","QRICH2","normal","tumor","QRICH2","protein_coding","protein_coding",3.37251336181179,3.12258729620466,3.62243942741892,0.267441272545081,0.364648445738142,0.213584026590417,NA,0.855039044571087,0.525746063363862,1.18433202577831,0.0774752989235921,0.114567754981915,1.15658271416535,NA,0.244684375,0.15660625,0.3327625,0.17615625,0.012053298023458,0.012053298023458,NA,0.999992,TRUE,NA,NA,NA,NA,0,FALSE
"isoComp_00140180","geneComp_00029485","ENST00000392613.10","RAB37","normal","tumor","RAB37","protein_coding","protein_coding",1.44509609221744,1.38527611833651,1.50491606609837,0.122805844788518,0.103862917678272,0.118687210797758,NA,0.398568778794883,0.570835888158422,0.226301669431344,0.0639504642246233,0.0354831893634593,-1.29750077426947,NA,0.303975,0.444125,0.163825,-0.2803,0.0236233270122824,0.002451496687493,FALSE,0.999036,TRUE,"yes","no","no","Cell_membrane,Lysosome_Vacuole",0,TRUE
"isoComp_00140184","geneComp_00029485","ENST00000488977.1","RAB37","normal","tumor","RAB37","protein_coding","retained_intron",1.44509609221744,1.38527611833651,1.50491606609837,0.122805844788518,0.103862917678272,0.118687210797758,NA,0.789543056410334,0.498393602315266,1.0806925105054,0.0791291434391186,0.104918650998978,1.10122665193728,NA,0.524090625,0.3454625,0.70271875,0.35725625,0.002451496687493,0.002451496687493,NA,0.0797606,FALSE,NA,NA,NA,NA,0,TRUE
"isoComp_00141511","geneComp_00029652","ENST00000469209.1","RAPGEFL1","normal","tumor","RAPGEFL1","protein_coding","retained_intron",1.32109025938559,1.32037217777243,1.32180834099876,0.0539413831618541,0.0840343992961938,0.00155657796375004,NA,0.139583278121939,0.0649565688188292,0.214209987425048,0.0133856862453498,0.0338515999395096,1.58072372496407,NA,0.107865625,0.04955625,0.166175,0.11661875,0.00870856366116154,0.00870856366116154,NA,0.994637,TRUE,NA,NA,NA,NA,0,TRUE
"isoComp_00142010","geneComp_00029727","ENST00000348022.6","RBBP6","normal","tumor","RBBP6","protein_coding","protein_coding",24.0806489045971,27.4427297972211,20.7185680119732,1.15788339308,0.64528378211507,-0.405329158144413,NA,4.65141244058771,4.059703570066,5.24312131110942,0.296562657401676,0.366546345507763,0.368251186257616,NA,0.201571875,0.1501,0.25304375,0.10294375,0.00355444618477886,7.22850772983136e-05,FALSE,1,TRUE,"yes","yes","no","Nucleus",0,TRUE
"isoComp_00142012","geneComp_00029727","ENST00000452655.6","RBBP6","normal","tumor","RBBP6","protein_coding","protein_coding",24.0806489045971,27.4427297972211,20.7185680119732,1.15788339308,0.64528378211507,-0.405329158144413,NA,7.47011737799334,10.2335093451324,4.70672541085431,0.778659106272176,0.358533593756543,-1.11885253549946,NA,0.295334375,0.367325,0.22334375,-0.14398125,7.22850772983136e-05,7.22850772983136e-05,FALSE,0.545995,TRUE,"yes","no","no","Cytoplasm,Nucleus",0,TRUE
"isoComp_00142132","geneComp_00029738","ENST00000612809.4","RBIS","normal","tumor","RBIS","protein_coding","protein_coding",117.63567588769,119.958410271728,115.312941503651,3.83161999550796,4.01755384195763,-0.0569750288793574,NA,49.3238598973798,42.4450483111684,56.2026714835913,2.26850458090974,3.36775590846008,0.404959265804734,NA,0.418459375,0.3535375,0.48338125,0.12984375,0.00569163986319985,0.00569163986319985,NA,0.482065,FALSE,NA,NA,NA,NA,0,FALSE
"isoComp_00142137","geneComp_00029738","ENST00000619594.5","RBIS","normal","tumor","RBIS","protein_coding","protein_coding",117.63567588769,119.958410271728,115.312941503651,3.83161999550796,4.01755384195763,-0.0569750288793574,NA,50.0480469261101,57.5096495883416,42.5864442638786,2.75091409183958,1.91950655291633,-0.433321880278222,NA,0.424653125,0.4781375,0.37116875,-0.10696875,0.0102817335937281,0.00569163986319985,NA,0.315383,FALSE,NA,NA,NA,NA,0,FALSE
"isoComp_00143037","geneComp_00029884","ENST00000165698.9","REEP1","normal","tumor","REEP1","protein_coding","protein_coding",1.56457886013267,1.87876053193677,1.25039718832856,0.136792482880454,0.132258450224987,-0.583561358905534,NA,1.16828923056595,1.58906955399447,0.747508907137426,0.131928041569236,0.105063787324141,-1.07789793475864,NA,0.7203375,0.83365,0.607025,-0.226625,0.0152581612088714,0.0152581612088714,FALSE,0.912866,TRUE,"yes","yes","no","Endoplasmic_reticulum",0,TRUE
"isoComp_00143234","geneComp_00029911","ENST00000303843.7","REPS2","normal","tumor","REPS2","protein_coding","protein_coding",1.80696489473799,1.51759641440392,2.09633337507207,0.196685884031839,0.226832228516844,0.463470354913357,NA,1.30659902280696,1.21683451095402,1.39636353465991,0.176663010353566,0.190863847088628,0.197028913289348,NA,0.71959375,0.793875,0.6453125,-0.1485625,0.0182961860768351,0.0182961860768351,FALSE,1,TRUE,"yes","yes","no","Cytoplasm",0,FALSE
"isoComp_00143235","geneComp_00029911","ENST00000357277.8","REPS2","normal","tumor","REPS2","protein_coding","protein_coding",1.80696489473799,1.51759641440392,2.09633337507207,0.196685884031839,0.226832228516844,0.463470354913357,NA,0.500086412094573,0.300202983776989,0.699969840412158,0.0560985675399805,0.069339672214813,1.19454517667374,NA,0.279978125,0.20526875,0.3546875,0.14941875,0.020807342676648,0.0182961860768351,FALSE,1,TRUE,"yes","yes","no","Cytoplasm",0,FALSE
"isoComp_00143687","geneComp_00029974","ENST00000304685.8","RGL1","normal","tumor","RGL1","protein_coding","protein_coding",6.20540536196444,7.69117963383307,4.71963109009582,0.934382292557371,0.384010399968761,-0.703351790461253,NA,0.939789205743895,0.735247806981768,1.14433060450602,0.0723750428315352,0.0858046814624013,0.631264346339567,NA,0.187203125,0.1073625,0.26704375,0.15968125,0.00113579989608332,0.000896358842894501,FALSE,1,TRUE,"yes","yes","no","Cytoplasm,Cell_membrane",0,FALSE
"isoComp_00143688","geneComp_00029974","ENST00000360851.4","RGL1","normal","tumor","RGL1","protein_coding","protein_coding",6.20540536196444,7.69117963383307,4.71963109009582,0.934382292557371,0.384010399968761,-0.703351790461253,NA,5.26561615622055,6.9559318268513,3.5753004855898,0.925939760736673,0.375666903300252,-0.958222316947938,NA,0.812796875,0.8926375,0.73295625,-0.15968125,0.000896358842894501,0.000896358842894501,FALSE,1,TRUE,"yes","yes","no","Cytoplasm,Cell_membrane",0,FALSE
"isoComp_00143996","geneComp_00030019","ENST00000006777.11","RHBDD2","normal","tumor","RHBDD2","protein_coding","protein_coding",122.382666009981,91.7552815520094,153.010050467953,7.24090132153862,18.7124615844554,0.737700370810858,NA,60.7742432809633,57.2705702957788,64.2779162661478,4.42306139217633,4.45590818389079,0.166501733692811,NA,0.54439375,0.62826875,0.46051875,-0.16775,0.0260045188987784,0.0260045188987784,FALSE,0.999999,TRUE,"yes","yes","no","Endoplasmic_reticulum",0,TRUE
"isoComp_00144390","geneComp_00030085","ENST00000340724.6","RILPL1","normal","tumor","RILPL1","protein_coding","protein_coding_CDS_not_defined",13.9050713621132,14.9040124616494,12.906130262577,0.531843643860064,0.469701585468904,-0.207494556007427,NA,2.06480348328615,3.25709632557626,0.872510640996039,0.307564522415488,0.195981083473109,-1.8883234120654,NA,0.141703125,0.21633125,0.067075,-0.14925625,0.00122922685121954,0.00122508444611694,NA,0.999997,TRUE,NA,NA,NA,NA,0,TRUE
"isoComp_00144394","geneComp_00030085","ENST00000636882.1","RILPL1","normal","tumor","RILPL1","protein_coding","protein_coding",13.9050713621132,14.9040124616494,12.906130262577,0.531843643860064,0.469701585468904,-0.207494556007427,NA,6.45162316445039,6.10743992792349,6.79580640097729,0.268168372721301,0.324432392259201,0.15383808337204,NA,0.470303125,0.4118,0.52880625,0.11700625,0.00122508444611694,0.00122508444611694,FALSE,1,TRUE,"yes","yes","no","Cytoplasm,Golgi_apparatus",0,TRUE
"isoComp_00148432","geneComp_00031523","ENST00000383820.10","RPUSD3","normal","tumor","RPUSD3","protein_coding","protein_coding",26.9513616979141,24.3314217448701,29.571301650958,1.0836524594658,1.34862982103017,0.281272099906173,NA,18.8920998837133,14.3340813066197,23.4501184608069,0.823547194516441,1.23620433043279,0.709754727231357,NA,0.688646875,0.58745625,0.7898375,0.20238125,3.59713683461974e-09,3.24986108890425e-09,FALSE,0.999999,TRUE,"yes","yes","no","Mitochondrion",0,TRUE
"isoComp_00148439","geneComp_00031523","ENST00000433972.2","RPUSD3","normal","tumor","RPUSD3","protein_coding","protein_coding",26.9513616979141,24.3314217448701,29.571301650958,1.0836524594658,1.34862982103017,0.281272099906173,NA,5.78751890808323,7.61629121737673,3.95874659878974,0.508197560187279,0.255002633948257,-0.942298172449668,NA,0.224778125,0.31376875,0.1357875,-0.17798125,3.24986108890425e-09,3.24986108890425e-09,FALSE,0.641303,TRUE,"no","yes","no","Mitochondrion",0,TRUE
"isoComp_00149387","geneComp_00031686","ENST00000440685.7","S100A13","normal","tumor","S100A13","protein_coding","protein_coding",420.343191072199,526.501874145911,314.184507998486,56.628809725304,19.4183359568244,-0.74480810487457,NA,88.6855200673628,78.374962474607,98.9960776601186,3.25913182872052,4.18200271331349,0.336940178822168,NA,0.2474375,0.1649875,0.3298875,0.1649,5.92977250457221e-05,5.92977250457221e-05,FALSE,0.555514,TRUE,"yes","no","no","Cytoplasm,Cell_membrane",0,FALSE
"isoComp_00149682","geneComp_00031739","ENST00000368134.6","SAMD3","normal","tumor","SAMD3","protein_coding","protein_coding",2.02803295627046,1.77320353517129,2.28286237736963,0.195968292903482,0.245295483903444,0.362678381963774,NA,1.03589987946046,0.691825710312224,1.3799740486087,0.092947076173039,0.163065206278631,0.985873242737568,NA,0.487934375,0.36529375,0.610575,0.24528125,0.0113250823742714,0.0113250823742714,FALSE,1,TRUE,"yes","yes","no","Nucleus",0,FALSE
"isoComp_00149835","geneComp_00031758","ENST00000609153.2","SAP30-DT","normal","tumor","SAP30-DT","lncRNA","lncRNA",2.81439656271643,4.1763207661684,1.45247235926445,0.335739818089158,0.266917139415977,-1.51727350065302,NA,0.593666134980756,0.742780795459091,0.444551474502421,0.059390631049122,0.0495995838059687,-0.727786145344452,NA,0.284321875,0.19304375,0.3756,0.18255625,0.000780762452456554,1.46130417923529e-06,NA,0.0503129,FALSE,NA,NA,NA,NA,0,FALSE
"isoComp_00149839","geneComp_00031758","ENST00000666010.3","SAP30-DT","normal","tumor","SAP30-DT","lncRNA","lncRNA",2.81439656271643,4.1763207661684,1.45247235926445,0.335739818089158,0.266917139415977,-1.51727350065302,NA,0.350757199026848,0.675103165200644,0.0264112328530521,0.101256453242866,0.0264112328530521,-4.23386575529701,NA,0.096759375,0.17676875,0.01675,-0.16001875,1.46130417923529e-06,1.46130417923529e-06,NA,0.0592464,FALSE,NA,NA,NA,NA,0,FALSE
"isoComp_00150036","geneComp_00031783","ENST00000414198.7","SATB1-AS1","normal","tumor","SATB1-AS1","lncRNA","lncRNA",2.35630490189413,3.46809498366741,1.24451482012086,0.194446626726963,0.135440533519719,-1.47116781787329,NA,0.580900948791335,1.07159348103751,0.0902084165451595,0.101334197677608,0.03902703171127,-3.43208277010032,NA,0.176146875,0.30178125,0.0505125,-0.25126875,0.00665861366653406,0.00665861366653406,NA,0.012707,FALSE,NA,NA,NA,NA,0,FALSE
"isoComp_00150647","geneComp_00031874","ENST00000445224.6","SCHIP1","normal","tumor","SCHIP1","protein_coding","protein_coding",2.61385026145083,2.08127829282462,3.14642223007703,0.247323488563094,0.398213917869513,0.593905146945784,NA,0.451439489383183,0.520458187866604,0.382420790899762,0.119290920780449,0.116797001244748,-0.434837559333128,NA,0.15674375,0.210175,0.1033125,-0.1068625,0.0308812660819764,0.0137376296279034,FALSE,0.999902,TRUE,"yes","yes","no","Cytoplasm",0,FALSE
"isoComp_00150650","geneComp_00031874","ENST00000482804.1","SCHIP1","normal","tumor","SCHIP1","protein_coding","protein_coding",2.61385026145083,2.08127829282462,3.14642223007703,0.247323488563094,0.398213917869513,0.593905146945784,NA,2.01956327360907,1.41404126499993,2.62508528221822,0.159810716571814,0.334239650325302,0.887858701726848,NA,0.7566125,0.66128125,0.85194375,0.1906625,0.0137376296279034,0.0137376296279034,FALSE,0.999993,TRUE,"yes","yes","no","Cytoplasm",0,FALSE
"isoComp_00150665","geneComp_00031877","ENST00000422059.5","SCIRT","normal","tumor","SCIRT","lncRNA","lncRNA",3.19835351430928,4.34452081643484,2.05218621218373,0.346285774427202,0.297358311502942,-1.07833935769952,NA,1.78722234195681,2.62929957491776,0.945145108995857,0.208837536324542,0.167805790087874,-1.46636327952167,NA,0.52795625,0.605325,0.4505875,-0.1547375,0.000364215537986142,0.000364215537986142,NA,0.0211736,FALSE,NA,NA,NA,NA,0,FALSE
"isoComp_00150669","geneComp_00031877","ENST00000687275.1","SCIRT","normal","tumor","SCIRT","lncRNA","lncRNA",3.19835351430928,4.34452081643484,2.05218621218373,0.346285774427202,0.297358311502942,-1.07833935769952,NA,1.11898910552361,1.35331781160903,0.884660399438198,0.155211414174825,0.138125017976526,-0.607709852524752,NA,0.358409375,0.30095625,0.4158625,0.11490625,0.00973030390254758,0.000364215537986142,NA,0.0783451,FALSE,NA,NA,NA,NA,0,FALSE
"isoComp_00150722","geneComp_00031882","ENST00000398080.5","SCML1","normal","tumor","SCML1","protein_coding","protein_coding",3.2590447488857,2.96321771302915,3.55487178474225,0.160214455242941,0.178633861687775,0.261825081144384,NA,1.13371993081448,1.33683189695751,0.93060796467144,0.1142626217544,0.100431772867031,-0.517904340469468,NA,0.35330625,0.4469,0.2597125,-0.1871875,0.0281383620579341,0.0281383620579341,FALSE,0.997213,TRUE,"yes","yes","no","Cytoplasm,Nucleus",0,FALSE
"isoComp_00151038","geneComp_00031925","ENST00000649792.2","SCUBE2","normal","tumor","SCUBE2","protein_coding","protein_coding",2.76473488705139,3.710563393533,1.81890638056977,0.293474688928353,0.174660356059659,-1.02453987355029,NA,0.86003636695905,1.30931984601361,0.410752887904489,0.100601240079824,0.0581644034040513,-1.64874928429432,NA,0.28831875,0.35895,0.2176875,-0.1412625,0.0411408840092723,0.0411408840092723,FALSE,1,TRUE,"yes","no","yes","Extracellular",0,TRUE
"isoComp_00152101","geneComp_00032078","ENST00000340912.6","SENP8","normal","tumor","SENP8","protein_coding","protein_coding",3.25911532085221,4.10388541954524,2.41434522215919,0.243544082308429,0.196014235583505,-0.762906461823127,NA,1.6506731707736,2.27013588556875,1.03121045597845,0.122777644360519,0.0878003463305628,-1.13085810024469,NA,0.497975,0.559075,0.436875,-0.1222,0.00560463912448275,0.000900983477426081,FALSE,0.983274,TRUE,"yes","no","no","Cytoplasm,Nucleus",0,FALSE
"isoComp_00152102","geneComp_00032078","ENST00000542035.2","SENP8","normal","tumor","SENP8","protein_coding","protein_coding",3.25911532085221,4.10388541954524,2.41434522215919,0.243544082308429,0.196014235583505,-0.762906461823127,NA,1.1759775561562,1.25141094578311,1.10054416652929,0.110735394534531,0.102859216278928,-0.183771586984411,NA,0.37755,0.30061875,0.45448125,0.1538625,0.000900983477426081,0.000900983477426081,FALSE,0.998927,TRUE,"yes","no","no","Cytoplasm,Nucleus",0,FALSE
"isoComp_00152299","geneComp_00032103","ENST00000692566.2","SEPTIN7-DT","normal","tumor","SEPTIN7-DT","lncRNA","lncRNA",2.55682931957414,3.15476254780966,1.95889609133863,0.152972272245081,0.133827343623901,-0.684710283386582,NA,0.890332856626271,0.633203316173886,1.14746239707866,0.0616409005022912,0.0963743905290988,0.847618575088907,NA,0.39810625,0.2014125,0.5948,0.3933875,1.16462107463166e-07,1.16462107463166e-07,NA,0.0783044,FALSE,NA,NA,NA,NA,0,FALSE
"isoComp_00152642","geneComp_00032154","ENST00000254722.9","SERPINF1","normal","tumor","SERPINF1","protein_coding","protein_coding",41.0161421602049,72.2419451237803,9.79033919662953,14.0650942261086,1.45991480379245,-2.88213283961746,NA,19.3266340712689,35.7639731043138,2.88929503822405,7.33245036796826,0.438745924702608,-3.62513629723646,NA,0.38491875,0.48970625,0.28013125,-0.209575,0.0403792755193427,1.42311872732488e-05,FALSE,1,TRUE,"yes","no","yes","Extracellular",0,TRUE
"isoComp_00152646","geneComp_00032154","ENST00000571360.5","SERPINF1","normal","tumor","SERPINF1","protein_coding","protein_coding",41.0161421602049,72.2419451237803,9.79033919662953,14.0650942261086,1.45991480379245,-2.88213283961746,NA,12.7656084152379,24.1791166120014,1.35210021847434,4.54668660026029,0.282514763780821,-4.15045332224827,NA,0.234575,0.33601875,0.13313125,-0.2028875,0.0276704808508086,1.42311872732488e-05,NA,0.0764591,FALSE,NA,NA,NA,NA,0,TRUE
"isoComp_00152650","geneComp_00032154","ENST00000573763.1","SERPINF1","normal","tumor","SERPINF1","protein_coding","protein_coding",41.0161421602049,72.2419451237803,9.79033919662953,14.0650942261086,1.45991480379245,-2.88213283961746,NA,3.23531412663033,2.64028484543783,3.83034340782283,0.652565169068291,0.659250866878501,0.5350878991615,NA,0.20596875,0.035825,0.3761125,0.3402875,1.42311872732488e-05,1.42311872732488e-05,NA,0.082459,FALSE,NA,NA,NA,NA,0,TRUE
"isoComp_00153166","geneComp_00032233","ENST00000359086.4","SFTA2","normal","tumor","SFTA2","protein_coding","protein_coding",1.93715473982471,1.28878361503395,2.58552586461547,0.186880642794083,0.603943326288098,0.998865775015831,NA,1.48979808487201,0.862757351142986,2.11683881860103,0.164321832280909,0.511590200681168,1.28505819492102,NA,0.696845161290323,0.601433333333333,0.78629375,0.184860416666667,0.000679564085126457,0.000679564085126457,NA,0.219688,FALSE,NA,NA,NA,NA,0,FALSE
"isoComp_00153168","geneComp_00032233","ENST00000634371.1","SFTA2","normal","tumor","SFTA2","protein_coding","protein_coding",1.93715473982471,1.28878361503395,2.58552586461547,0.186880642794083,0.603943326288098,0.998865775015831,NA,0.316190465414608,0.319408928314826,0.312972002514389,0.0369272564070638,0.0708820320171543,-0.0284705510847028,NA,0.220825806451613,0.302753333333333,0.14401875,-0.158734583333333,0.00206710756945181,0.000679564085126457,NA,0.0706254,FALSE,NA,NA,NA,NA,0,FALSE
"isoComp_00153761","geneComp_00032297","ENST00000409252.6","SH3D19","normal","tumor","SH3D19","protein_coding","protein_coding",30.0247924477013,35.8009171696768,24.2486677257258,2.4085798533794,1.4914886774666,-0.561899148128435,NA,11.9036713194138,12.6046378194732,11.2027048193545,0.917364335784972,0.724182866663244,-0.169964446808089,NA,0.40808125,0.35363125,0.46253125,0.1089,0.00723028008786703,0.00218602822587442,FALSE,1,TRUE,"yes","yes","no","Cytoplasm",0,TRUE
"isoComp_00153769","geneComp_00032297","ENST00000514152.5","SH3D19","normal","tumor","SH3D19","protein_coding","protein_coding",30.0247924477013,35.8009171696768,24.2486677257258,2.4085798533794,1.4914886774666,-0.561899148128435,NA,6.58763019297947,10.0525100758186,3.12275031014036,1.13488744759991,0.437310458696721,-1.68348853567067,NA,0.19729375,0.27143125,0.12315625,-0.148275,0.00218602822587442,0.00218602822587442,FALSE,1,TRUE,"yes","yes","no","Cytoplasm",0,TRUE
"isoComp_00153997","geneComp_00032323","ENST00000380450.9","SHBG","normal","tumor","SHBG","protein_coding","protein_coding",1.23040288293106,1.10059115394596,1.36021461191616,0.0833763261909062,0.0966981102614293,0.303074065387483,NA,0.0622664665533623,0.124532933106724,1.38777878078145e-17,0.0292787844371813,1.38777878078145e-17,-3.7498874766942,NA,0.05895,0.1179,0,-0.1179,0.00587577475141678,0.00587577475141678,FALSE,1,TRUE,"yes","no","yes","Extracellular",1,TRUE
"isoComp_00155192","geneComp_00032487","ENST00000430155.6","SLC12A8","normal","tumor","SLC12A8","protein_coding","protein_coding",25.9575042292718,36.2063745315283,15.7086339270154,3.78716440616404,1.43170997568558,-1.20416628990965,NA,11.1446081987674,19.1061316850833,3.18308471245155,2.89319396781298,0.518946175751812,-2.5817678778195,NA,0.34613125,0.499325,0.1929375,-0.3063875,0.00343333747288478,1.57132412247588e-06,FALSE,1,TRUE,"yes","yes","no","Cell_membrane,Lysosome_Vacuole",1,TRUE
"isoComp_00155196","geneComp_00032487","ENST00000469902.6","SLC12A8","normal","tumor","SLC12A8","protein_coding","protein_coding",25.9575042292718,36.2063745315283,15.7086339270154,3.78716440616404,1.43170997568558,-1.20416628990965,NA,7.9370252722984,7.60402909969282,8.27002144490398,0.543477549357934,0.887521315361041,0.120974420570611,NA,0.386084375,0.231075,0.54109375,0.31001875,1.57132412247588e-06,1.57132412247588e-06,FALSE,1,TRUE,"yes","yes","no","Cell_membrane,Lysosome_Vacuole",1,TRUE
"isoComp_00155231","geneComp_00032492","ENST00000290317.9","SLC13A3","normal","tumor","SLC13A3","protein_coding","protein_coding",1.23259042246692,1.19174436643102,1.27343647850283,0.124274885648849,0.180082906164637,0.0948818535647341,NA,0.483947377153113,0.654451506609857,0.313443247696368,0.082838578759105,0.0981383135810274,-1.0386513168186,NA,0.362228125,0.51198125,0.212475,-0.29950625,0.020270293753242,0.020270293753242,FALSE,1,TRUE,"yes","yes","no","Cell_membrane",0,TRUE
"isoComp_00155234","geneComp_00032492","ENST00000417157.2","SLC13A3","normal","tumor","SLC13A3","protein_coding","protein_coding",1.23259042246692,1.19174436643102,1.27343647850283,0.124274885648849,0.180082906164637,0.0948818535647341,NA,0.113047860559425,0.0431346825986083,0.182961038520242,0.0123309511171639,0.0499956226439321,1.86058381311607,NA,0.0890125,0.0336125,0.1444125,0.1108,0.0211971170573529,0.020270293753242,FALSE,0.99723,TRUE,"yes","no","no","Cell_membrane",0,TRUE
"isoComp_00155452","geneComp_00032533","ENST00000650808.1","SLC19A1","normal","tumor","SLC19A1","protein_coding","protein_coding",3.24074025019992,4.8771198572542,1.60436064314565,0.337403709417526,0.158357610107381,-1.59802157909831,NA,0.82019780934487,1.48484882114309,0.155546797546647,0.150553243454507,0.0578305157895793,-3.17468857981015,NA,0.1836,0.2957875,0.0714125,-0.224375,7.60282473862691e-06,7.60282473862691e-06,FALSE,1,TRUE,"yes","no","no","Cell_membrane",0,TRUE
"isoComp_00155537","geneComp_00032541","ENST00000234256.4","SLC1A4","normal","tumor","SLC1A4","protein_coding","protein_coding",5.24353597527785,3.26317136964897,7.22390058090672,0.223922115095125,0.565811880097465,1.14408463257823,NA,4.25673252853474,2.29825768525823,6.21520737181126,0.190173230741147,0.455279081861388,1.43131760645152,NA,0.7850625,0.70626875,0.86385625,0.1575875,0.0038074265804661,0.0038074265804661,FALSE,1,TRUE,"yes","no","no","Cell_membrane",0,TRUE
"isoComp_00156131","geneComp_00032639","ENST00000666209.1","SLC25A5-AS1","normal","tumor","SLC25A5-AS1","lncRNA","lncRNA",2.77725326953489,2.89295451443784,2.66155202463194,0.215716940027951,0.242219308606075,-0.11984385512216,NA,0.419750737003219,0.673306296622595,0.166195177383843,0.106608108250751,0.0472829348328716,-1.9553579842405,NA,0.15104375,0.23249375,0.06959375,-0.1629,0.0224102585138117,0.0224102585138117,NA,0.0125545,FALSE,NA,NA,NA,NA,0,FALSE
"isoComp_00157081","geneComp_00032783","ENST00000374675.7","SLC39A7","normal","tumor","SLC39A7","protein_coding","protein_coding",116.40363096203,115.323832522882,117.483429401178,4.03984576046917,3.63420637018338,0.0267642975945507,NA,62.4216786465198,70.8086236781088,54.0347336149307,3.43408917175065,2.44467900600689,-0.389974764500997,NA,0.53485625,0.61115625,0.45855625,-0.1526,2.36149900319791e-06,2.36149900319791e-06,FALSE,1,TRUE,"yes","yes","yes","Endoplasmic_reticulum",0,TRUE
"isoComp_00157082","geneComp_00032783","ENST00000374677.8","SLC39A7","normal","tumor","SLC39A7","protein_coding","protein_coding",116.40363096203,115.323832522882,117.483429401178,4.03984576046917,3.63420637018338,0.0267642975945507,NA,51.4950155428887,42.0584622510349,60.9315688347425,1.46894842983104,2.18218016761968,0.534687556641276,NA,0.443528125,0.36726875,0.5197875,0.15251875,2.36834317000602e-06,2.36149900319791e-06,FALSE,1,TRUE,"yes","yes","yes","Endoplasmic_reticulum",1,TRUE
"isoComp_00157384","geneComp_00032814","ENST00000549243.5","SLC48A1","normal","tumor","SLC48A1","protein_coding","protein_coding",44.7087744882584,42.1841000996148,47.2334488769021,2.84605146824416,3.30639551595637,0.163073004100086,NA,14.9483849511238,16.4840816600798,13.4126882421678,1.47403410077922,1.15991785959682,-0.297274817647953,NA,0.335953125,0.3883125,0.28359375,-0.10471875,0.0270986228378022,0.0270986228378022,NA,0.0729983,FALSE,NA,NA,NA,NA,0,TRUE
"isoComp_00157475","geneComp_00032825","ENST00000444570.5","SLC4A5","normal","tumor","SLC4A5","protein_coding","protein_coding",37.5980770773033,51.3687442727874,23.8274098818192,6.57199881186832,3.13399217555196,-1.10794414595257,NA,6.56106260165527,5.74875102308755,7.37337418022299,0.827236757349859,1.0444338490989,0.35852432522512,NA,0.223815625,0.121375,0.32625625,0.20488125,0.00499139420403518,0.00499139420403518,NA,0.122906,FALSE,NA,NA,NA,NA,0,TRUE
"isoComp_00157748","geneComp_00032859","ENST00000335875.9","SLC6A16","normal","tumor","SLC6A16","protein_coding","protein_coding",1.25494904303108,1.41554821097813,1.09434987508404,0.148560420935288,0.157087955663386,-0.368319518383267,NA,0.283359688616305,0.391359040775012,0.175360336457598,0.0450620660297686,0.0436853387812508,-1.11456082722917,NA,0.214553125,0.2914875,0.13761875,-0.15386875,0.049798064843309,0.049798064843309,FALSE,1,TRUE,"yes","yes","no","Cell_membrane",0,TRUE
"isoComp_00158000","geneComp_00032897","ENST00000636798.1","SLC9A6","normal","tumor","SLC9A6","protein_coding","protein_coding_CDS_not_defined",7.84908965684449,7.70212127045746,7.99605804323153,0.48996669181901,0.382116820104538,0.053964337548087,NA,1.25587868022478,0.365669508420994,2.14608785202856,0.179279522497112,0.270561029620595,2.52088003528316,NA,0.155675,0.04804375,0.26330625,0.2152625,0.000374406895188153,0.000374406895188153,NA,0.999999,TRUE,NA,NA,NA,NA,0,TRUE
"isoComp_00158224","geneComp_00032942","ENST00000332966.8","SLIT3","normal","tumor","SLIT3","protein_coding","protein_coding",22.6999755201957,25.4434601014864,19.956490938905,1.74532397404793,1.69480007310775,-0.350280982225808,NA,9.22104045165848,5.75933433701549,12.6827465663015,0.703815156139712,1.64153246650175,1.13752750965865,NA,0.417903125,0.228725,0.60708125,0.37835625,0.00164348947581212,0.000211050663871924,FALSE,1,TRUE,"yes","no","yes",NA,0,FALSE
"isoComp_00158228","geneComp_00032942","ENST00000519560.6","SLIT3","normal","tumor","SLIT3","protein_coding","protein_coding",22.6999755201957,25.4434601014864,19.956490938905,1.74532397404793,1.69480007310775,-0.350280982225808,NA,13.1188296721219,19.2684068269037,6.9692525173402,1.75679143116512,0.428484097924837,-1.46584139555235,NA,0.565353125,0.7542375,0.37646875,-0.37776875,0.000211050663871924,0.000211050663871924,FALSE,1,TRUE,"yes","no","yes",NA,0,FALSE
"isoComp_00158433","geneComp_00032972","ENST00000288840.10","SMAD6","normal","tumor","SMAD6","protein_coding","protein_coding",7.28980281065134,8.29987315908683,6.27973246221584,0.526985580199723,0.453520172566208,-0.401827803583172,NA,5.70691649471393,6.89663826273776,4.5171947266901,0.431689343014934,0.30928868570832,-0.609366301967897,NA,0.77785,0.8341,0.7216,-0.1125,0.000303757506582101,1.81251191004407e-06,FALSE,1,TRUE,"yes","yes","no","Cytoplasm,Nucleus",0,TRUE
"isoComp_00158437","geneComp_00032972","ENST00000612349.1","SMAD6","normal","tumor","SMAD6","protein_coding","protein_coding_CDS_not_defined",7.28980281065134,8.29987315908683,6.27973246221584,0.526985580199723,0.453520172566208,-0.401827803583172,NA,1.26132458191513,1.04991762099751,1.47273154283274,0.0960792964057112,0.14265513131597,0.484305273224706,NA,0.177996875,0.12364375,0.23235,0.10870625,1.81251191004407e-06,1.81251191004407e-06,NA,0.987641,TRUE,NA,NA,NA,NA,0,TRUE
"isoComp_00158881","geneComp_00033012","ENST00000526869.1","SMCO4","normal","tumor","SMCO4","protein_coding","protein_coding",39.1148622523312,55.399727668212,22.8299968364505,4.63023561902378,1.64662310121507,-1.27857682552143,NA,10.9328838237959,19.1437423686855,2.72202527890639,3.59573207921104,0.561031599222985,-2.80958356398879,NA,0.2109,0.31164375,0.11015625,-0.2014875,0.0128618185733112,0.0128618185733112,NA,0.118146,FALSE,NA,NA,NA,NA,0,FALSE
"isoComp_00159291","geneComp_00033106","ENST00000243112.9","SMUG1","normal","tumor","SMUG1","protein_coding","protein_coding",42.974040699702,33.322100389335,52.625981010069,1.76941017677234,2.94875057954615,0.659137106818237,NA,16.8123308500748,10.4948188669681,23.1298428331814,0.920610653708864,1.6450705947031,1.13932777958218,NA,0.372346875,0.30989375,0.4348,0.12490625,0.0042027997488445,9.40104507285109e-05,FALSE,0.990464,TRUE,"no","no","no","Cytoplasm,Nucleus",0,TRUE
"isoComp_00159305","geneComp_00033106","ENST00000508394.6","SMUG1","normal","tumor","SMUG1","protein_coding","protein_coding",42.974040699702,33.322100389335,52.625981010069,1.76941017677234,2.94875057954615,0.659137106818237,NA,4.34498902396419,5.50360199123541,3.18637605669298,0.380496574464105,0.22797174704897,-0.786557975004868,NA,0.11746875,0.17104375,0.06389375,-0.10715,9.40104507285109e-05,9.40104507285109e-05,FALSE,0.999982,TRUE,"yes","no","no","Cytoplasm,Nucleus",2,TRUE
"isoComp_00159441","geneComp_00033126","ENST00000215730.12","SNAP29","normal","tumor","SNAP29","protein_coding","protein_coding",18.7166804311251,16.8458353215128,20.5875255407374,0.836775328652748,1.00590634748502,0.289222906898342,NA,11.0603330089116,11.3151822417582,10.805483776065,0.433698883482761,0.407805454394069,-0.0664360674928248,NA,0.6088125,0.680275,0.53735,-0.142925,0.0342725835527386,0.0342725835527386,FALSE,0.999915,TRUE,"yes","yes","no","Cytoplasm,Lysosome_Vacuole",0,TRUE
"isoComp_00159442","geneComp_00033126","ENST00000439214.1","SNAP29","normal","tumor","SNAP29","protein_coding","protein_coding",18.7166804311251,16.8458353215128,20.5875255407374,0.836775328652748,1.00590634748502,0.289222906898342,NA,7.5435887008865,5.40188598236626,9.68529141940675,0.602877581160477,0.89336823726783,0.841152818333711,NA,0.384615625,0.3116875,0.45754375,0.14585625,0.0345042801971558,0.0342725835527386,NA,0.13547,FALSE,NA,NA,NA,NA,0,TRUE
"isoComp_00159679","geneComp_00033148","ENST00000432153.6","SNHG11","normal","tumor","SNHG11","lncRNA","lncRNA",15.9050573555588,14.7414515910957,17.0686631200219,1.06143672170707,0.985389623429909,0.211338121029344,NA,2.16619392179957,2.94299575686541,1.38939208673373,0.33663551918004,0.199482810509066,-1.07737904482402,NA,0.14326875,0.20209375,0.08444375,-0.11765,0.00993462612656178,0.00993462612656178,NA,0.0796639,FALSE,NA,NA,NA,NA,0,FALSE
"isoComp_00160019","geneComp_00033158","ENST00000615535.2","SNHG22","normal","tumor","SNHG22","lncRNA","lncRNA",3.00179133133033,1.33648578015066,4.66709688251,0.248684664366188,0.996132689246089,1.79641431936618,NA,2.80445998593655,1.16822728667962,4.44069268519349,0.235725080741673,0.985056460250374,1.91741201791309,NA,0.842221875,0.748425,0.93601875,0.18759375,0.0497329606610264,0.0497329606610264,NA,0.00704964,FALSE,NA,NA,NA,NA,0,FALSE
"isoComp_00160035","geneComp_00033160","ENST00000667557.1","SNHG26","normal","tumor","SNHG26","lncRNA","lncRNA",2.31393536119035,2.62139093583637,2.00647978654433,0.190365322086949,0.147721478552174,-0.383986656139596,NA,0.425254830008846,0.271379549734823,0.579130110282868,0.0443953723300386,0.0619629922952154,1.0660688112814,NA,0.192453125,0.0993375,0.28556875,0.18623125,1.12128138168532e-08,1.12128138168532e-08,NA,0.0144683,FALSE,NA,NA,NA,NA,0,FALSE
"isoComp_00160042","geneComp_00033160","ENST00000702192.1","SNHG26","normal","tumor","SNHG26","lncRNA","lncRNA",2.31393536119035,2.62139093583637,2.00647978654433,0.190365322086949,0.147721478552174,-0.383986656139596,NA,0.82371253179441,1.20745892892641,0.439966134662407,0.118908703499749,0.0571585087911999,-1.43598477312656,NA,0.330203125,0.45255625,0.20785,-0.24470625,6.47892711681359e-08,1.12128138168532e-08,NA,0.0225015,FALSE,NA,NA,NA,NA,0,FALSE
"isoComp_00160086","geneComp_00033163","ENST00000475947.7","SNHG29","normal","tumor","SNHG29","lncRNA","lncRNA",1031.74495951126,891.890575006383,1171.59934401615,66.6613015065688,87.9471026545266,0.393536805218205,NA,281.720016923572,307.115581240948,256.324452606197,24.7731007488286,18.1064228082425,-0.260801285974828,NA,0.2826,0.3442,0.221,-0.1232,1.0503701587737e-09,1.0503701587737e-09,NA,0.0668312,FALSE,NA,NA,NA,NA,1,FALSE
"isoComp_00160128","geneComp_00033163","ENST00000667979.2","SNHG29","normal","tumor","SNHG29","lncRNA","lncRNA",1031.74495951126,891.890575006383,1171.59934401615,66.6613015065688,87.9471026545266,0.393536805218205,NA,161.16990526532,85.310381782358,237.029428748282,9.78674964835971,26.7191548392915,1.47416472818164,NA,0.145340625,0.09375,0.19693125,0.10318125,6.71482186931148e-07,1.0503701587737e-09,NA,0.0534286,FALSE,NA,NA,NA,NA,1,FALSE
"isoComp_00160574","geneComp_00033349","ENST00000468770.1","SNRPD3","normal","tumor","SNRPD3","protein_coding","retained_intron",100.152465037411,131.883105903263,68.4218241715585,17.0983177332474,3.08070454148976,-0.946629845818459,NA,26.2200328373004,28.7889752791562,23.6510903954447,1.32893479849316,0.899092995540385,-0.283500918589971,NA,0.298053125,0.24614375,0.3499625,0.10381875,0.00215069241114211,0.00215069241114211,NA,0.179867,FALSE,NA,NA,NA,NA,0,TRUE
"isoComp_00160922","geneComp_00033402","ENST00000325881.9","SNX22","normal","tumor","SNX22","protein_coding","protein_coding",18.1644607768208,20.8010125354892,15.5279090181523,2.88442644056188,2.13454723760856,-0.421554790303711,NA,9.06850641663241,12.061058310273,6.07595452299184,1.73910195925357,0.891875394891628,-0.987996709028744,NA,0.48321875,0.58013125,0.38630625,-0.193825,0.0286882651839315,0.021077176667601,FALSE,0.948964,TRUE,"yes","no","no","Cytoplasm,Lysosome_Vacuole",1,TRUE
"isoComp_00160925","geneComp_00033402","ENST00000560607.5","SNX22","normal","tumor","SNX22","protein_coding","retained_intron",18.1644607768208,20.8010125354892,15.5279090181523,2.88442644056188,2.13454723760856,-0.421554790303711,NA,4.76489695601689,4.46119212138477,5.068601790649,0.781477046874782,0.834191991561245,0.183771819789014,NA,0.2549125,0.2002625,0.3095625,0.1093,0.021077176667601,0.021077176667601,NA,0.780621,TRUE,NA,NA,NA,NA,1,TRUE
"isoComp_00160998","geneComp_00033415","ENST00000308527.6","SNX33","normal","tumor","SNX33","protein_coding","protein_coding",7.36177270125166,8.29855453805021,6.4249908644531,0.359064390132197,0.30956152996798,-0.368659408924678,NA,4.27966934497726,5.2689308262747,3.29040786367981,0.248059345842613,0.175163458257917,-0.677601438009822,NA,0.573565625,0.63496875,0.5121625,-0.12280625,0.00021680912354557,0.00021680912354557,FALSE,1,TRUE,"yes","yes","no","Cytoplasm,Lysosome_Vacuole",1,TRUE
"isoComp_00160999","geneComp_00033415","ENST00000569152.1","SNX33","normal","tumor","SNX33","protein_coding","protein_coding",7.36177270125166,8.29855453805021,6.4249908644531,0.359064390132197,0.30956152996798,-0.368659408924678,NA,3.0821033562744,3.02962371177551,3.1345830007733,0.162019107992037,0.168475221585736,0.0489759785638468,NA,0.426434375,0.36503125,0.4878375,0.12280625,0.000217745050454486,0.00021680912354557,NA,0.993204,TRUE,NA,NA,NA,NA,0,TRUE
"isoComp_00161100","geneComp_00033429","ENST00000500986.6","SOCS2-AS1","normal","tumor","SOCS2-AS1","lncRNA","lncRNA",1.6545254056081,1.23636791401539,2.07268289720082,0.11638443763522,0.213322087050509,0.740713197013477,NA,0.274741799069079,0.345458684366221,0.204024913771936,0.0376921922992665,0.0329113869874153,-0.731903137743138,NA,0.199084375,0.29553125,0.1026375,-0.19289375,0.000481981824374667,0.000481981824374667,NA,0.220189,FALSE,NA,NA,NA,NA,0,FALSE
"isoComp_00161648","geneComp_00033511","ENST00000227135.7","SPA17","normal","tumor","SPA17","protein_coding","protein_coding",6.6848470822783,6.82508719364011,6.54460697091649,0.396370799776198,0.411719476274567,-0.0604504663011482,NA,5.00347910270289,5.79915701014031,4.20780119526548,0.329031777784573,0.22865968854368,-0.461837727851217,NA,0.754690625,0.85386875,0.6555125,-0.19835625,0.00216560613221054,0.00216560613221054,FALSE,0.960881,TRUE,"yes","yes","no","Cytoplasm",1,TRUE
"isoComp_00161650","geneComp_00033511","ENST00000529498.1","SPA17","normal","tumor","SPA17","protein_coding","protein_coding_CDS_not_defined",6.6848470822783,6.82508719364011,6.54460697091649,0.396370799776198,0.411719476274567,-0.0604504663011482,NA,1.46111496704478,0.7858587945915,2.13637113949805,0.151126941363548,0.298659797892131,1.43131517297244,NA,0.211640625,0.11054375,0.3127375,0.20219375,0.013624890151128,0.00216560613221054,NA,0.144751,FALSE,NA,NA,NA,NA,0,TRUE
"isoComp_00161679","geneComp_00033520","ENST00000356311.10","SPACA9","normal","tumor","SPACA9","protein_coding","protein_coding",9.99222678222581,13.9158106837914,6.06864288066026,0.728344353515126,0.296458799470644,-1.19594014747404,NA,1.66977441570911,2.87297313460525,0.466575696812971,0.388985519793406,0.129328646038981,-2.59678010528752,NA,0.1399875,0.2041125,0.0758625,-0.12825,0.0332142034423854,0.0332142034423854,FALSE,0.992862,TRUE,"yes","yes","no","Cytoplasm",1,FALSE
"isoComp_00161680","geneComp_00033520","ENST00000372136.7","SPACA9","normal","tumor","SPACA9","protein_coding","protein_coding",9.99222678222581,13.9158106837914,6.06864288066026,0.728344353515126,0.296458799470644,-1.19594014747404,NA,4.82548559961356,5.96794657940992,3.6830246198172,0.553488699678834,0.204203415995556,-0.694847124343249,NA,0.51568125,0.42605,0.6053125,0.1792625,0.0343195656873905,0.0332142034423854,FALSE,0.960294,TRUE,"yes","yes","no","Cytoplasm",1,FALSE
"isoComp_00163408","geneComp_00033771","ENST00000215917.11","SRRD","normal","tumor","SRRD","protein_coding","protein_coding",18.2533586748753,18.5124408160037,17.9942765337468,0.771538684697019,0.990400873061287,-0.0409345950832582,NA,10.0917227508561,12.1913990393573,7.99204646235498,0.563512765316207,0.397403174625009,-0.60860566931815,NA,0.555215625,0.65840625,0.452025,-0.20638125,1.84824330659451e-06,1.84824330659451e-06,FALSE,0.999992,TRUE,"yes","yes","no","Cytoplasm",0,TRUE
"isoComp_00163410","geneComp_00033771","ENST00000477945.1","SRRD","normal","tumor","SRRD","protein_coding","retained_intron",18.2533586748753,18.5124408160037,17.9942765337468,0.771538684697019,0.990400873061287,-0.0409345950832582,NA,6.28324127436153,4.47150489974389,8.09497764897917,0.402200480150787,0.898189808876667,0.854824933256922,NA,0.340384375,0.2415875,0.43918125,0.19759375,0.0158899092219434,1.84824330659451e-06,NA,0.23799,FALSE,NA,NA,NA,NA,0,TRUE
"isoComp_00163586","geneComp_00033791","ENST00000244020.5","SRSF6","normal","tumor","SRSF6","protein_coding","protein_coding",101.146399017749,104.053747107637,98.2390509278609,2.94621480890967,3.23300362194653,-0.0829521853333387,NA,46.8537478122193,55.6430995097292,38.0643961147093,2.07426030105211,1.42634351724665,-0.547640883591684,NA,0.46355625,0.53593125,0.39118125,-0.14475,0.000131914480316794,0.000131914480316794,FALSE,0.976027,TRUE,"yes","yes","no","Nucleus",1,TRUE
"isoComp_00163587","geneComp_00033791","ENST00000483871.6","SRSF6","normal","tumor","SRSF6","protein_coding","nonsense_mediated_decay",101.146399017749,104.053747107637,98.2390509278609,2.94621480890967,3.23300362194653,-0.0829521853333387,NA,45.2987379114327,40.5678111035946,50.0296647192708,2.20886472790068,2.62280434997964,0.302381079420764,NA,0.447465625,0.38831875,0.5066125,0.11829375,0.0123565925402793,0.000131914480316794,TRUE,0.986818,TRUE,"yes","no","no","Cytoplasm,Nucleus",0,TRUE
"isoComp_00163776","geneComp_00033818","ENST00000242729.7","SSPN","normal","tumor","SSPN","protein_coding","protein_coding",10.8905994971642,16.8481707912576,4.93302820307074,1.10112230781574,0.462935478499346,-1.76998096094873,NA,2.91602454584704,5.16996048024201,0.66208861145207,0.346598634841033,0.113538964956207,-2.94621772848855,NA,0.221771875,0.31213125,0.1314125,-0.18071875,1.94081665645459e-06,1.94081665645459e-06,FALSE,0.996415,TRUE,"yes","yes","no","Cell_membrane",0,TRUE
"isoComp_00163777","geneComp_00033818","ENST00000422622.3","SSPN","normal","tumor","SSPN","protein_coding","protein_coding",10.8905994971642,16.8481707912576,4.93302820307074,1.10112230781574,0.462935478499346,-1.76998096094873,NA,7.26450599061998,10.8300298676134,3.69898211362655,0.902920333915165,0.380273159093043,-1.54727351611694,NA,0.688015625,0.63461875,0.7414125,0.10679375,0.0038463278225551,1.94081665645459e-06,FALSE,0.532636,TRUE,"yes","no","no","Cell_membrane,Lysosome_Vacuole",0,TRUE
"isoComp_00164920","geneComp_00033960","ENST00000287908.7","STEAP2","normal","tumor","STEAP2","protein_coding","protein_coding",5.06475297567929,6.00901295278,4.12049299857857,0.39861388111814,0.279322299914673,-0.543212935348643,NA,2.68430425974644,3.63876896678318,1.7298395527097,0.307607624115952,0.161111764844727,-1.06845553760341,NA,0.5103875,0.60125625,0.41951875,-0.1817375,0.0115493637017204,0.0042300151921352,FALSE,0.999984,TRUE,"yes","no","no","Cell_membrane",1,FALSE
"isoComp_00164922","geneComp_00033960","ENST00000394622.6","STEAP2","normal","tumor","STEAP2","protein_coding","protein_coding",5.06475297567929,6.00901295278,4.12049299857857,0.39861388111814,0.279322299914673,-0.543212935348643,NA,0.909489317345728,0.62985024408293,1.18912839060853,0.119870077934691,0.151754190379486,0.906179947010763,NA,0.198953125,0.10745625,0.29045,0.18299375,0.0042300151921352,0.0042300151921352,FALSE,0.999987,TRUE,"yes","no","no","Cell_membrane",1,FALSE
"isoComp_00165209","geneComp_00033996","ENST00000368619.3","STK32C","normal","tumor","STK32C","protein_coding","protein_coding",10.2457205191422,7.34095726165689,13.1504837766274,0.482770483204586,0.827520353843264,0.840208484246336,NA,3.21952070474864,3.14068734054551,3.29835406895177,0.167561658403454,0.143275933914642,0.0704470487160456,NA,0.3566375,0.44938125,0.26389375,-0.1854875,0.00893625356078446,0.00893625356078446,NA,0.288769,FALSE,NA,NA,NA,NA,0,TRUE
"isoComp_00166010","geneComp_00034094","ENST00000263688.4","SUCO","normal","tumor","SUCO","protein_coding","protein_coding",13.4306248466366,13.8829226692408,12.9783270240323,0.636078787257045,0.748256667830113,-0.0971345177646973,NA,7.51835462494776,6.41017998712329,8.62652926277224,0.324088534162268,0.459021206038063,0.427837913856979,NA,0.567353125,0.46430625,0.6704,0.20609375,8.4860612029363e-06,8.4860612029363e-06,FALSE,1,TRUE,"yes","yes","yes","Endoplasmic_reticulum",0,TRUE
"isoComp_00166596","geneComp_00034195","ENST00000412613.1","SYCP2","normal","tumor","SYCP2","protein_coding","protein_coding",1.51969934898883,1.62793171294974,1.41146698502793,0.175080998660112,0.175639597574957,-0.204494619409235,NA,0.353725243900744,0.54461375554588,0.162836732255609,0.0885859657472801,0.0546033908274024,-1.68207353865558,NA,0.207159375,0.30619375,0.108125,-0.19806875,0.00917836330738068,0.00917836330738068,NA,0.266882,FALSE,NA,NA,NA,NA,0,FALSE
"isoComp_00166601","geneComp_00034195","ENST00000476314.1","SYCP2","normal","tumor","SYCP2","protein_coding","protein_coding_CDS_not_defined",1.51969934898883,1.62793171294974,1.41146698502793,0.175080998660112,0.175639597574957,-0.204494619409235,NA,0.221896087512283,0.12896265921173,0.314829515812836,0.0265222754309719,0.0694538350783516,1.22498546268992,NA,0.141915625,0.06916875,0.2146625,0.14549375,0.0355444463177444,0.00917836330738068,NA,0.0785153,FALSE,NA,NA,NA,NA,0,FALSE
"isoComp_00166628","geneComp_00034201","ENST00000375754.9","SYK","normal","tumor","SYK","protein_coding","protein_coding",39.3002696650074,48.3373141518262,30.2632251781885,3.16230694407727,2.39498851784844,-0.675393363767911,NA,9.36336484170088,8.75249983068879,9.97422985271297,0.589157747854413,0.655576183981079,0.188308636449813,NA,0.27193125,0.19173125,0.35213125,0.1604,0.0167797241703146,0.0167797241703146,FALSE,1,TRUE,"yes","yes","no","Cytoplasm,Cell_membrane",0,TRUE
"isoComp_00166841","geneComp_00034226","ENST00000621525.4","SYNJ2BP-COX16","normal","tumor","SYNJ2BP-COX16","protein_coding","protein_coding",2.78585340657866,2.07935642021724,3.49235039294008,0.221258600593364,0.324886697636966,0.745264804929593,NA,2.23654645391198,1.54944936460698,2.92364354321697,0.183494116353149,0.289328088197155,0.911656875725735,NA,0.786490625,0.73534375,0.8376375,0.10229375,0.0498529387438872,0.0498529387438872,FALSE,0.997079,TRUE,"yes","no","no","Cytoplasm",0,TRUE
"isoComp_00166855","geneComp_00034231","ENST00000448416.6","SYNPO2","normal","tumor","SYNPO2","protein_coding","protein_coding",4.66785700356645,6.6324164016131,2.7032976055198,0.540033691805757,0.28613238770963,-1.29166086877615,NA,0.623084588936013,1.18203576907995,0.0641334087920816,0.0997241466944732,0.0261060861292798,-4.00715986605051,NA,0.11006875,0.18779375,0.03234375,-0.15545,0.00128655309512436,1.17203242699438e-09,FALSE,0.653076,TRUE,"yes","no","no","Cytoplasm",0,TRUE
"isoComp_00166858","geneComp_00034231","ENST00000627783.2","SYNPO2","normal","tumor","SYNPO2","protein_coding","protein_coding",4.66785700356645,6.6324164016131,2.7032976055198,0.540033691805757,0.28613238770963,-1.29166086877615,NA,1.48656638636124,1.89024031677343,1.08289245594904,0.217129199635085,0.150488535004666,-0.798030440440423,NA,0.327784375,0.27580625,0.3797625,0.10395625,1.17203242699438e-09,1.17203242699438e-09,FALSE,1,TRUE,"no","yes","no","Cytoplasm",0,TRUE
"isoComp_00166922","geneComp_00034242","ENST00000419593.5","SYS1-DBNDD2","normal","tumor","SYS1-DBNDD2","protein_coding","nonsense_mediated_decay",2.89704791029174,2.71328643815002,3.08080938243347,0.194694391439825,0.241745558279611,0.182635947950843,NA,1.7365604996945,1.14584224653965,2.32727875284935,0.227645981469847,0.259478493641143,1.01588529861409,NA,0.567453125,0.39065625,0.74425,0.35359375,0.0255038776477509,0.00730644490641138,TRUE,0.988561,TRUE,"yes","no","no","Endoplasmic_reticulum",0,TRUE
"isoComp_00166923","geneComp_00034242","ENST00000452133.1","SYS1-DBNDD2","normal","tumor","SYS1-DBNDD2","protein_coding","nonsense_mediated_decay",2.89704791029174,2.71328643815002,3.08080938243347,0.194694391439825,0.241745558279611,0.182635947950843,NA,0.955091940249769,1.36798641572653,0.542197464773012,0.148214485168864,0.150757828860611,-1.31930549652742,NA,0.355684375,0.52846875,0.1829,-0.34556875,0.00730644490641138,0.00730644490641138,NA,0.0816807,FALSE,NA,NA,NA,NA,0,TRUE
"isoComp_00167326","geneComp_00034300","ENST00000373824.9","TAF12","normal","tumor","TAF12","protein_coding","protein_coding",21.5489801705855,22.2376662833563,20.8602940578147,0.915431550489697,0.57661353833196,-0.0922030815328509,NA,10.4625243583097,9.19610407653789,11.7289446400814,0.361860538181444,0.405930940202338,0.350640054780752,NA,0.49175625,0.4206125,0.5629,0.1422875,0.0042027997488445,0.0042027997488445,FALSE,0.932445,TRUE,"yes","yes","no","Nucleus",0,TRUE
"isoComp_00169040","geneComp_00034525","ENST00000360000.8","TCEAL8","normal","tumor","TCEAL8","protein_coding","protein_coding",121.978575696507,125.94997556201,118.007175831004,3.10387019070723,2.98518657288758,-0.093968542731848,NA,22.6135490874042,29.7930019393351,15.4340962354733,1.45077036254138,0.806527249070195,-0.948402205849489,NA,0.18346875,0.2360625,0.130875,-0.1051875,3.22021140956346e-08,2.73900021281792e-13,FALSE,0.62898,TRUE,"yes","yes","no","Cytoplasm,Nucleus",1,FALSE
"isoComp_00169041","geneComp_00034525","ENST00000372685.8","TCEAL8","normal","tumor","TCEAL8","protein_coding","protein_coding",121.978575696507,125.94997556201,118.007175831004,3.10387019070723,2.98518657288758,-0.093968542731848,NA,65.5189784361946,60.7709720184453,70.2669848539439,1.41632928439377,1.82996035608055,0.209432548808672,NA,0.5395375,0.4833,0.595775,0.112475,2.73900021281792e-13,2.73900021281792e-13,FALSE,0.76756,TRUE,"yes","yes","no","Cytoplasm,Nucleus",1,FALSE
"isoComp_00169789","geneComp_00034618","ENST00000266304.9","TEF","normal","tumor","TEF","protein_coding","protein_coding",17.3024761140496,21.6850793072106,12.9198729208886,1.22604396428919,0.877377907587208,-0.746659764063492,NA,10.7584553703256,11.1554968656434,10.3614138750079,0.74725150856347,0.7477847324455,-0.106434870803366,NA,0.65783125,0.5146625,0.801,0.2863375,2.00071485405352e-06,2.00071485405352e-06,FALSE,0.999946,TRUE,"yes","yes","no","Nucleus",0,TRUE
"isoComp_00169790","geneComp_00034618","ENST00000406644.7","TEF","normal","tumor","TEF","protein_coding","protein_coding",17.3024761140496,21.6850793072106,12.9198729208886,1.22604396428919,0.877377907587208,-0.746659764063492,NA,6.54402074372399,10.5295824415672,2.55845904588075,0.756707790840083,0.249936341993328,-2.03684273605717,NA,0.34216875,0.4853375,0.199,-0.2863375,2.06673059542879e-06,2.00071485405352e-06,FALSE,0.999844,TRUE,"yes","yes","no","Nucleus",0,TRUE
"isoComp_00170693","geneComp_00034772","ENST00000405975.7","THADA","normal","tumor","THADA","protein_coding","protein_coding",13.9563346991784,18.4108497468293,9.50181965152751,0.736339036901588,0.449515728702292,-0.953546347646226,NA,6.41950233344315,7.2390337444693,5.599970922417,0.32428123855222,0.271724632755383,-0.369795411706325,NA,0.49495,0.39629375,0.59360625,0.1973125,6.67224904173167e-07,6.67224904173167e-07,FALSE,1,TRUE,"yes","no","no","Cytoplasm,Nucleus",0,TRUE
"isoComp_00170703","geneComp_00034772","ENST00000485353.5","THADA","normal","tumor","THADA","protein_coding","protein_coding_CDS_not_defined",13.9563346991784,18.4108497468293,9.50181965152751,0.736339036901588,0.449515728702292,-0.953546347646226,NA,1.92486707759567,3.48854364083669,0.36119051435465,0.376308042942107,0.139114222130276,-3.23652273946836,NA,0.108375,0.18415625,0.03259375,-0.1515625,0.000294112835882009,6.67224904173167e-07,NA,0.107094,FALSE,NA,NA,NA,NA,0,TRUE
"isoComp_00170742","geneComp_00034784","ENST00000407315.6","THAP4","normal","tumor","THAP4","protein_coding","protein_coding",57.0800603164317,73.1736058485166,40.9865147843468,7.64742774687349,4.92170823404201,-0.836019232980357,NA,18.7925158746957,19.4362166922497,18.1488150571417,0.809101315298702,0.87467226996908,-0.0988194392777598,NA,0.4104625,0.31756875,0.50335625,0.1857875,0.0353110852623627,0.0353110852623627,FALSE,1,TRUE,"yes","yes","no","Nucleus",0,TRUE
"isoComp_00170892","geneComp_00034811","ENST00000373921.8","THEMIS2","normal","tumor","THEMIS2","protein_coding","protein_coding",9.8604892290326,13.344182832496,6.3767956255692,1.2478155070675,1.02206189375039,-1.0641275066519,NA,3.16979257795254,3.64442800152256,2.69515715438252,0.348846253180233,0.328060432819373,-0.43393320135993,NA,0.364615625,0.27866875,0.4505625,0.17189375,5.19302073314685e-05,7.68377749744318e-06,FALSE,1,TRUE,"yes","yes","no","Cytoplasm",1,TRUE
"isoComp_00170894","geneComp_00034811","ENST00000373927.7","THEMIS2","normal","tumor","THEMIS2","protein_coding","protein_coding",9.8604892290326,13.344182832496,6.3767956255692,1.2478155070675,1.02206189375039,-1.0641275066519,NA,3.96271734998657,6.44181284966099,1.48362185031214,0.674501665970944,0.278590923070942,-2.11088965213229,NA,0.349528125,0.4794125,0.21964375,-0.25976875,7.68377749744318e-06,7.68377749744318e-06,FALSE,0.81271,TRUE,"yes","no","no","Cytoplasm",0,TRUE
"isoComp_00170901","geneComp_00034812","ENST00000231198.12","THG1L","normal","tumor","THG1L","protein_coding","protein_coding",14.4895358264245,13.2351881848064,15.7438834680425,0.542447856460904,0.791876037664949,0.250239167857977,NA,6.68210172865564,7.16740742972742,6.19679602758387,0.316147073809057,0.278986200309896,-0.209614082696781,NA,0.470178125,0.54356875,0.3967875,-0.14678125,9.49268631875447e-06,9.49268631875447e-06,FALSE,0.999174,TRUE,"yes","no","no","Cytoplasm",0,TRUE
"isoComp_00170902","geneComp_00034812","ENST00000521655.1","THG1L","normal","tumor","THG1L","protein_coding","nonsense_mediated_decay",14.4895358264245,13.2351881848064,15.7438834680425,0.542447856460904,0.791876037664949,0.250239167857977,NA,7.77840960572172,6.06127032516054,9.49554888628289,0.330831808133071,0.564341075284609,0.646771524883076,NA,0.5282875,0.456,0.600575,0.144575,9.49268631875447e-06,9.49268631875447e-06,TRUE,0.97446,TRUE,"yes","no","no","Cytoplasm,Mitochondrion",0,TRUE
"isoComp_00172339","geneComp_00035013","ENST00000457408.7","TMED4","normal","tumor","TMED4","protein_coding","protein_coding",193.658412266308,189.067031899915,198.249792632702,24.9043459200221,26.7435114124895,0.068418003831026,NA,94.7753276420829,72.6999363114549,116.850718972711,5.67795002138366,7.6043416932674,0.684565633543766,NA,0.53964375,0.4319375,0.64735,0.2154125,0.000186747107375797,1.51104293621132e-08,FALSE,0.998815,TRUE,"yes","no","yes","Endoplasmic_reticulum,Golgi_apparatus",0,TRUE
"isoComp_00172341","geneComp_00035013","ENST00000481238.1","TMED4","normal","tumor","TMED4","protein_coding","protein_coding",193.658412266308,189.067031899915,198.249792632702,24.9043459200221,26.7435114124895,0.068418003831026,NA,35.7947166901823,51.8753837942451,19.7140495861195,5.77584038095198,2.86864317385549,-1.39537240115154,NA,0.198109375,0.292325,0.10389375,-0.18843125,1.51104293621132e-08,1.51104293621132e-08,FALSE,0.985329,TRUE,"yes","no","yes","Endoplasmic_reticulum",0,TRUE
"isoComp_00173398","geneComp_00035177","ENST00000378733.9","TMEM240","normal","tumor","TMEM240","protein_coding","protein_coding",1.38196598306716,1.57533789283769,1.18859407329663,0.0995662578070388,0.0946588090535163,-0.403447218299277,NA,0.662673099807763,0.89153263440562,0.433813565209907,0.062999792851545,0.0450533514516706,-1.02242595210213,NA,0.46441875,0.571175,0.3576625,-0.2135125,0.0364160675724985,0.0364160675724985,FALSE,0.906854,TRUE,"yes","no","yes","Endoplasmic_reticulum,Lysosome_Vacuole",0,TRUE
"isoComp_00173399","geneComp_00035177","ENST00000624426.1","TMEM240","normal","tumor","TMEM240","protein_coding","protein_coding",1.38196598306716,1.57533789283769,1.18859407329663,0.0995662578070388,0.0946588090535163,-0.403447218299277,NA,0.719292883259396,0.68380525843207,0.754780508086723,0.0536298256511358,0.0677734674646494,0.140514978886397,NA,0.53558125,0.428825,0.6423375,0.2135125,0.0388829857949996,0.0364160675724985,NA,0.315396,FALSE,NA,NA,NA,NA,0,TRUE
"isoComp_00173419","geneComp_00035181","ENST00000257637.8","TMEM243","normal","tumor","TMEM243","protein_coding","protein_coding",46.5670706784004,56.846990347501,36.2871510092998,4.33000934115421,2.67819834105184,-0.64748141936342,NA,28.956200070118,31.4164488698313,26.4959512704047,2.55515894660774,2.24846560436864,-0.245662941164278,NA,0.64370625,0.55893125,0.72848125,0.16955,0.0212166989290638,0.011213985595572,NA,0.471232,FALSE,NA,NA,NA,NA,0,FALSE
"isoComp_00173482","geneComp_00035191","ENST00000556585.3","TMEM253","normal","tumor","TMEM253","protein_coding","protein_coding",3.00097863528815,4.39341861747122,1.60853865310508,0.318071980955354,0.172082633556881,-1.44393218306457,NA,0.977480242175326,1.83525551600174,0.119704968348908,0.212346883584371,0.0751594385307508,-3.83051495461875,NA,0.220878125,0.39564375,0.0461125,-0.34953125,0.00273891622463087,0.00273891622463087,FALSE,0.999509,TRUE,"no","yes","no","Cell_membrane",0,TRUE
"isoComp_00173483","geneComp_00035191","ENST00000673682.1","TMEM253","normal","tumor","TMEM253","protein_coding","nonsense_mediated_decay",3.00097863528815,4.39341861747122,1.60853865310508,0.318071980955354,0.172082633556881,-1.44393218306457,NA,0.678879950023014,0.839762401661729,0.517997498384298,0.0603224531285209,0.0480707593530486,-0.68652841779081,NA,0.274590625,0.20169375,0.3474875,0.14579375,0.00642594111622942,0.00273891622463087,TRUE,0.740835,TRUE,"no","no","no","Mitochondrion",0,TRUE
"isoComp_00174009","geneComp_00035281","ENST00000439587.6","TMEM8B","normal","tumor","TMEM8B","protein_coding","protein_coding",13.0083996188197,16.0879207364796,9.92887850115989,0.812142099665847,0.573752081255955,-0.695719383869098,NA,2.59058793898201,2.52982625072639,2.65134962723762,0.229873315336341,0.277717572979466,0.0674282470264217,NA,0.210765625,0.1573375,0.26419375,0.10685625,0.0233990288977,0.00760519207115622,FALSE,0.999999,TRUE,"yes","yes","no","Cell_membrane,Endoplasmic_reticulum",0,TRUE
"isoComp_00174014","geneComp_00035281","ENST00000650015.1","TMEM8B","normal","tumor","TMEM8B","protein_coding","protein_coding",13.0083996188197,16.0879207364796,9.92887850115989,0.812142099665847,0.573752081255955,-0.695719383869098,NA,1.69380031133226,2.7108927926642,0.676707830000319,0.300699224833408,0.137954518269414,-1.98631179455598,NA,0.119146875,0.1706,0.06769375,-0.10290625,0.00760519207115622,0.00760519207115622,FALSE,1,TRUE,"yes","yes","no","Cell_membrane,Golgi_apparatus",0,TRUE
"isoComp_00174596","geneComp_00035386","ENST00000618336.4","TNFSF8","normal","tumor","TNFSF8","protein_coding","protein_coding",1.70980058458008,1.64370388963879,1.77589727952136,0.242519209551918,0.337494093757841,0.110948172246329,NA,0.2145338008613,0.289609544165537,0.139458057557063,0.0501170856710379,0.0241850721823845,-1.00334290463833,NA,0.14443125,0.21199375,0.07686875,-0.135125,0.0378745716748001,0.0378745716748001,FALSE,0.664419,TRUE,"no","no","no","Cell_membrane,Lysosome_Vacuole",0,TRUE
"isoComp_00174955","geneComp_00035433","ENST00000490077.5","TNXB","normal","tumor","TNXB","protein_coding","retained_intron",10.7340525531585,18.4277051170769,3.04039998923998,4.03784874147148,0.326997331478258,-2.59558876304592,NA,6.72599686813482,12.5389252992252,0.913068437044413,2.87857874415622,0.18672962757029,-3.76498239117507,NA,0.46416875,0.6617625,0.266575,-0.3951875,0.0162342287216156,0.0162342287216156,NA,1,TRUE,NA,NA,NA,NA,0,TRUE
"isoComp_00175272","geneComp_00035487","ENST00000269305.9","TP53","normal","tumor","TP53","protein_coding","protein_coding",19.3968420880386,16.9255565283105,21.8681276477666,1.01183577906056,1.33550182400453,0.369433879338086,NA,5.56104229499761,1.99211993561118,9.12996465438403,0.459213583255643,1.47717091714361,2.19066018576371,NA,0.252853125,0.1182125,0.38749375,0.26928125,0.0156146105672608,0.00128655309512436,FALSE,1,TRUE,"yes","yes","no","Nucleus",0,TRUE
"isoComp_00175287","geneComp_00035487","ENST00000620739.4","TP53","normal","tumor","TP53","protein_coding","protein_coding",19.3968420880386,16.9255565283105,21.8681276477666,1.01183577906056,1.33550182400453,0.369433879338086,NA,12.3220654305883,13.5626378059571,11.0814930552196,0.911306190317904,0.721530618440342,-0.291247548371802,NA,0.665434375,0.7994,0.53146875,-0.26793125,0.00128655309512436,0.00128655309512436,FALSE,1,TRUE,"yes","yes","no","Nucleus",0,TRUE
"isoComp_00177394","geneComp_00035889","ENST00000389737.5","TRMT44","normal","tumor","TRMT44","protein_coding","protein_coding",8.73070022657627,11.463787011697,5.99761344145557,0.59276529636277,0.340041223863883,-0.933477751492174,NA,3.65180934796587,4.18343487177417,3.12018382415756,0.202199094595669,0.151596700682717,-0.421885065937984,NA,0.448053125,0.3701375,0.52596875,0.15583125,0.000695397006911554,1.08816141088943e-05,FALSE,1,TRUE,"yes","yes","no","Cytoplasm",0,TRUE
"isoComp_00177396","geneComp_00035889","ENST00000511149.1","TRMT44","normal","tumor","TRMT44","protein_coding","protein_coding_CDS_not_defined",8.73070022657627,11.463787011697,5.99761344145557,0.59276529636277,0.340041223863883,-0.933477751492174,NA,1.86180264928968,3.42985446036265,0.293750838216701,0.39612547463611,0.12007037712557,-3.50138723101439,NA,0.162196875,0.284675,0.03971875,-0.24495625,1.08816141088943e-05,1.08816141088943e-05,NA,0.272944,FALSE,NA,NA,NA,NA,0,TRUE
"isoComp_00178125","geneComp_00035970","ENST00000571914.1","TSPAN10","normal","tumor","TSPAN10","protein_coding","protein_coding_CDS_not_defined",1.68005379424975,2.10992387608715,1.25018371241236,0.13807203654327,0.0885001040643565,-0.750378391896563,NA,1.19028860780377,1.59942557282949,0.781151642778049,0.110306922531767,0.0712908070627328,-1.02451970889171,NA,0.68666875,0.7547875,0.61855,-0.1362375,0.0394366456962444,0.0339305796031538,NA,0.0604693,FALSE,NA,NA,NA,NA,0,TRUE
"isoComp_00178126","geneComp_00035970","ENST00000611590.2","TSPAN10","normal","tumor","TSPAN10","protein_coding","protein_coding",1.68005379424975,2.10992387608715,1.25018371241236,0.13807203654327,0.0885001040643565,-0.750378391896563,NA,0.4524811689974,0.468030709628246,0.436931628366554,0.034900349003789,0.0290015512745427,-0.0970491580409972,NA,0.291928125,0.2264125,0.35744375,0.13103125,0.0339305796031538,0.0339305796031538,FALSE,1,TRUE,"yes","no","no","Cell_membrane",0,TRUE
"isoComp_00180915","geneComp_00036391","ENST00000504818.5","UCHL1","normal","tumor","UCHL1","protein_coding","protein_coding_CDS_not_defined",11.1782301186388,9.86723257173214,12.4892276655454,1.15346210956165,2.58824008305232,0.339660167131041,NA,1.04206861304278,0.370777673660709,1.71335955242485,0.0816718635785279,0.358925749842995,2.17820293312924,NA,0.100753125,0.04785625,0.15365,0.10579375,0.000119217086792074,0.000119217086792074,NA,0.417901,FALSE,NA,NA,NA,NA,0,TRUE
"isoComp_00181559","geneComp_00036518","ENST00000442039.3","UQCC4","normal","tumor","UQCC4","protein_coding","protein_coding",18.4884455238643,15.9668764150526,21.010014632676,0.914027372797865,1.21132450650791,0.395778294187213,NA,13.5278843052915,10.5908845527289,16.4648840578541,0.578287174441754,0.946592227458094,0.636083661973554,NA,0.725521875,0.6658125,0.78523125,0.11941875,7.64965906435556e-05,7.64965906435556e-05,NA,0.489446,FALSE,NA,NA,NA,NA,0,TRUE
"isoComp_00181560","geneComp_00036518","ENST00000563974.1","UQCC4","normal","tumor","UQCC4","protein_coding","retained_intron",18.4884455238643,15.9668764150526,21.010014632676,0.914027372797865,1.21132450650791,0.395778294187213,NA,4.96056121857275,5.37599186232362,4.54513057482188,0.404661150575914,0.359360367547085,-0.241719639970198,NA,0.274478125,0.3341875,0.21476875,-0.11941875,8.23190396999548e-05,7.64965906435556e-05,NA,0.0549542,FALSE,NA,NA,NA,NA,1,TRUE
"isoComp_00181772","geneComp_00036552","ENST00000222305.8","USF2","normal","tumor","USF2","protein_coding","protein_coding",64.9239736608572,71.2862198613291,58.5617274603853,4.72626736693781,2.89082008836665,-0.283621142152083,NA,42.3788607695544,52.6011092584305,32.1566122806783,4.48628245405943,2.03939947259913,-0.709803465922704,NA,0.637484375,0.728925,0.54604375,-0.18288125,0.000217710163545363,1.1250936709289e-06,FALSE,1,TRUE,"yes","yes","no","Nucleus",0,TRUE
"isoComp_00181773","geneComp_00036552","ENST00000343550.9","USF2","normal","tumor","USF2","protein_coding","protein_coding",64.9239736608572,71.2862198613291,58.5617274603853,4.72626736693781,2.89082008836665,-0.283621142152083,NA,12.5712693117916,8.9391895222947,16.2033491012884,0.555523851687507,1.07046033466674,0.857353194484995,NA,0.204728125,0.13025625,0.2792,0.14894375,1.1250936709289e-06,1.1250936709289e-06,FALSE,0.999996,TRUE,"yes","yes","no","Nucleus",0,TRUE
"isoComp_00181812","geneComp_00036558","ENST00000264904.8","USO1","normal","tumor","USO1","protein_coding","protein_coding",48.1104202245827,41.7874951917602,54.4333452574051,1.50013032515428,1.90816721417547,0.381339227418195,NA,13.3109393468701,8.85315753883891,17.7687211549013,0.854486639492669,1.23037927845332,1.00425889116876,NA,0.26478125,0.20779375,0.32176875,0.113975,0.00412938178459256,0.00407227241851994,FALSE,1,TRUE,"yes","yes","no","Cytoplasm",0,FALSE
"isoComp_00181815","geneComp_00036558","ENST00000514213.7","USO1","normal","tumor","USO1","protein_coding","protein_coding",48.1104202245827,41.7874951917602,54.4333452574051,1.50013032515428,1.90816721417547,0.381339227418195,NA,34.4067178230465,32.5108635298753,36.3025721162178,0.999138846146328,1.1279452044449,0.159103557737315,NA,0.7263625,0.78145625,0.67126875,-0.1101875,0.00407227241851994,0.00407227241851994,FALSE,1,TRUE,"yes","yes","no","Cytoplasm",0,FALSE
"isoComp_00182195","geneComp_00036612","ENST00000605437.1","USP34-DT","normal","tumor","USP34-DT","lncRNA","lncRNA",5.9054416560691,8.02714763381744,3.78373567832076,0.508646179865426,0.340749937129303,-1.08306441783134,NA,1.05072819826031,1.8617632763522,0.239693120168422,0.21549444248681,0.0855980367859182,-2.90617001133454,NA,0.137275,0.2246875,0.0498625,-0.174825,0.0308778622406343,0.0308778622406343,NA,0.0153346,FALSE,NA,NA,NA,NA,0,TRUE
"isoComp_00182714","geneComp_00036685","ENST00000463370.5","VAPB","normal","tumor","VAPB","protein_coding","protein_coding_CDS_not_defined",41.2691647064296,36.2506466269137,46.2876827859455,1.6217743412532,2.66292961900201,0.352535335411077,NA,13.4498070195865,7.90888396245766,18.9907300767154,0.605666047467269,2.02467778144605,1.26268582777113,NA,0.30925,0.2174875,0.4010125,0.183525,0.00209850324946266,2.75360545965816e-12,NA,0.985015,TRUE,NA,NA,NA,NA,0,TRUE
"isoComp_00182715","geneComp_00036685","ENST00000475243.6","VAPB","normal","tumor","VAPB","protein_coding","protein_coding",41.2691647064296,36.2506466269137,46.2876827859455,1.6217743412532,2.66292961900201,0.352535335411077,NA,12.2955682446738,14.5975758039002,9.99356068544737,0.7957966268221,0.582151714744158,-0.54620316906996,NA,0.30984375,0.402275,0.2174125,-0.1848625,2.75360545965816e-12,2.75360545965816e-12,FALSE,0.98708,TRUE,"yes","no","no","Endoplasmic_reticulum",0,TRUE
"isoComp_00184132","geneComp_00036904","ENST00000335327.6","WASF3","normal","tumor","WASF3","protein_coding","protein_coding",15.51192380477,18.1715681887422,12.8522794207978,1.37690746085995,0.727389607161204,-0.499330303497718,NA,5.20644074049527,4.21362815539789,6.19925332559265,0.370612336454817,0.466647887050899,0.555936965427569,NA,0.360446875,0.23815625,0.4827375,0.24458125,2.56093350047292e-05,2.54523285320828e-05,FALSE,1,TRUE,"yes","yes","no","Cytoplasm",0,TRUE
"isoComp_00184133","geneComp_00036904","ENST00000361042.8","WASF3","normal","tumor","WASF3","protein_coding","protein_coding",15.51192380477,18.1715681887422,12.8522794207978,1.37690746085995,0.727389607161204,-0.499330303497718,NA,10.294986614113,13.9579400333443,6.63203319488165,1.25288885637214,0.472864160522724,-1.07242243224042,NA,0.63894375,0.76184375,0.51604375,-0.2458,2.54523285320828e-05,2.54523285320828e-05,FALSE,1,TRUE,"yes","yes","no","Cytoplasm",0,TRUE
"isoComp_00184177","geneComp_00036914","ENST00000642633.1","WASHC1","normal","tumor","WASHC1","protein_coding","protein_coding",6.17916402464537,6.76259776706844,5.59573028222231,0.456896478515982,0.291857077291542,-0.27280698359826,NA,0.782312124967546,1.31463803560207,0.249986214333023,0.135899400701475,0.0635982836590636,-2.34909115736846,NA,0.12021875,0.1968375,0.0436,-0.1532375,0.000188482101352727,0.000188482101352727,NA,0.0848811,FALSE,NA,NA,NA,NA,0,TRUE
"isoComp_00184933","geneComp_00037002","ENST00000484630.1","WDR86","normal","tumor","WDR86","protein_coding","retained_intron",15.9191471504639,27.7451495084518,4.09314479247594,2.33047189060359,0.677876032829903,-2.7579534941638,NA,7.46254896610066,13.7065548596761,1.21854307252523,1.38271144862293,0.255130656209054,-3.48089782585517,NA,0.37635625,0.48260625,0.27010625,-0.2125,0.0178947313096239,0.0178947313096239,NA,0.0713412,FALSE,NA,NA,NA,NA,0,FALSE
"isoComp_00186396","geneComp_00037239","ENST00000355499.9","YY1AP1","normal","tumor","YY1AP1","protein_coding","protein_coding",30.7047186065253,34.4583450001327,26.9510922129178,0.898578552207483,1.36243663237862,-0.354393086969965,NA,5.0414416831888,2.97512335182241,7.1077600145552,0.380070014129694,1.14072688345669,1.25363274310921,NA,0.168984375,0.0871625,0.25080625,0.16364375,0.0171640510451398,0.000815251265886153,FALSE,1,TRUE,"no","yes","no","Nucleus",0,FALSE
"isoComp_00186403","geneComp_00037239","ENST00000404643.5","YY1AP1","normal","tumor","YY1AP1","protein_coding","protein_coding",30.7047186065253,34.4583450001327,26.9510922129178,0.898578552207483,1.36243663237862,-0.354393086969965,NA,13.2209099239407,16.5022698347515,9.93955001312995,0.729503618666292,0.44452351778225,-0.730835268140359,NA,0.426515625,0.47711875,0.3759125,-0.10120625,0.0287520719952258,0.000815251265886153,FALSE,1,TRUE,"no","yes","no","Nucleus",0,FALSE
"isoComp_00187132","geneComp_00037359","ENST00000348579.6","ZDHHC1","normal","tumor","ZDHHC1","protein_coding","protein_coding",8.50150203391359,10.6848183647893,6.3181857030379,0.519424470039806,0.338008874446765,-0.757048138747603,NA,2.51113765873358,3.70932707916583,1.31294823830134,0.239137025919115,0.117628634577774,-1.49128500892257,NA,0.279146875,0.34885625,0.2094375,-0.13941875,0.00641775282276576,0.00641775282276576,FALSE,0.999999,TRUE,"yes","yes","no","Golgi_apparatus",1,TRUE
"isoComp_00187134","geneComp_00037359","ENST00000565726.3","ZDHHC1","normal","tumor","ZDHHC1","protein_coding","protein_coding",8.50150203391359,10.6848183647893,6.3181857030379,0.519424470039806,0.338008874446765,-0.757048138747603,NA,4.25998218476752,4.88758992995188,3.63237443958315,0.31534815143064,0.198340093365075,-0.42719274325055,NA,0.516090625,0.4560875,0.57609375,0.12000625,0.00774337580191958,0.00641775282276576,FALSE,1,TRUE,"yes","yes","no","Golgi_apparatus",0,TRUE
"isoComp_00187420","geneComp_00037392","ENST00000519523.5","ZFAND1","normal","tumor","ZFAND1","protein_coding","protein_coding",91.3464421162977,96.7419224552675,85.9509617773278,5.08449625777759,3.22999170084839,-0.170608703309712,NA,16.3616326008959,23.2428335452857,9.48043165650613,2.66355871109101,0.903923778154836,-1.29286091852138,NA,0.17400625,0.23661875,0.11139375,-0.125225,0.017482720919726,1.80740809810224e-06,FALSE,0.999629,TRUE,"yes","no","no","Cytoplasm",0,TRUE
"isoComp_00187427","geneComp_00037392","ENST00000521742.5","ZFAND1","normal","tumor","ZFAND1","protein_coding","protein_coding",91.3464421162977,96.7419224552675,85.9509617773278,5.08449625777759,3.22999170084839,-0.170608703309712,NA,10.8541404098637,5.97541410834784,15.7328667113795,0.554929993660996,1.41919977103033,1.39517530321779,NA,0.12185,0.062225,0.181475,0.11925,1.80740809810224e-06,1.80740809810224e-06,NA,0.0832926,FALSE,NA,NA,NA,NA,0,TRUE
"isoComp_00187445","geneComp_00037394","ENST00000413706.1","ZFAND2A-DT","normal","tumor","ZFAND2A-DT","lncRNA","lncRNA",2.23921648257459,2.4756181386386,2.00281482651059,0.140391851941184,0.088662969828761,-0.304390220240921,NA,0.327715451342507,0.209094281494882,0.446336621190133,0.0344855192261945,0.0467088174612909,1.05854660573541,NA,0.154,0.08598125,0.22201875,0.1360375,0.00176841585715444,0.00176841585715444,NA,0.00794794,FALSE,NA,NA,NA,NA,0,FALSE
"isoComp_00187617","geneComp_00037414","ENST00000301318.8","ZFP28","normal","tumor","ZFP28","protein_coding","protein_coding",4.0921537702004,4.022700583387,4.1616069570138,0.125222451537039,0.159594937510778,0.0488569418536678,NA,3.25031724987923,3.45603100262934,3.04460349712912,0.0957416801722221,0.086084259516997,-0.182299435902008,NA,0.798575,0.8613625,0.7357875,-0.125575,0.000116789921838496,0.000104510316355506,FALSE,1,TRUE,"yes","yes","no","Nucleus",0,TRUE
"isoComp_00187620","geneComp_00037414","ENST00000591844.5","ZFP28","normal","tumor","ZFP28","protein_coding","protein_coding",4.0921537702004,4.022700583387,4.1616069570138,0.125222451537039,0.159594937510778,0.0488569418536678,NA,0.64814984249885,0.404819200045641,0.89148048495206,0.0425183237100626,0.0707593178168733,1.11981358953621,NA,0.156603125,0.09951875,0.2136875,0.11416875,0.000104510316355506,0.000104510316355506,FALSE,0.999538,TRUE,"yes","yes","no","Nucleus",0,TRUE
"isoComp_00187624","geneComp_00037415","ENST00000590613.1","ZFP28-DT","normal","tumor","ZFP28-DT","lncRNA","lncRNA",1.55761757765754,1.94891624358567,1.16631891172942,0.201847638757027,0.15765812909899,-0.735776472180269,NA,0.681234823461781,0.996407155959023,0.366062490964538,0.0988379585459257,0.0641060840098631,-1.42016976340253,NA,0.438134375,0.5464125,0.32985625,-0.21655625,0.0368243935175982,0.0368243935175982,NA,0.00968265,FALSE,NA,NA,NA,NA,0,TRUE
"isoComp_00187891","geneComp_00037460","ENST00000403352.1","ZGLP1","normal","tumor","ZGLP1","protein_coding","protein_coding",1.50695842926491,1.74680729519905,1.26710956333078,0.192364046948935,0.0972777720713201,-0.460073651033905,NA,0.160993411598694,0.297679005835011,0.024307817362377,0.0484319348046972,0.0139430353183941,-3.1648167554459,NA,0.093853125,0.16810625,0.0196,-0.14850625,0.00335943403504329,0.00335943403504329,FALSE,0.915211,TRUE,"yes","yes","no","Nucleus",0,TRUE
"isoComp_00187993","geneComp_00037482","ENST00000457331.2","ZKSCAN7-AS1","normal","tumor","ZKSCAN7-AS1","lncRNA","lncRNA",2.09081886105788,2.13533325475618,2.04630446735958,0.140488527429971,0.139275854728689,-0.0611478790616092,NA,0.907011614796384,0.66238360574992,1.15163962384285,0.0873931314856091,0.102406589527655,0.788806116094077,NA,0.4366125,0.30845625,0.56476875,0.2563125,0.0133110844429624,0.0133110844429624,NA,0.101009,FALSE,NA,NA,NA,NA,0,FALSE
"isoComp_00187995","geneComp_00037482","ENST00000701041.1","ZKSCAN7-AS1","normal","tumor","ZKSCAN7-AS1","lncRNA","lncRNA",2.09081886105788,2.13533325475618,2.04630446735958,0.140488527429971,0.139275854728689,-0.0611478790616092,NA,0.839074975279328,1.11918005933776,0.558969891220894,0.119995956153781,0.0995309127519286,-0.988851341919803,NA,0.3917,0.51695,0.26645,-0.2505,0.0365774774159937,0.0133110844429624,NA,0.0130499,FALSE,NA,NA,NA,NA,0,FALSE
"isoComp_00188609","geneComp_00037572","ENST00000576863.1","ZNF213","normal","tumor","ZNF213","protein_coding","nonsense_mediated_decay",5.76115748176396,5.79386935595479,5.72844560757314,0.709075997412574,0.719163500073443,-0.0163550428980746,NA,0.698038763153773,0.398530432395571,0.997547093911974,0.065098705019676,0.114748020735782,1.30233181631427,NA,0.13121875,0.0767125,0.185725,0.1090125,0.014906509862464,0.014906509862464,TRUE,0.847476,TRUE,"yes","yes","no","Cytoplasm,Nucleus",0,TRUE
"isoComp_00188615","geneComp_00037573","ENST00000573447.2","ZNF213-AS1","normal","tumor","ZNF213-AS1","lncRNA","lncRNA",11.6093389881467,13.2480535259579,9.97062445033557,0.741988126545178,0.597304543853343,-0.409666994965139,NA,2.4820419602598,3.40728904031728,1.55679488020231,0.330221104155087,0.192860777239498,-1.12503595948105,NA,0.200053125,0.2503625,0.14974375,-0.10061875,0.00509806790669647,0.00204124214827915,NA,0.0370579,FALSE,NA,NA,NA,NA,1,TRUE
"isoComp_00188644","geneComp_00037573","ENST00000702474.1","ZNF213-AS1","normal","tumor","ZNF213-AS1","lncRNA","lncRNA",11.6093389881467,13.2480535259579,9.97062445033557,0.741988126545178,0.597304543853343,-0.409666994965139,NA,2.81141580302469,2.47300963395013,3.14982197209924,0.182230790421991,0.222186643599202,0.347753418532941,NA,0.254159375,0.188525,0.31979375,0.13126875,0.00204124214827915,0.00204124214827915,NA,0.0127537,FALSE,NA,NA,NA,NA,0,TRUE
"isoComp_00188766","geneComp_00037592","ENST00000586860.1","ZNF230-DT","normal","tumor","ZNF230-DT","lncRNA","lncRNA",2.58456481030172,2.47560249331058,2.69352712729286,0.158071199712148,0.210450381476365,0.121247238806742,NA,0.747057872146261,1.08670681096625,0.407408933326277,0.0678299739407678,0.0457058184646049,-1.39364451090489,NA,0.307428125,0.45526875,0.1595875,-0.29568125,0.00806053866669104,0.000721132609227804,NA,0.0746432,FALSE,NA,NA,NA,NA,0,FALSE
"isoComp_00188770","geneComp_00037592","ENST00000670660.1","ZNF230-DT","normal","tumor","ZNF230-DT","lncRNA","lncRNA",2.58456481030172,2.47560249331058,2.69352712729286,0.158071199712148,0.210450381476365,0.121247238806742,NA,1.71217181083024,1.2448390219147,2.17950459974579,0.136862741374015,0.198158066031456,0.80310218193739,NA,0.64190625,0.4846,0.7992125,0.3146125,0.000721132609227804,0.000721132609227804,NA,0.0900056,FALSE,NA,NA,NA,NA,0,FALSE
"isoComp_00188945","geneComp_00037620","ENST00000638208.3","ZNF271P","normal","tumor","ZNF271P","transcribed_unitary_pseudogene","processed_transcript",23.96090384986,24.5877462989247,23.3340614007952,0.728251775625168,0.626374108795269,-0.0754705556144456,NA,13.4726977496471,15.635872279998,11.3095232192962,0.658880783733511,0.526227839211847,-0.466968900324862,NA,0.56029375,0.6335625,0.487025,-0.1465375,0.006091455435618,0.006091455435618,NA,1,TRUE,NA,NA,NA,NA,0,TRUE
"isoComp_00188948","geneComp_00037620","ENST00000700899.1","ZNF271P","normal","tumor","ZNF271P","transcribed_unitary_pseudogene","processed_transcript",23.96090384986,24.5877462989247,23.3340614007952,0.728251775625168,0.626374108795269,-0.0754705556144456,NA,2.33528241108973,0.727483273412019,3.94308154876744,0.212425973933839,0.640621032675332,2.42229548344927,NA,0.098228125,0.0310125,0.16544375,0.13443125,0.0120027471694222,0.006091455435618,NA,0.0902983,FALSE,NA,NA,NA,NA,0,TRUE
"isoComp_00189077","geneComp_00037643","ENST00000395825.4","ZNF287","normal","tumor","ZNF287","protein_coding","protein_coding",4.64576328962538,4.37382182445416,4.9177047547966,0.207672190751767,0.212861767422885,0.168726656269687,NA,0.905347370676133,1.23384394181586,0.576850799536403,0.0497867670434629,0.0347547622859412,-1.08373982442846,NA,0.205665625,0.289825,0.12150625,-0.16831875,0.000854380762893908,0.000854380762893908,FALSE,1,TRUE,"yes","yes","no","Nucleus",1,TRUE
"isoComp_00189172","geneComp_00037658","ENST00000299237.3","ZNF319","normal","tumor","ZNF319","protein_coding","protein_coding",6.51999450564658,7.11453238825139,5.92545662304177,0.331687576010727,0.286248632836406,-0.263436304688212,NA,5.60193729604038,5.78922505585143,5.41464953622934,0.276332424619592,0.248670037858255,-0.0963301932333422,NA,0.865521875,0.8151125,0.91593125,0.10081875,0.00462958010556154,0.00462958010556154,FALSE,1,TRUE,"yes","yes","no","Nucleus",0,TRUE
"isoComp_00189173","geneComp_00037658","ENST00000562909.1","ZNF319","normal","tumor","ZNF319","protein_coding","protein_coding",6.51999450564658,7.11453238825139,5.92545662304177,0.331687576010727,0.286248632836406,-0.263436304688212,NA,0.918057209606192,1.32530733239996,0.510807086812427,0.115410010846672,0.0725112065325663,-1.35835084370128,NA,0.134478125,0.1848875,0.08406875,-0.10081875,0.00538953867954763,0.00462958010556154,NA,0.0406201,FALSE,NA,NA,NA,NA,0,TRUE
"isoComp_00189682","geneComp_00037731","ENST00000535559.5","ZNF423","normal","tumor","ZNF423","protein_coding","protein_coding",2.07953371090089,2.85370939817583,1.30535802362594,0.139343307426847,0.0884101275131315,-1.12242956296604,NA,0.847418941106739,1.50214941436972,0.192688467843758,0.114402442562446,0.0409479214224133,-2.8992647855124,NA,0.341075,0.52610625,0.15604375,-0.3700625,4.87457154696848e-05,4.87457154696848e-05,FALSE,1,TRUE,"yes","yes","no","Nucleus",0,FALSE
"isoComp_00189765","geneComp_00037744","ENST00000335648.3","ZNF436-AS1","normal","tumor","ZNF436-AS1","lncRNA","lncRNA",8.36864432111083,12.0121648033659,4.72512383885577,0.894991152231029,0.509835995182702,-1.3442226397379,NA,1.04908654510785,0.990203747610929,1.10796934260478,0.0863518120703399,0.0965502995671458,0.160586710845861,NA,0.176971875,0.0874,0.26654375,0.17914375,0.00134228245849726,0.000105801858868761,NA,0.192282,FALSE,NA,NA,NA,NA,2,TRUE
"isoComp_00189769","geneComp_00037744","ENST00000518600.3","ZNF436-AS1","normal","tumor","ZNF436-AS1","lncRNA","lncRNA",8.36864432111083,12.0121648033659,4.72512383885577,0.894991152231029,0.509835995182702,-1.3442226397379,NA,1.87511004025224,3.32784630428594,0.422373776218546,0.307554537818203,0.115789497645166,-2.9485665950132,NA,0.180209375,0.2808875,0.07953125,-0.20135625,0.000105801858868761,0.000105801858868761,NA,0.030244,FALSE,NA,NA,NA,NA,0,TRUE
"isoComp_00189962","geneComp_00037779","ENST00000595962.6","ZNF480","normal","tumor","ZNF480","protein_coding","protein_coding",20.7488372154714,15.5573158034338,25.940358627509,1.82107142150081,2.20258913809683,0.737234267438142,NA,6.26989375499608,6.33009661249838,6.20969089749378,0.256228090389411,0.249034894712794,-0.0276619408628191,NA,0.354915625,0.44711875,0.2627125,-0.18440625,0.00697348924066751,0.00697348924066751,FALSE,1,TRUE,"yes","no","no","Nucleus",0,TRUE
"isoComp_00190031","geneComp_00037792","ENST00000595763.1","ZNF497","normal","tumor","ZNF497","protein_coding","protein_coding",1.7773663450928,1.83540229750181,1.71933039268379,0.129832668311308,0.133589066106288,-0.0937218323035618,NA,0.633346740547959,0.538638979335717,0.728054501760201,0.0601691060785918,0.0681927228901327,0.427870230819022,NA,0.350471875,0.28381875,0.417125,0.13330625,0.0284556355289683,0.0284556355289683,NA,0.0525612,FALSE,NA,NA,NA,NA,0,TRUE
"isoComp_00190316","geneComp_00037834","ENST00000597240.5","ZNF544","normal","tumor","ZNF544","protein_coding","protein_coding",31.4618074130795,27.7901530012817,35.1334618248772,2.78615250705968,2.2857010219992,0.338163488761421,NA,3.28986916484952,1.37092105904509,5.20881727065394,0.327623949152504,0.602064659082124,1.91809203929882,NA,0.0955625,0.0452125,0.1459125,0.1007,0.0494066930463766,6.19031320103284e-05,NA,0.086517,FALSE,NA,NA,NA,NA,0,TRUE
"isoComp_00190328","geneComp_00037834","ENST00000687789.1","ZNF544","normal","tumor","ZNF544","protein_coding","protein_coding",31.4618074130795,27.7901530012817,35.1334618248772,2.78615250705968,2.2857010219992,0.338163488761421,NA,8.89524041374433,10.7790319011462,7.01144892634243,1.23696123266871,0.492147221268834,-0.619724740905872,NA,0.298484375,0.391925,0.20504375,-0.18688125,6.19031320103284e-05,6.19031320103284e-05,FALSE,1,TRUE,"yes","yes","no","Nucleus",0,TRUE
"isoComp_00190708","geneComp_00037888","ENST00000560079.7","ZNF592","normal","tumor","ZNF592","protein_coding","protein_coding",7.68080112259282,8.04548431258443,7.3161179326012,0.580058666953023,0.289126650898306,-0.136922404287038,NA,6.18231973278107,7.10898346822222,5.25565599733991,0.613839257067686,0.311507440499522,-0.435057977094904,NA,0.7975625,0.87935625,0.71576875,-0.1635875,0.0209699224711164,0.0209699224711164,FALSE,1,TRUE,"yes","yes","no","Nucleus",0,TRUE
"isoComp_00191665","geneComp_00038061","ENST00000331410.10","ZNF789","normal","tumor","ZNF789","protein_coding","protein_coding",8.11830130013988,8.85832920727314,7.37827339300662,0.295169211254983,0.247111955102783,-0.263425074186392,NA,1.71333965541255,2.31080172587279,1.11587758495231,0.135382929217918,0.07902588675814,-1.04357329972245,NA,0.2077,0.26270625,0.15269375,-0.1100125,0.0178302855924376,0.0178302855924376,FALSE,1,TRUE,"yes","no","no","Nucleus",0,TRUE
"isoComp_00191674","geneComp_00038061","ENST00000488485.5","ZNF789","normal","tumor","ZNF789","protein_coding","retained_intron",8.11830130013988,8.85832920727314,7.37827339300662,0.295169211254983,0.247111955102783,-0.263425074186392,NA,2.633578476495,2.4601260785633,2.8070308744267,0.143836145171845,0.153557381122089,0.189590694830423,NA,0.331234375,0.2792375,0.38323125,0.10399375,0.0259956993120209,0.0178302855924376,NA,0.112659,FALSE,NA,NA,NA,NA,0,TRUE
"isoComp_00191954","geneComp_00038115","ENST00000223210.5","ZNF862","normal","tumor","ZNF862","protein_coding","protein_coding",10.7657073821806,10.6025293728027,10.9288853915585,0.501484656296437,0.58572411954333,0.0436971966331502,NA,3.65813459212706,4.24534562389822,3.0709235603559,0.183001588146792,0.156298903521805,-0.46591342531052,NA,0.34431875,0.40364375,0.28499375,-0.11865,0.000154837703013579,0.000154837703013579,FALSE,1,TRUE,"yes","yes","no","Nucleus",1,TRUE
"isoComp_00191955","geneComp_00038115","ENST00000460379.1","ZNF862","normal","tumor","ZNF862","protein_coding","protein_coding",10.7657073821806,10.6025293728027,10.9288853915585,0.501484656296437,0.58572411954333,0.0436971966331502,NA,3.83424373976778,3.0973491950497,4.57113828448587,0.236219884568228,0.366906145848134,0.5600217356247,NA,0.35151875,0.2892625,0.413775,0.1245125,0.0173376752529284,0.000154837703013579,NA,0.110706,FALSE,NA,NA,NA,NA,0,TRUE
"isoComp_00192028","geneComp_00038132","ENST00000596989.1","ZNF91","normal","tumor","ZNF91","protein_coding","protein_coding_CDS_not_defined",17.3157496975576,17.2783768407091,17.3531225544061,0.967696340018978,1.05010875597258,0.00622399836151315,NA,1.99079683876055,0.794602311669387,3.18699136585172,0.182049942901405,0.433665515525876,1.99036705979283,NA,0.115465625,0.0472375,0.18369375,0.13645625,0.000162038839892572,7.08515810285123e-07,NA,0.297443,FALSE,NA,NA,NA,NA,0,TRUE
"isoComp_00192037","geneComp_00038134","ENST00000343769.6","ZNF93","normal","tumor","ZNF93","protein_coding","protein_coding",11.8640255164333,18.3919835504654,5.33606748240115,2.19560976338994,0.769549567367601,-1.78331132913823,NA,3.96847944196524,4.95922051670446,2.97773836722602,0.324735742311508,0.300035097899806,-0.733965746559759,NA,0.466515625,0.309,0.62403125,0.31503125,0.00817962530411234,0.00211283027733147,FALSE,1,TRUE,"yes","no","no","Nucleus",0,TRUE
"isoComp_00192043","geneComp_00038134","ENST00000592245.1","ZNF93","normal","tumor","ZNF93","protein_coding","protein_coding_CDS_not_defined",11.8640255164333,18.3919835504654,5.33606748240115,2.19560976338994,0.769549567367601,-1.78331132913823,NA,7.36908026257434,13.0200307811223,1.71812974402639,1.97940249821886,0.458192650387755,-2.91455705109733,NA,0.463846875,0.6664,0.26129375,-0.40510625,0.00366615859251575,0.00211283027733147,NA,0.0735899,FALSE,NA,NA,NA,NA,0,TRUE
"isoComp_00192562","geneComp_00038217","ENST00000336332.5","ZXDC","normal","tumor","ZXDC","protein_coding","protein_coding",8.86143108310054,9.79365486325727,7.92920730294381,0.378888320574823,0.27827233454408,-0.304324727737972,NA,2.75224996685809,2.23225796270029,3.27224197101589,0.127503803973094,0.173303303866725,0.549729336154503,NA,0.32656875,0.2342875,0.41885,0.1845625,0.00115474872524809,0.000963352102526105,FALSE,1,TRUE,"yes","yes","no","Nucleus",0,TRUE
"isoComp_00192563","geneComp_00038217","ENST00000389709.8","ZXDC","normal","tumor","ZXDC","protein_coding","protein_coding",8.86143108310054,9.79365486325727,7.92920730294381,0.378888320574823,0.27827233454408,-0.304324727737972,NA,2.85912206872134,3.65838498026869,2.059859157174,0.193024573183375,0.12399034898879,-0.825612447744847,NA,0.316065625,0.37274375,0.2593875,-0.11335625,0.000963352102526105,0.000963352102526105,FALSE,1,TRUE,"yes","yes","no","Nucleus",0,TRUE
